CustomerID,last_purchase,Recency,Frequency,Monetary,R_score,F_score,M_score,RFM_score,RFM_segment,cluster_kmeans,cluster_label
12347,2011-12-07 15:52:00,2,7,4310.0,5,3,5,13,VIP / High value,2,VIP / High value
12348,2011-09-25 13:13:00,75,4,1797.24,2,2,4,8,Occasional,0,Occasional
12349,2011-11-21 09:51:00,19,1,1757.55,4,1,4,9,Occasional,0,Occasional
12350,2011-02-02 16:01:00,310,1,334.4,1,1,2,4,At risk / Low value,1,At risk / Low value
12352,2011-11-03 14:37:00,36,11,1545.41,3,4,4,11,Loyal,2,VIP / High value
12353,2011-05-19 17:47:00,204,1,89.0,1,1,1,3,At risk / Low value,1,At risk / Low value
12354,2011-04-21 13:11:00,232,1,1079.4,1,1,4,6,At risk / Low value,1,At risk / Low value
12355,2011-05-09 13:49:00,214,1,459.4,1,1,2,4,At risk / Low value,1,At risk / Low value
12356,2011-11-17 08:40:00,23,3,2811.43,4,2,5,11,Loyal,0,Occasional
12357,2011-11-06 16:07:00,33,1,6207.67,3,1,5,9,Occasional,0,Occasional
12358,2011-12-08 10:26:00,2,2,1168.06,5,1,4,10,Loyal,0,Occasional
12359,2011-12-02 11:21:00,8,6,6182.9800000000005,5,3,5,13,VIP / High value,2,VIP / High value
12360,2011-10-18 15:22:00,52,3,2662.06,3,2,5,10,Loyal,0,Occasional
12361,2011-02-25 13:51:00,287,1,189.9,1,1,1,3,At risk / Low value,1,At risk / Low value
12362,2011-12-06 15:40:00,3,13,5154.58,5,4,5,14,VIP / High value,2,VIP / High value
12363,2011-08-22 10:18:00,110,2,552.0,2,1,3,6,At risk / Low value,3,Occasional
12364,2011-12-02 10:22:00,8,4,1313.1,5,2,4,11,Loyal,0,Occasional
12365,2011-02-21 14:04:00,291,3,320.69,1,2,2,5,At risk / Low value,1,At risk / Low value
12367,2011-12-05 16:48:00,4,1,168.9,5,1,1,7,Occasional,3,Occasional
12370,2011-10-19 14:51:00,51,4,3541.94,3,2,5,10,Loyal,0,Occasional
12371,2011-10-26 10:16:00,45,2,1887.96,3,1,4,8,Occasional,0,Occasional
12372,2011-09-29 12:12:00,72,3,1298.04,2,2,4,8,Occasional,0,Occasional
12373,2011-02-01 13:10:00,311,1,364.6,1,1,2,4,At risk / Low value,1,At risk / Low value
12374,2011-11-14 15:37:00,25,1,742.9300000000001,4,1,3,8,Occasional,3,Occasional
12375,2011-12-07 11:27:00,3,3,455.42,5,2,2,9,Occasional,3,Occasional
12377,2011-01-28 15:45:00,315,2,1628.12,1,1,4,6,At risk / Low value,1,At risk / Low value
12378,2011-08-02 10:34:00,130,1,4008.62,2,1,5,8,Occasional,0,Occasional
12379,2011-09-19 10:09:00,82,3,850.29,2,2,3,7,Occasional,0,Occasional
12380,2011-11-18 11:27:00,22,5,2720.56,4,3,5,12,Loyal,0,Occasional
12381,2011-12-05 12:44:00,5,6,1803.96,5,3,4,12,Loyal,0,Occasional
12383,2011-06-08 08:02:00,185,6,1839.31,1,3,4,8,Occasional,0,Occasional
12384,2011-11-11 08:39:00,29,3,566.16,4,2,3,9,Occasional,0,Occasional
12386,2011-01-06 12:37:00,338,2,401.9,1,1,2,4,At risk / Low value,1,At risk / Low value
12388,2011-11-24 12:30:00,16,6,2780.66,4,3,5,12,Loyal,0,Occasional
12390,2011-09-21 09:33:00,80,1,549.84,2,1,3,6,At risk / Low value,3,Occasional
12391,2011-11-18 12:07:00,22,1,439.66,4,1,2,7,Occasional,3,Occasional
12393,2011-09-28 15:41:00,72,4,1582.6000000000001,2,2,4,8,Occasional,0,Occasional
12394,2011-10-07 08:08:00,64,2,1272.48,3,1,4,8,Occasional,0,Occasional
12395,2011-11-24 12:20:00,16,15,2998.28,4,4,5,13,VIP / High value,2,VIP / High value
12397,2011-11-04 09:52:00,36,2,2409.9,3,1,5,9,Occasional,0,Occasional
12398,2011-10-25 10:27:00,46,1,1635.6599999999999,3,1,4,8,Occasional,0,Occasional
12399,2011-08-12 13:15:00,119,4,1108.65,2,2,4,8,Occasional,0,Occasional
12401,2011-02-09 13:50:00,303,1,84.3,1,1,1,3,At risk / Low value,1,At risk / Low value
12402,2011-01-20 13:49:00,323,1,225.6,1,1,1,3,At risk / Low value,1,At risk / Low value
12403,2011-10-21 11:00:00,50,2,409.7,3,1,2,6,At risk / Low value,3,Occasional
12405,2011-07-14 08:52:00,149,1,1710.39,2,1,4,7,Occasional,3,Occasional
12406,2011-11-17 19:22:00,22,3,3280.75,4,2,5,11,Loyal,0,Occasional
12407,2011-10-21 10:11:00,50,5,1708.1200000000001,3,3,4,10,Loyal,0,Occasional
12408,2011-11-07 12:30:00,33,9,2842.57,3,4,5,12,Loyal,2,VIP / High value
12409,2011-09-22 10:38:00,79,7,11056.93,2,3,5,10,Loyal,2,VIP / High value
12410,2011-02-11 15:47:00,301,3,681.0799999999999,1,2,3,6,At risk / Low value,1,At risk / Low value
12412,2011-09-26 10:16:00,75,3,1226.88,2,2,4,8,Occasional,0,Occasional
12413,2011-10-04 09:00:00,67,5,694.15,3,3,3,9,Occasional,0,Occasional
12414,2011-05-06 14:51:00,217,3,562.41,1,2,3,6,At risk / Low value,1,At risk / Low value
12415,2011-11-15 14:22:00,24,26,123725.45,4,4,5,13,VIP / High value,2,VIP / High value
12417,2011-12-06 14:52:00,3,12,3578.8,5,4,5,14,VIP / High value,2,VIP / High value
12418,2011-08-19 11:08:00,113,1,668.58,2,1,3,6,At risk / Low value,3,Occasional
12420,2011-10-07 08:55:00,64,1,600.39,3,1,3,7,Occasional,3,Occasional
12421,2011-11-24 09:07:00,16,5,806.27,4,3,3,10,Loyal,0,Occasional
12422,2011-09-05 09:48:00,96,3,803.5600000000001,2,2,3,7,Occasional,0,Occasional
12423,2011-12-09 10:10:00,1,9,1849.11,5,4,4,13,VIP / High value,0,Occasional
12424,2011-06-30 12:06:00,163,2,1760.96,2,1,4,7,Occasional,0,Occasional
12425,2011-09-22 17:31:00,78,1,777.2,2,1,3,6,At risk / Low value,3,Occasional
12426,2011-05-29 12:26:00,195,1,582.73,1,1,3,5,At risk / Low value,1,At risk / Low value
12427,2011-11-28 10:48:00,12,5,708.37,4,3,3,10,Loyal,0,Occasional
12428,2011-11-14 08:22:00,26,12,7877.2,4,4,5,13,VIP / High value,2,VIP / High value
12429,2011-11-30 17:22:00,9,4,3750.4,5,2,5,12,Loyal,0,Occasional
12430,2011-10-27 15:09:00,43,1,256.4,3,1,2,6,At risk / Low value,3,Occasional
12431,2011-11-04 11:55:00,36,18,6348.89,3,4,5,12,Loyal,2,VIP / High value
12432,2011-10-28 11:43:00,43,5,5059.32,3,3,5,11,Loyal,0,Occasional
12433,2011-12-09 10:02:00,1,7,13375.87,5,3,5,13,VIP / High value,2,VIP / High value
12434,2011-09-16 12:38:00,85,4,765.19,2,2,3,7,Occasional,0,Occasional
12435,2011-09-21 09:06:00,80,2,7829.89,2,1,5,8,Occasional,0,Occasional
12436,2011-09-01 12:09:00,100,1,509.01,2,1,3,6,At risk / Low value,3,Occasional
12437,2011-12-08 11:35:00,2,19,4896.66,5,4,5,14,VIP / High value,2,VIP / High value
12438,2011-11-25 13:28:00,14,2,2906.85,4,1,5,10,Loyal,0,Occasional
12441,2010-12-08 10:45:00,367,1,173.55,1,1,1,3,At risk / Low value,1,At risk / Low value
12442,2011-12-06 14:22:00,3,1,172.06,5,1,1,7,Occasional,3,Occasional
12444,2011-11-18 13:23:00,21,5,5005.46,4,3,5,12,Loyal,0,Occasional
12445,2011-11-17 18:43:00,22,1,133.4,4,1,1,6,At risk / Low value,3,Occasional
12446,2011-10-13 12:50:00,58,1,1002.3100000000001,3,1,4,8,Occasional,3,Occasional
12447,2011-04-10 13:25:00,243,1,476.49,1,1,2,4,At risk / Low value,1,At risk / Low value
12448,2011-10-26 13:46:00,44,1,449.45,3,1,2,6,At risk / Low value,3,Occasional
12449,2011-11-17 13:46:00,22,4,4067.29,4,2,5,11,Loyal,0,Occasional
12450,2011-07-06 14:41:00,156,2,197.88,2,1,1,4,At risk / Low value,3,Occasional
12451,2011-11-29 08:40:00,11,6,8933.52,5,3,5,13,VIP / High value,2,VIP / High value
12452,2011-11-23 10:28:00,17,3,428.57,4,2,2,8,Occasional,3,Occasional
12453,2011-07-28 14:08:00,134,1,707.09,2,1,3,6,At risk / Low value,3,Occasional
12454,2011-10-17 15:07:00,53,2,5.684341886080802e-14,3,1,1,5,At risk / Low value,3,Occasional
12455,2011-09-27 15:31:00,73,6,2466.86,2,3,5,10,Loyal,0,Occasional
12456,2011-10-26 14:41:00,44,4,3153.89,3,2,5,10,Loyal,0,Occasional
12457,2011-10-12 13:46:00,58,12,1917.78,3,4,4,11,Loyal,2,VIP / High value
12458,2011-09-29 15:25:00,71,2,947.4,2,1,4,7,Occasional,0,Occasional
12461,2011-09-06 16:57:00,94,2,826.88,2,1,3,6,At risk / Low value,3,Occasional
12462,2011-12-07 14:02:00,2,4,1124.01,5,2,4,11,Loyal,0,Occasional
12463,2011-10-24 13:43:00,46,7,1303.63,3,3,4,10,Loyal,0,Occasional
12464,2011-11-29 13:33:00,10,8,1212.05,5,4,4,13,VIP / High value,0,Occasional
12465,2011-12-02 11:34:00,8,3,733.89,5,2,3,10,Loyal,0,Occasional
12468,2011-07-19 13:42:00,143,3,724.0400000000001,2,2,3,7,Occasional,0,Occasional
12471,2011-12-07 15:43:00,2,49,18705.52,5,4,5,14,VIP / High value,2,VIP / High value
12472,2011-11-09 11:33:00,31,13,6229.48,4,4,5,13,VIP / High value,2,VIP / High value
12473,2011-11-10 13:48:00,29,9,2837.73,4,4,5,13,VIP / High value,2,VIP / High value
12474,2011-11-22 14:39:00,17,30,7064.7699999999995,4,4,5,13,VIP / High value,2,VIP / High value
12475,2011-10-17 10:10:00,54,1,723.38,3,1,3,7,Occasional,3,Occasional
12476,2011-12-08 14:08:00,1,20,6546.58,5,4,5,14,VIP / High value,2,VIP / High value
12477,2011-11-17 09:51:00,23,9,13117.01,4,4,5,13,VIP / High value,2,VIP / High value
12478,2011-12-06 09:56:00,4,1,680.99,5,1,3,9,Occasional,3,Occasional
12479,2011-12-06 09:25:00,4,3,477.3,5,2,2,9,Occasional,3,Occasional
12480,2011-11-11 14:52:00,28,4,3281.63,4,2,5,11,Loyal,0,Occasional
12481,2011-11-17 08:29:00,23,11,5574.36,4,4,5,13,VIP / High value,2,VIP / High value
12483,2011-11-22 17:03:00,17,13,2327.13,4,4,5,13,VIP / High value,2,VIP / High value
12484,2011-11-07 11:37:00,33,8,4480.87,3,4,5,12,Loyal,2,VIP / High value
12488,2011-11-30 08:50:00,10,3,1298.66,5,2,4,11,Loyal,0,Occasional
12489,2011-01-07 13:13:00,336,1,334.93,1,1,2,4,At risk / Low value,1,At risk / Low value
12490,2011-12-04 16:07:00,5,10,5417.93,5,4,5,14,VIP / High value,2,VIP / High value
12491,2011-11-01 12:18:00,39,1,460.40000000000003,3,1,2,6,At risk / Low value,3,Occasional
12492,2011-10-07 15:15:00,63,2,263.21000000000004,3,1,2,6,At risk / Low value,3,Occasional
12493,2011-06-27 10:17:00,166,3,416.79,2,2,2,6,At risk / Low value,1,At risk / Low value
12494,2011-11-30 09:21:00,10,13,1139.3500000000001,5,4,4,13,VIP / High value,2,VIP / High value
12497,2011-09-19 12:29:00,82,1,1043.1,2,1,4,7,Occasional,3,Occasional
12498,2011-11-18 12:53:00,21,3,403.70000000000005,4,2,2,8,Occasional,3,Occasional
12500,2011-11-16 16:20:00,23,13,4206.27,4,4,5,13,VIP / High value,2,VIP / High value
12501,2011-01-28 13:54:00,315,2,2089.68,1,1,5,7,Occasional,1,At risk / Low value
12502,2011-09-05 11:52:00,96,5,3723.87,2,3,5,10,Loyal,0,Occasional
12504,2011-11-21 16:02:00,18,4,114.0,4,2,1,7,Occasional,3,Occasional
12506,2011-04-21 08:54:00,233,1,73.5,1,1,1,3,At risk / Low value,1,At risk / Low value
12507,2011-07-28 17:09:00,134,4,1258.06,2,2,4,8,Occasional,0,Occasional
12508,2011-11-13 15:37:00,26,2,397.88,4,1,2,7,Occasional,3,Occasional
12509,2011-02-28 14:45:00,284,1,176.5,1,1,1,3,At risk / Low value,1,At risk / Low value
12510,2011-07-20 10:15:00,143,2,982.5699999999999,2,1,4,7,Occasional,0,Occasional
12512,2011-10-04 14:55:00,66,2,132.18,3,1,1,5,At risk / Low value,3,Occasional
12513,2011-09-16 12:45:00,85,2,586.79,2,1,3,6,At risk / Low value,3,Occasional
12514,2011-03-17 16:38:00,267,1,1017.68,1,1,4,6,At risk / Low value,1,At risk / Low value
12515,2010-12-21 15:43:00,353,1,383.7,1,1,2,4,At risk / Low value,1,At risk / Low value
12516,2011-09-23 09:13:00,78,2,1312.06,2,1,4,7,Occasional,0,Occasional
12517,2011-11-11 14:04:00,28,6,2443.65,4,3,5,12,Loyal,0,Occasional
12518,2011-12-09 10:13:00,1,5,2056.89,5,3,5,13,VIP / High value,0,Occasional
12519,2011-10-07 09:26:00,64,1,330.84,3,1,2,6,At risk / Low value,3,Occasional
12520,2011-09-21 15:23:00,79,6,2582.51,2,3,5,10,Loyal,0,Occasional
12521,2011-07-20 10:51:00,143,1,599.68,2,1,3,6,At risk / Low value,3,Occasional
12522,2011-10-31 15:30:00,39,2,192.72,3,1,1,5,At risk / Low value,3,Occasional
12523,2011-12-08 11:46:00,2,13,1745.57,5,4,4,13,VIP / High value,2,VIP / High value
12524,2011-11-30 15:31:00,9,8,4485.72,5,4,5,14,VIP / High value,2,VIP / High value
12526,2011-12-09 12:09:00,1,3,1316.66,5,2,4,11,Loyal,0,Occasional
12527,2011-09-19 11:55:00,82,3,348.71000000000004,2,2,2,6,At risk / Low value,3,Occasional
12528,2011-11-30 14:40:00,9,8,1922.28,5,4,4,13,VIP / High value,0,Occasional
12530,2011-10-11 12:34:00,60,5,1623.63,3,3,4,10,Loyal,0,Occasional
12531,2011-11-25 11:12:00,15,1,125.22,4,1,1,6,At risk / Low value,3,Occasional
12532,2011-11-09 13:47:00,30,1,349.83000000000004,4,1,2,7,Occasional,3,Occasional
12534,2011-08-01 10:26:00,131,1,1089.18,2,1,4,7,Occasional,3,Occasional
12535,2011-09-09 08:48:00,92,2,716.35,2,1,3,6,At risk / Low value,3,Occasional
12536,2011-12-02 12:43:00,8,5,4106.82,5,3,5,13,VIP / High value,0,Occasional
12538,2011-11-10 17:16:00,29,1,363.95,4,1,2,7,Occasional,3,Occasional
12539,2011-11-17 13:30:00,22,5,3852.5,4,3,5,12,Loyal,0,Occasional
12540,2011-11-20 11:31:00,20,19,13309.039999999999,4,4,5,13,VIP / High value,2,VIP / High value
12541,2011-11-10 10:40:00,30,3,981.18,4,2,4,10,Loyal,0,Occasional
12544,2011-11-10 11:12:00,30,2,355.7,4,1,2,7,Occasional,3,Occasional
12545,2011-09-25 13:39:00,75,2,1000.39,2,1,4,7,Occasional,0,Occasional
12546,2011-10-24 12:09:00,47,3,1141.5,3,2,4,9,Occasional,0,Occasional
12547,2011-05-26 12:38:00,198,2,207.79999999999998,1,1,1,3,At risk / Low value,1,At risk / Low value
12548,2011-06-26 15:35:00,166,1,95.19999999999999,2,1,1,4,At risk / Low value,1,At risk / Low value
12550,2011-09-21 14:35:00,79,1,964.83,2,1,4,7,Occasional,3,Occasional
12551,2010-12-17 11:23:00,358,1,168.0,1,1,1,3,At risk / Low value,1,At risk / Low value
12552,2011-11-01 10:02:00,39,2,437.82,3,1,2,6,At risk / Low value,3,Occasional
12553,2011-12-01 16:38:00,8,14,3652.25,5,4,5,14,VIP / High value,2,VIP / High value
12556,2011-10-20 13:06:00,50,2,599.56,3,1,3,7,Occasional,3,Occasional
12557,2011-11-23 16:59:00,16,5,11990.960000000001,4,3,5,12,Loyal,2,VIP / High value
12558,2011-12-08 10:14:00,2,2,1.0658141036401503e-14,5,1,1,7,Occasional,3,Occasional
12559,2011-02-02 09:49:00,311,3,536.21,1,2,3,6,At risk / Low value,1,At risk / Low value
12560,2011-12-04 13:54:00,5,4,2101.39,5,2,5,12,Loyal,0,Occasional
12561,2011-02-10 11:39:00,303,1,238.85,1,1,1,3,At risk / Low value,1,At risk / Low value
12562,2011-12-01 17:20:00,8,7,3781.7400000000002,5,3,5,13,VIP / High value,2,VIP / High value
12564,2011-03-23 14:55:00,261,1,456.9,1,1,2,4,At risk / Low value,1,At risk / Low value
12565,2011-03-03 11:43:00,282,2,131.17,1,1,1,3,At risk / Low value,1,At risk / Low value
12566,2011-09-28 09:57:00,73,2,346.7,2,1,2,5,At risk / Low value,3,Occasional
12567,2011-11-17 11:02:00,23,11,9114.94,4,4,5,13,VIP / High value,2,VIP / High value
12569,2011-12-07 16:24:00,2,35,4064.9900000000002,5,4,5,14,VIP / High value,2,VIP / High value
12571,2011-10-31 10:19:00,40,2,519.61,3,1,3,7,Occasional,3,Occasional
12572,2011-12-01 09:20:00,9,3,1004.72,5,2,4,11,Loyal,0,Occasional
12573,2011-04-26 15:52:00,227,1,160.54000000000002,1,1,1,3,At risk / Low value,1,At risk / Low value
12574,2011-01-28 09:20:00,316,1,218.45,1,1,1,3,At risk / Low value,1,At risk / Low value
12576,2011-11-04 10:11:00,36,6,1306.98,3,3,4,10,Loyal,0,Occasional
12577,2011-11-04 13:28:00,35,4,564.2,3,2,3,8,Occasional,0,Occasional
12578,2011-11-18 13:30:00,21,4,2753.36,4,2,5,11,Loyal,0,Occasional
12579,2011-09-27 13:57:00,73,3,410.72,2,2,2,6,At risk / Low value,3,Occasional
12580,2011-04-07 10:24:00,247,1,415.7,1,1,2,4,At risk / Low value,1,At risk / Low value
12581,2011-10-31 08:56:00,40,1,197.71,3,1,1,5,At risk / Low value,3,Occasional
12582,2011-04-15 08:45:00,239,2,511.36,1,1,3,5,At risk / Low value,1,At risk / Low value
12583,2011-12-07 08:07:00,3,18,7187.34,5,4,5,14,VIP / High value,2,VIP / High value
12584,2011-12-06 09:35:00,4,18,1893.95,5,4,4,13,VIP / High value,2,VIP / High value
12585,2011-04-19 13:39:00,234,4,1982.81,1,2,4,7,Occasional,1,At risk / Low value
12586,2011-11-22 16:24:00,17,2,179.94000000000003,4,1,1,6,At risk / Low value,3,Occasional
12587,2011-12-02 12:47:00,8,1,144.0,5,1,1,7,Occasional,3,Occasional
12588,2011-10-31 15:01:00,39,1,214.89999999999998,3,1,1,5,At risk / Low value,3,Occasional
12589,2011-11-11 10:19:00,29,2,646.68,4,1,3,8,Occasional,3,Occasional
12590,2011-06-02 14:25:00,190,3,9861.38,1,2,5,8,Occasional,0,Occasional
12591,2011-01-26 14:35:00,317,1,452.84999999999997,1,1,2,4,At risk / Low value,1,At risk / Low value
12592,2011-09-08 15:04:00,92,2,437.6,2,1,2,5,At risk / Low value,3,Occasional
12593,2011-08-23 12:43:00,109,3,418.09999999999997,2,2,2,6,At risk / Low value,3,Occasional
12594,2011-11-02 12:20:00,38,11,3320.2200000000003,3,4,5,12,Loyal,2,VIP / High value
12596,2011-10-19 13:02:00,51,2,618.27,3,1,3,7,Occasional,3,Occasional
12597,2011-11-20 13:33:00,19,5,3683.13,4,3,5,12,Loyal,0,Occasional
12598,2011-11-30 12:18:00,10,9,3002.68,5,4,5,14,VIP / High value,2,VIP / High value
12599,2011-11-10 13:34:00,29,7,1032.58,4,3,4,11,Loyal,0,Occasional
12600,2011-11-11 10:29:00,29,11,2581.04,4,4,5,13,VIP / High value,2,VIP / High value
12601,2011-06-03 10:17:00,190,6,569.5600000000001,1,3,3,7,Occasional,0,Occasional
12602,2011-10-12 11:22:00,59,1,153.12,3,1,1,5,At risk / Low value,3,Occasional
12603,2011-11-18 10:42:00,22,1,739.1999999999999,4,1,3,8,Occasional,3,Occasional
12604,2011-09-21 14:08:00,79,2,254.18,2,1,2,5,At risk / Low value,3,Occasional
12607,2011-10-12 16:17:00,58,2,3.552713678800501e-15,3,1,1,5,At risk / Low value,3,Occasional
12609,2011-09-22 16:34:00,78,3,1126.85,2,2,4,8,Occasional,0,Occasional
12610,2011-11-17 09:34:00,23,7,2057.99,4,3,5,12,Loyal,0,Occasional
12611,2011-10-18 13:12:00,52,1,1193.32,3,1,4,8,Occasional,3,Occasional
12612,2011-10-13 12:12:00,58,2,643.59,3,1,3,7,Occasional,3,Occasional
12613,2011-11-08 13:30:00,31,6,3218.98,4,3,5,12,Loyal,0,Occasional
12614,2011-03-07 10:22:00,278,1,315.6,1,1,2,4,At risk / Low value,1,At risk / Low value
12615,2011-12-07 15:02:00,2,4,2291.19,5,2,5,12,Loyal,0,Occasional
12616,2011-09-15 17:02:00,85,5,657.25,2,3,3,8,Occasional,0,Occasional
12617,2011-11-10 14:39:00,29,1,352.98,4,1,2,7,Occasional,3,Occasional
12618,2011-11-18 11:10:00,22,1,177.31,4,1,1,6,At risk / Low value,3,Occasional
12619,2011-11-23 14:52:00,16,13,3214.81,4,4,5,13,VIP / High value,2,VIP / High value
12620,2011-11-25 10:20:00,15,3,1339.41,4,2,4,10,Loyal,0,Occasional
12621,2011-12-08 11:25:00,2,23,13612.07,5,4,5,14,VIP / High value,2,VIP / High value
12622,2011-04-21 16:39:00,232,1,180.1,1,1,1,3,At risk / Low value,1,At risk / Low value
12623,2011-03-08 13:50:00,276,1,305.1,1,1,2,4,At risk / Low value,1,At risk / Low value
12624,2011-08-25 15:04:00,106,2,641.13,2,1,3,6,At risk / Low value,3,Occasional
12625,2011-05-12 09:54:00,212,3,2614.32,1,2,5,8,Occasional,0,Occasional
12626,2011-11-16 16:06:00,23,13,6388.35,4,4,5,13,VIP / High value,2,VIP / High value
12627,2011-11-29 12:07:00,11,7,4478.53,5,3,5,13,VIP / High value,2,VIP / High value
12628,2011-12-05 13:15:00,4,4,769.61,5,2,3,10,Loyal,0,Occasional
12630,2011-11-30 10:48:00,10,2,1270.88,5,1,4,10,Loyal,0,Occasional
12631,2011-10-13 13:53:00,57,1,640.5,3,1,3,7,Occasional,3,Occasional
12633,2011-10-12 11:40:00,59,5,2140.63,3,3,5,11,Loyal,0,Occasional
12635,2011-09-11 11:04:00,90,2,1689.18,2,1,4,7,Occasional,0,Occasional
12637,2011-10-03 13:46:00,67,10,5934.25,3,4,5,12,Loyal,2,VIP / High value
12638,2011-11-06 13:11:00,33,1,671.69,3,1,3,7,Occasional,3,Occasional
12639,2011-04-15 12:48:00,239,1,486.1,1,1,3,5,At risk / Low value,1,At risk / Low value
12640,2011-11-16 11:52:00,24,3,1174.58,4,2,4,10,Loyal,0,Occasional
12641,2011-08-16 13:26:00,115,1,185.9,2,1,1,4,At risk / Low value,3,Occasional
12642,2011-11-14 15:03:00,25,3,1013.26,4,2,4,10,Loyal,0,Occasional
12643,2011-08-03 12:56:00,128,6,3344.64,2,3,5,10,Loyal,0,Occasional
12644,2011-08-02 10:33:00,130,1,477.91,2,1,2,5,At risk / Low value,3,Occasional
12645,2011-11-06 12:38:00,34,5,1755.38,3,3,4,10,Loyal,0,Occasional
12646,2011-12-05 10:14:00,5,2,1346.97,5,1,4,10,Loyal,0,Occasional
12647,2011-11-17 12:56:00,22,13,3669.92,4,4,5,13,VIP / High value,2,VIP / High value
12648,2011-07-08 11:55:00,155,1,318.05,2,1,2,5,At risk / Low value,3,Occasional
12649,2011-08-24 14:41:00,107,4,603.71,2,2,3,7,Occasional,0,Occasional
12650,2011-12-06 16:34:00,3,1,314.44,5,1,2,8,Occasional,3,Occasional
12651,2011-01-09 12:46:00,335,1,114.0,1,1,1,3,At risk / Low value,1,At risk / Low value
12652,2011-01-21 17:01:00,322,2,914.53,1,1,3,5,At risk / Low value,1,At risk / Low value
12653,2011-07-14 10:41:00,149,2,2209.85,2,1,5,8,Occasional,0,Occasional
12654,2011-11-29 10:10:00,11,5,601.98,5,3,3,11,Loyal,0,Occasional
12656,2011-11-22 13:42:00,17,8,3982.72,4,4,5,13,VIP / High value,2,VIP / High value
12657,2011-11-28 15:47:00,11,5,1152.06,5,3,4,12,Loyal,0,Occasional
12658,2011-11-21 10:22:00,19,1,686.05,4,1,3,8,Occasional,3,Occasional
12659,2011-11-10 11:53:00,30,1,91.68,4,1,1,6,At risk / Low value,3,Occasional
12660,2011-11-28 13:26:00,11,1,245.1,5,1,2,8,Occasional,3,Occasional
12662,2011-12-09 11:59:00,1,12,3817.08,5,4,5,14,VIP / High value,2,VIP / High value
12664,2011-12-01 17:07:00,8,10,4863.88,5,4,5,14,VIP / High value,2,VIP / High value
12665,2011-01-19 08:34:00,325,2,61.75,1,1,1,3,At risk / Low value,1,At risk / Low value
12667,2011-10-12 17:00:00,58,1,620.13,3,1,3,7,Occasional,3,Occasional
12668,2011-12-02 15:10:00,7,6,3743.18,5,3,5,13,VIP / High value,0,Occasional
12669,2011-07-12 09:54:00,151,4,1607.73,2,2,4,8,Occasional,0,Occasional
12670,2011-11-29 15:23:00,10,6,2986.15,5,3,5,13,VIP / High value,0,Occasional
12672,2011-01-14 09:20:00,330,1,225.89999999999998,1,1,1,3,At risk / Low value,1,At risk / Low value
12673,2011-12-04 13:55:00,5,2,610.52,5,1,3,9,Occasional,3,Occasional
12674,2011-11-28 12:22:00,12,7,1922.26,4,3,4,11,Loyal,0,Occasional
12676,2011-11-15 12:25:00,25,6,1331.39,4,3,4,11,Loyal,0,Occasional
12678,2011-10-28 13:04:00,42,13,17588.26,3,4,5,12,Loyal,2,VIP / High value
12679,2011-10-18 13:43:00,52,9,1058.67,3,4,4,11,Loyal,0,Occasional
12680,2011-12-09 12:50:00,1,4,862.81,5,2,3,10,Loyal,0,Occasional
12681,2011-11-25 11:35:00,15,27,13677.59,4,4,5,13,VIP / High value,2,VIP / High value
12682,2011-12-06 10:00:00,4,31,12279.82,5,4,5,14,VIP / High value,2,VIP / High value
12683,2011-12-05 16:31:00,4,20,8221.09,5,4,5,14,VIP / High value,2,VIP / High value
12684,2011-12-02 09:53:00,8,7,2283.63,5,3,5,13,VIP / High value,0,Occasional
12685,2011-11-11 13:46:00,28,6,2863.08,4,3,5,12,Loyal,0,Occasional
12686,2010-12-03 09:51:00,372,1,89.14,1,1,1,3,At risk / Low value,1,At risk / Low value
12688,2011-08-18 08:49:00,114,1,4873.8099999999995,2,1,5,8,Occasional,0,Occasional
12689,2011-11-14 08:31:00,26,2,1247.61,4,1,4,9,Occasional,0,Occasional
12690,2011-05-18 09:09:00,206,1,389.01,1,1,2,4,At risk / Low value,1,At risk / Low value
12691,2011-11-11 16:49:00,28,6,1035.8,4,3,4,11,Loyal,0,Occasional
12693,2011-08-11 09:16:00,121,6,830.96,2,3,3,8,Occasional,0,Occasional
12694,2011-09-30 13:06:00,70,2,869.67,3,1,3,7,Occasional,0,Occasional
12695,2011-12-02 13:22:00,7,4,582.1,5,2,3,10,Loyal,0,Occasional
12697,2011-11-18 16:17:00,21,5,939.02,4,3,4,11,Loyal,0,Occasional
12700,2011-12-02 10:49:00,8,6,4867.99,5,3,5,13,VIP / High value,2,VIP / High value
12701,2011-09-21 10:47:00,80,2,797.71,2,1,3,6,At risk / Low value,3,Occasional
12702,2011-11-20 10:36:00,20,1,219.0,4,1,1,6,At risk / Low value,3,Occasional
12703,2011-10-06 19:23:00,64,2,274.7,3,1,2,6,At risk / Low value,3,Occasional
12704,2011-12-02 13:15:00,7,10,2220.84,5,4,5,14,VIP / High value,2,VIP / High value
12705,2011-11-24 13:17:00,15,14,6814.24,4,4,5,13,VIP / High value,2,VIP / High value
12707,2011-02-21 08:38:00,292,1,603.42,1,1,3,5,At risk / Low value,1,At risk / Low value
12708,2011-11-10 09:52:00,30,16,2616.32,4,4,5,13,VIP / High value,2,VIP / High value
12709,2011-12-06 16:42:00,3,26,9264.1,5,4,5,14,VIP / High value,2,VIP / High value
12710,2011-09-04 12:00:00,97,4,1130.57,2,2,4,8,Occasional,0,Occasional
12712,2011-11-17 09:15:00,23,17,4241.63,4,4,5,13,VIP / High value,2,VIP / High value
12713,2011-12-09 12:16:00,1,1,848.55,5,1,3,9,Occasional,3,Occasional
12714,2011-11-30 15:43:00,9,5,4708.86,5,3,5,13,VIP / High value,0,Occasional
12715,2011-08-25 15:22:00,106,1,343.36,2,1,2,5,At risk / Low value,3,Occasional
12716,2011-12-06 08:55:00,4,2,1053.49,5,1,4,10,Loyal,0,Occasional
12717,2011-07-11 14:51:00,151,3,980.98,2,2,4,8,Occasional,0,Occasional
12718,2011-09-29 16:38:00,71,1,238.25,2,1,1,4,At risk / Low value,3,Occasional
12719,2011-12-04 13:45:00,5,3,608.1,5,2,3,10,Loyal,0,Occasional
12720,2011-12-07 08:03:00,3,29,5713.28,5,4,5,14,VIP / High value,2,VIP / High value
12721,2011-11-08 12:13:00,32,7,2628.98,3,3,5,11,Loyal,0,Occasional
12722,2011-09-15 14:50:00,85,6,904.33,2,3,3,8,Occasional,0,Occasional
12723,2011-12-06 10:19:00,4,5,725.07,5,3,3,11,Loyal,0,Occasional
12724,2011-12-04 16:02:00,5,4,1031.41,5,2,4,11,Loyal,0,Occasional
12725,2010-12-03 15:45:00,371,1,427.8,1,1,2,4,At risk / Low value,1,At risk / Low value
12726,2011-11-11 13:35:00,28,7,2609.1,4,3,5,12,Loyal,0,Occasional
12727,2011-11-29 11:46:00,11,9,3947.7,5,4,5,14,VIP / High value,2,VIP / High value
12728,2011-09-29 15:31:00,71,4,836.33,2,2,3,7,Occasional,0,Occasional
12729,2011-08-18 11:40:00,114,1,453.01,2,1,2,5,At risk / Low value,3,Occasional
12731,2011-11-16 11:59:00,24,14,18793.41,4,4,5,13,VIP / High value,2,VIP / High value
12732,2011-06-13 11:33:00,180,1,236.26000000000002,1,1,1,3,At risk / Low value,1,At risk / Low value
12733,2011-04-19 16:19:00,234,1,383.95,1,1,2,4,At risk / Low value,1,At risk / Low value
12734,2010-12-22 12:47:00,353,1,110.39999999999999,1,1,1,3,At risk / Low value,1,At risk / Low value
12735,2011-01-28 13:37:00,315,2,779.5699999999999,1,1,3,5,At risk / Low value,1,At risk / Low value
12736,2011-01-11 07:57:00,333,1,234.0,1,1,1,3,At risk / Low value,1,At risk / Low value
12738,2010-12-02 18:27:00,372,1,155.35,1,1,1,3,At risk / Low value,1,At risk / Low value
12739,2011-09-22 13:00:00,78,2,1013.04,2,1,4,7,Occasional,0,Occasional
12740,2011-10-07 10:44:00,64,1,427.6,3,1,2,6,At risk / Low value,3,Occasional
12743,2011-07-28 16:21:00,134,2,540.13,2,1,3,6,At risk / Low value,3,Occasional
12744,2011-10-19 11:18:00,52,10,9120.39,3,4,5,12,Loyal,2,VIP / High value
12747,2011-12-07 14:34:00,2,11,4196.01,5,4,5,14,VIP / High value,2,VIP / High value
12748,2011-12-09 12:20:00,1,224,28405.56,5,4,5,14,VIP / High value,2,VIP / High value
12749,2011-12-06 09:56:00,4,8,3868.2,5,4,5,14,VIP / High value,2,VIP / High value
12750,2011-08-03 09:13:00,129,1,275.88,2,1,2,5,At risk / Low value,3,Occasional
12752,2011-09-19 13:32:00,81,1,4366.78,2,1,5,8,Occasional,0,Occasional
12753,2011-12-06 11:40:00,4,11,21024.01,5,4,5,14,VIP / High value,2,VIP / High value
12754,2011-04-18 09:00:00,236,5,2949.12,1,3,5,9,Occasional,0,Occasional
12755,2011-04-04 10:12:00,250,4,2203.2,1,2,5,8,Occasional,1,At risk / Low value
12756,2011-09-14 09:31:00,87,1,112.07999999999998,2,1,1,4,At risk / Low value,3,Occasional
12757,2011-11-24 12:30:00,16,19,4205.25,4,4,5,13,VIP / High value,2,VIP / High value
12758,2011-08-15 10:22:00,117,2,2791.59,2,1,5,8,Occasional,0,Occasional
12759,2011-10-18 14:49:00,52,3,1531.44,3,2,4,9,Occasional,0,Occasional
12762,2011-12-02 10:23:00,8,2,1898.52,5,1,4,10,Loyal,0,Occasional
12763,2011-07-24 14:12:00,138,2,494.08,2,1,3,6,At risk / Low value,3,Occasional
12764,2011-01-27 10:19:00,317,1,1693.88,1,1,4,6,At risk / Low value,1,At risk / Low value
12766,2011-12-06 08:46:00,4,7,6989.63,5,3,5,13,VIP / High value,2,VIP / High value
12769,2011-04-15 10:25:00,239,1,1143.6,1,1,4,6,At risk / Low value,1,At risk / Low value
12770,2011-05-13 09:33:00,211,1,1351.45,1,1,4,6,At risk / Low value,1,At risk / Low value
12772,2011-10-11 09:19:00,60,1,892.47,3,1,3,7,Occasional,3,Occasional
12775,2011-11-22 16:33:00,17,6,1351.24,4,3,4,11,Loyal,0,Occasional
12778,2011-11-20 11:39:00,20,7,804.23,4,3,3,10,Loyal,0,Occasional
12779,2011-11-18 17:10:00,21,12,3868.7,4,4,5,13,VIP / High value,2,VIP / High value
12781,2011-11-18 15:45:00,21,5,707.72,4,3,3,10,Loyal,0,Occasional
12782,2011-12-05 09:16:00,5,6,2273.32,5,3,5,13,VIP / High value,0,Occasional
12783,2011-12-07 15:56:00,2,8,1603.87,5,4,4,13,VIP / High value,0,Occasional
12784,2011-11-30 15:38:00,9,2,532.8199999999999,5,1,3,9,Occasional,3,Occasional
12785,2011-12-07 12:46:00,3,2,305.71,5,1,2,8,Occasional,3,Occasional
12787,2011-11-30 08:44:00,10,3,463.66,5,2,2,9,Occasional,3,Occasional
12789,2011-10-05 13:34:00,65,1,91.85,3,1,1,5,At risk / Low value,3,Occasional
12790,2011-05-31 14:14:00,192,1,324.92,1,1,2,4,At risk / Low value,1,At risk / Low value
12791,2010-12-01 11:27:00,374,1,192.60000000000002,1,1,1,3,At risk / Low value,1,At risk / Low value
12792,2011-03-28 11:36:00,257,1,400.53999999999996,1,1,2,4,At risk / Low value,1,At risk / Low value
12793,2011-01-09 12:12:00,335,2,545.48,1,1,3,5,At risk / Low value,1,At risk / Low value
12794,2011-10-17 14:54:00,53,2,860.41,3,1,3,7,Occasional,0,Occasional
12795,2011-11-21 10:27:00,19,1,430.48,4,1,2,7,Occasional,3,Occasional
12797,2010-12-14 16:24:00,360,3,194.18,1,2,1,4,At risk / Low value,1,At risk / Low value
12798,2011-11-29 15:52:00,10,3,6977.04,5,2,5,12,Loyal,0,Occasional
12802,2011-06-09 09:44:00,184,2,412.58,1,1,2,4,At risk / Low value,1,At risk / Low value
12808,2011-11-03 10:05:00,37,3,483.65000000000003,3,2,3,8,Occasional,3,Occasional
12809,2011-06-24 15:15:00,168,2,484.36,2,1,3,6,At risk / Low value,1,At risk / Low value
12811,2011-03-24 09:42:00,261,3,514.85,1,2,3,6,At risk / Low value,1,At risk / Low value
12812,2011-10-26 09:54:00,45,1,229.64000000000001,3,1,1,5,At risk / Low value,3,Occasional
12814,2011-08-30 12:11:00,102,1,125.92,2,1,1,4,At risk / Low value,3,Occasional
12815,2011-07-15 10:21:00,148,2,1063.46,2,1,4,7,Occasional,0,Occasional
12816,2011-09-05 12:41:00,96,2,572.2,2,1,3,6,At risk / Low value,3,Occasional
12817,2011-03-03 16:28:00,281,1,166.04,1,1,1,3,At risk / Low value,1,At risk / Low value
12818,2011-06-14 13:54:00,178,2,1517.88,1,1,4,6,At risk / Low value,0,Occasional
12820,2011-12-06 15:12:00,3,4,942.34,5,2,4,11,Loyal,0,Occasional
12821,2011-05-09 15:51:00,214,1,92.72,1,1,1,3,At risk / Low value,1,At risk / Low value
12822,2011-09-30 10:04:00,71,3,918.98,2,2,4,8,Occasional,0,Occasional
12823,2011-09-26 07:35:00,75,5,1759.5,2,3,4,9,Occasional,0,Occasional
12824,2011-10-11 12:49:00,60,1,397.12,3,1,2,6,At risk / Low value,3,Occasional
12826,2011-12-07 10:25:00,3,8,1468.1200000000001,5,4,4,13,VIP / High value,0,Occasional
12827,2011-12-04 12:17:00,6,3,430.15000000000003,5,2,2,9,Occasional,3,Occasional
12828,2011-12-07 08:45:00,3,6,1018.71,5,3,4,12,Loyal,0,Occasional
12829,2011-01-21 12:56:00,322,3,253.05,1,2,2,5,At risk / Low value,1,At risk / Low value
12830,2011-11-02 11:54:00,38,7,6748.4,3,3,5,11,Loyal,2,VIP / High value
12831,2011-03-22 13:02:00,262,1,215.05,1,1,1,3,At risk / Low value,1,At risk / Low value
12832,2011-11-07 13:30:00,32,2,383.03,3,1,2,6,At risk / Low value,3,Occasional
12833,2011-07-17 13:46:00,145,1,417.38,2,1,2,5,At risk / Low value,3,Occasional
12834,2011-03-02 09:49:00,283,1,312.38,1,1,2,4,At risk / Low value,1,At risk / Low value
12836,2011-10-11 15:10:00,59,4,2610.36,3,2,5,10,Loyal,0,Occasional
12837,2011-06-19 16:07:00,173,1,134.1,2,1,1,4,At risk / Low value,1,At risk / Low value
12838,2011-11-06 12:20:00,34,2,671.95,3,1,3,7,Occasional,3,Occasional
12839,2011-12-07 12:33:00,3,16,5583.62,5,4,5,14,VIP / High value,2,VIP / High value
12840,2011-07-19 09:29:00,144,6,2714.27,2,3,5,10,Loyal,0,Occasional
12841,2011-12-05 11:13:00,5,26,3845.63,5,4,5,14,VIP / High value,2,VIP / High value
12842,2011-09-30 15:33:00,70,2,1118.99,3,1,4,8,Occasional,0,Occasional
12843,2011-10-05 12:09:00,66,9,1680.76,3,4,4,11,Loyal,0,Occasional
12844,2011-11-10 13:31:00,29,2,325.96000000000004,4,1,2,7,Occasional,3,Occasional
12845,2011-03-17 13:34:00,267,4,354.09,1,2,2,5,At risk / Low value,1,At risk / Low value
12847,2011-11-17 13:16:00,22,1,843.64,4,1,3,8,Occasional,3,Occasional
12849,2011-11-08 13:41:00,31,2,1010.29,4,1,4,9,Occasional,0,Occasional
12851,2011-09-04 12:41:00,97,1,131.81,2,1,1,4,At risk / Low value,3,Occasional
12852,2011-02-22 14:56:00,290,2,299.75,1,1,2,4,At risk / Low value,1,At risk / Low value
12853,2011-08-24 11:00:00,108,9,1881.7,2,4,4,10,Loyal,0,Occasional
12854,2011-09-22 12:15:00,79,5,1280.9,2,3,4,9,Occasional,0,Occasional
12855,2010-12-02 09:37:00,373,1,38.1,1,1,1,3,At risk / Low value,1,At risk / Low value
12856,2011-12-02 10:52:00,8,8,2153.53,5,4,5,14,VIP / High value,0,Occasional
12857,2011-05-13 10:20:00,211,2,1106.4,1,1,4,6,At risk / Low value,1,At risk / Low value
12863,2011-10-18 14:15:00,52,2,504.2,3,1,3,7,Occasional,3,Occasional
12864,2011-07-24 13:03:00,138,1,147.12,2,1,1,4,At risk / Low value,3,Occasional
12865,2011-11-13 14:31:00,26,3,1548.07,4,2,4,10,Loyal,0,Occasional
12866,2011-03-01 14:11:00,283,1,559.12,1,1,3,5,At risk / Low value,1,At risk / Low value
12867,2011-11-13 15:30:00,26,10,3958.74,4,4,5,13,VIP / High value,2,VIP / High value
12868,2011-06-07 10:42:00,186,6,1607.0600000000002,1,3,4,8,Occasional,0,Occasional
12871,2011-09-16 15:07:00,84,2,380.64,2,1,2,5,At risk / Low value,3,Occasional
12872,2011-01-17 10:52:00,327,2,599.97,1,1,3,5,At risk / Low value,1,At risk / Low value
12873,2011-03-02 14:58:00,282,1,374.0,1,1,2,4,At risk / Low value,1,At risk / Low value
12875,2011-07-19 15:30:00,143,2,343.2300000000001,2,1,2,5,At risk / Low value,3,Occasional
12876,2011-10-13 12:26:00,58,2,2218.02,3,1,5,9,Occasional,0,Occasional
12877,2011-12-06 10:30:00,4,12,1535.77,5,4,4,13,VIP / High value,2,VIP / High value
12878,2011-11-21 14:30:00,18,3,841.64,4,2,3,9,Occasional,0,Occasional
12879,2011-10-26 12:24:00,45,4,552.5699999999999,3,2,3,8,Occasional,0,Occasional
12881,2011-03-09 11:44:00,276,1,298.0,1,1,2,4,At risk / Low value,1,At risk / Low value
12882,2011-11-30 16:18:00,9,2,1463.04,5,1,4,10,Loyal,0,Occasional
12883,2011-11-15 09:32:00,25,4,703.47,4,2,3,9,Occasional,0,Occasional
12884,2011-09-12 13:10:00,88,1,309.05,2,1,2,5,At risk / Low value,3,Occasional
12885,2011-10-07 13:40:00,63,4,1158.27,3,2,4,9,Occasional,0,Occasional
12886,2011-10-03 10:09:00,68,3,1351.09,3,2,4,9,Occasional,0,Occasional
12888,2011-05-09 16:02:00,214,4,313.77,1,2,2,5,At risk / Low value,1,At risk / Low value
12890,2011-11-15 17:26:00,24,1,376.71999999999997,4,1,2,7,Occasional,3,Occasional
12891,2011-06-07 12:31:00,186,3,331.0,1,2,2,5,At risk / Low value,1,At risk / Low value
12893,2011-11-09 12:34:00,31,1,176.55,4,1,1,6,At risk / Low value,3,Occasional
12895,2011-10-28 13:51:00,42,3,347.3,3,2,2,7,Occasional,3,Occasional
12897,2011-05-19 12:13:00,205,2,216.5,1,1,1,3,At risk / Low value,1,At risk / Low value
12901,2011-12-01 10:07:00,9,36,16293.1,5,4,5,14,VIP / High value,2,VIP / High value
12902,2011-03-20 12:06:00,265,1,138.68,1,1,1,3,At risk / Low value,1,At risk / Low value
12904,2011-11-21 14:34:00,18,2,496.06,4,1,3,8,Occasional,3,Occasional
12906,2011-11-28 09:55:00,12,5,2919.81,4,3,5,12,Loyal,0,Occasional
12908,2011-10-12 10:11:00,59,4,246.0,3,2,2,7,Occasional,3,Occasional
12909,2011-10-31 12:43:00,40,8,2128.83,3,4,5,12,Loyal,0,Occasional
12910,2011-11-16 14:28:00,23,8,3075.04,4,4,5,13,VIP / High value,2,VIP / High value
12912,2011-12-07 08:55:00,3,5,1662.3,5,3,4,12,Loyal,0,Occasional
12913,2011-12-05 12:11:00,5,5,2483.63,5,3,5,13,VIP / High value,0,Occasional
12915,2011-07-14 11:34:00,149,2,363.65,2,1,2,5,At risk / Low value,3,Occasional
12916,2011-07-24 10:35:00,139,5,2921.15,2,3,5,10,Loyal,0,Occasional
12917,2011-08-03 16:42:00,128,1,594.0,2,1,3,6,At risk / Low value,3,Occasional
12919,2011-12-01 13:47:00,8,8,1301.44,5,4,4,13,VIP / High value,0,Occasional
12920,2011-11-22 15:05:00,17,1,162.78,4,1,1,6,At risk / Low value,3,Occasional
12921,2011-12-06 09:56:00,4,50,16389.74,5,4,5,14,VIP / High value,2,VIP / High value
12922,2011-07-01 15:35:00,161,1,405.38,2,1,2,5,At risk / Low value,1,At risk / Low value
12923,2011-10-06 16:20:00,64,1,172.82,3,1,1,5,At risk / Low value,3,Occasional
12924,2011-09-12 13:55:00,88,5,929.95,2,3,4,9,Occasional,0,Occasional
12925,2011-12-05 11:11:00,5,2,694.05,5,1,3,9,Occasional,3,Occasional
12928,2011-11-04 14:24:00,35,5,2062.7000000000003,3,3,5,11,Loyal,0,Occasional
12929,2011-08-09 14:30:00,122,2,105.1,2,1,1,4,At risk / Low value,3,Occasional
12930,2011-09-22 15:18:00,78,4,409.9,2,2,2,6,At risk / Low value,0,Occasional
12931,2011-11-18 12:39:00,22,20,33462.81,4,4,5,13,VIP / High value,2,VIP / High value
12933,2011-11-15 16:38:00,24,4,606.28,4,2,3,9,Occasional,0,Occasional
12935,2011-12-07 17:25:00,2,8,2156.45,5,4,5,14,VIP / High value,0,Occasional
12936,2011-11-22 17:32:00,17,5,1012.9,4,3,4,11,Loyal,0,Occasional
12937,2011-11-24 15:05:00,15,4,1504.27,4,2,4,10,Loyal,0,Occasional
12938,2011-11-14 11:21:00,26,1,114.14,4,1,1,6,At risk / Low value,3,Occasional
12939,2011-10-06 14:33:00,64,8,11581.8,3,4,5,12,Loyal,2,VIP / High value
12940,2011-10-24 14:04:00,46,4,862.44,3,2,3,8,Occasional,0,Occasional
12942,2011-07-31 14:39:00,131,3,675.6,2,2,3,7,Occasional,0,Occasional
12944,2011-11-04 11:04:00,36,2,604.51,3,1,3,7,Occasional,3,Occasional
12945,2011-02-24 14:15:00,288,1,462.95,1,1,2,4,At risk / Low value,1,At risk / Low value
12947,2011-07-19 10:06:00,144,11,1407.29,2,4,4,10,Loyal,0,Occasional
12948,2011-11-23 17:10:00,16,8,2053.7,4,4,5,13,VIP / High value,0,Occasional
12949,2011-11-09 11:25:00,31,10,4143.02,4,4,5,13,VIP / High value,2,VIP / High value
12950,2011-12-07 13:17:00,2,3,1843.0,5,2,4,11,Loyal,0,Occasional
12951,2011-12-01 12:14:00,9,8,1042.07,5,4,4,13,VIP / High value,0,Occasional
12952,2011-12-04 10:35:00,6,5,1382.8400000000001,5,3,4,12,Loyal,0,Occasional
12953,2011-11-30 09:24:00,10,1,329.85,5,1,2,8,Occasional,3,Occasional
12955,2011-12-08 16:29:00,1,14,4734.26,5,4,5,14,VIP / High value,2,VIP / High value
12956,2011-02-06 16:08:00,306,1,108.07,1,1,1,3,At risk / Low value,1,At risk / Low value
12957,2011-12-05 16:32:00,4,12,3979.04,5,4,5,14,VIP / High value,2,VIP / High value
12962,2011-12-02 15:55:00,7,2,266.39,5,1,2,8,Occasional,3,Occasional
12963,2011-12-01 12:55:00,8,9,1841.03,5,4,4,13,VIP / High value,0,Occasional
12965,2011-09-11 15:31:00,89,1,769.8100000000001,2,1,3,6,At risk / Low value,3,Occasional
12966,2011-11-30 12:38:00,10,1,160.18,5,1,1,7,Occasional,3,Occasional
12967,2011-12-06 14:19:00,3,4,1194.75,5,2,4,11,Loyal,0,Occasional
12968,2011-08-19 15:44:00,112,1,135.95,2,1,1,4,At risk / Low value,3,Occasional
12970,2011-12-02 14:30:00,7,4,405.47,5,2,2,9,Occasional,0,Occasional
12971,2011-12-06 12:20:00,4,89,10930.26,5,4,5,14,VIP / High value,2,VIP / High value
12974,2011-05-26 09:33:00,198,1,144.8,1,1,1,3,At risk / Low value,1,At risk / Low value
12976,2011-05-12 09:55:00,212,1,738.6,1,1,3,5,At risk / Low value,1,At risk / Low value
12977,2011-07-06 16:40:00,156,1,39.239999999999995,2,1,1,4,At risk / Low value,1,At risk / Low value
12980,2011-07-07 11:42:00,156,12,7092.06,2,4,5,11,Loyal,2,VIP / High value
12981,2011-11-10 12:00:00,30,2,372.21999999999997,4,1,2,7,Occasional,3,Occasional
12982,2011-04-14 10:49:00,240,2,377.2,1,1,2,4,At risk / Low value,1,At risk / Low value
12984,2011-11-21 12:37:00,19,1,97.5,4,1,1,6,At risk / Low value,3,Occasional
12985,2011-12-09 10:46:00,1,3,1215.6200000000001,5,2,4,11,Loyal,0,Occasional
12987,2011-09-27 12:03:00,74,3,545.0,2,2,3,7,Occasional,3,Occasional
12988,2011-02-20 14:31:00,292,1,505.82,1,1,3,5,At risk / Low value,1,At risk / Low value
12989,2011-12-06 15:28:00,3,19,6854.51,5,4,5,14,VIP / High value,2,VIP / High value
12990,2011-11-08 13:01:00,31,3,409.5,4,2,2,8,Occasional,3,Occasional
12991,2011-11-16 15:34:00,23,2,503.76,4,1,3,8,Occasional,3,Occasional
12993,2011-11-16 15:49:00,23,4,414.76,4,2,2,8,Occasional,0,Occasional
12994,2011-12-05 15:43:00,4,5,902.22,5,3,3,11,Loyal,0,Occasional
12995,2011-09-23 09:20:00,78,2,200.72,2,1,1,4,At risk / Low value,3,Occasional
12997,2011-11-17 15:47:00,22,7,1197.94,4,3,4,11,Loyal,0,Occasional
12999,2011-05-27 13:24:00,196,3,455.88,1,2,2,5,At risk / Low value,1,At risk / Low value
13000,2011-08-25 10:43:00,107,3,534.85,2,2,3,7,Occasional,3,Occasional
13001,2011-12-05 14:51:00,4,15,9765.07,5,4,5,14,VIP / High value,2,VIP / High value
13002,2011-01-25 15:18:00,318,1,120.94999999999999,1,1,1,3,At risk / Low value,1,At risk / Low value
13003,2011-08-26 10:50:00,106,3,149.05,2,2,1,5,At risk / Low value,3,Occasional
13004,2011-11-28 11:27:00,12,22,5613.43,4,4,5,13,VIP / High value,2,VIP / High value
13005,2011-06-19 10:53:00,174,3,468.95,2,2,2,6,At risk / Low value,1,At risk / Low value
13006,2011-10-14 13:49:00,56,1,81.57,3,1,1,5,At risk / Low value,3,Occasional
13008,2011-01-20 14:24:00,323,2,178.46999999999997,1,1,1,3,At risk / Low value,1,At risk / Low value
13011,2010-12-02 17:22:00,372,1,50.550000000000004,1,1,1,3,At risk / Low value,1,At risk / Low value
13012,2011-11-30 13:05:00,9,11,1296.6200000000001,5,4,4,13,VIP / High value,2,VIP / High value
13013,2011-12-08 15:01:00,1,15,4786.99,5,4,5,14,VIP / High value,2,VIP / High value
13014,2011-12-07 09:24:00,3,16,3365.43,5,4,5,14,VIP / High value,2,VIP / High value
13015,2011-10-17 13:19:00,53,5,3339.64,3,3,5,11,Loyal,0,Occasional
13016,2011-09-27 14:08:00,73,3,789.89,2,2,3,7,Occasional,0,Occasional
13017,2011-12-02 15:53:00,7,1,204.0,5,1,1,7,Occasional,3,Occasional
13018,2011-11-23 13:28:00,16,29,7272.75,4,4,5,13,VIP / High value,2,VIP / High value
13021,2011-12-05 16:37:00,4,12,2584.4,5,4,5,14,VIP / High value,2,VIP / High value
13023,2011-10-06 16:27:00,64,2,689.9,3,1,3,7,Occasional,3,Occasional
13026,2011-12-08 16:58:00,1,8,936.15,5,4,4,13,VIP / High value,0,Occasional
13027,2011-08-18 09:39:00,114,6,6912.0,2,3,5,10,Loyal,2,VIP / High value
13028,2011-11-17 11:10:00,23,3,659.68,4,2,3,9,Occasional,0,Occasional
13029,2011-11-09 09:13:00,31,3,1247.5,4,2,4,10,Loyal,0,Occasional
13030,2011-11-28 14:30:00,11,2,752.4399999999999,5,1,3,9,Occasional,3,Occasional
13032,2011-11-01 09:56:00,39,3,996.52,3,2,4,9,Occasional,0,Occasional
13033,2010-12-17 14:23:00,357,1,190.55,1,1,1,3,At risk / Low value,1,At risk / Low value
13034,2011-10-16 12:21:00,55,2,642.77,3,1,3,7,Occasional,3,Occasional
13035,2011-10-13 12:23:00,58,3,886.63,3,2,3,8,Occasional,0,Occasional
13037,2011-07-24 15:46:00,138,3,881.07,2,2,3,7,Occasional,0,Occasional
13038,2011-09-20 14:37:00,80,3,908.46,2,2,3,7,Occasional,0,Occasional
13040,2011-12-01 10:38:00,9,2,676.99,5,1,3,9,Occasional,3,Occasional
13043,2011-03-31 12:14:00,254,2,471.57,1,1,2,4,At risk / Low value,1,At risk / Low value
13044,2011-02-21 15:20:00,291,1,560.47,1,1,3,5,At risk / Low value,1,At risk / Low value
13045,2011-09-01 15:04:00,99,1,305.28000000000003,2,1,2,5,At risk / Low value,3,Occasional
13046,2011-11-09 08:36:00,31,2,629.31,4,1,3,8,Occasional,3,Occasional
13047,2011-11-08 12:10:00,32,18,3079.1,3,4,5,12,Loyal,2,VIP / High value
13048,2011-11-25 13:23:00,14,5,1789.41,4,3,4,11,Loyal,0,Occasional
13049,2011-10-06 15:31:00,64,2,656.6800000000001,3,1,3,7,Occasional,3,Occasional
13050,2011-11-30 17:28:00,9,28,5684.61,5,4,5,14,VIP / High value,2,VIP / High value
13052,2011-05-11 14:12:00,212,1,348.15000000000003,1,1,2,4,At risk / Low value,1,At risk / Low value
13055,2011-10-06 18:57:00,64,4,1201.96,3,2,4,9,Occasional,0,Occasional
13058,2011-11-15 12:43:00,25,3,271.40000000000003,4,2,2,8,Occasional,3,Occasional
13059,2011-04-04 10:40:00,250,1,183.4,1,1,1,3,At risk / Low value,1,At risk / Low value
13060,2011-03-31 11:37:00,254,1,307.53,1,1,2,4,At risk / Low value,1,At risk / Low value
13061,2011-09-28 16:04:00,72,1,248.61,2,1,2,5,At risk / Low value,3,Occasional
13062,2011-06-01 15:12:00,191,1,346.98,1,1,2,4,At risk / Low value,1,At risk / Low value
13064,2011-11-27 12:31:00,13,4,1105.59,4,2,4,10,Loyal,0,Occasional
13065,2010-12-01 16:52:00,373,1,205.86,1,1,1,3,At risk / Low value,1,At risk / Low value
13066,2011-11-15 13:39:00,24,3,430.9,4,2,2,8,Occasional,3,Occasional
13067,2011-09-18 13:38:00,82,1,115.46000000000001,2,1,1,4,At risk / Low value,3,Occasional
13068,2011-11-29 15:00:00,10,2,344.0,5,1,2,8,Occasional,3,Occasional
13069,2011-12-09 08:39:00,1,27,3713.14,5,4,5,14,VIP / High value,2,VIP / High value
13070,2011-05-31 13:45:00,192,1,228.8,1,1,1,3,At risk / Low value,1,At risk / Low value
13072,2011-03-18 08:12:00,267,1,177.15,1,1,1,3,At risk / Low value,1,At risk / Low value
13075,2011-08-02 10:19:00,130,1,919.61,2,1,4,7,Occasional,3,Occasional
13077,2011-12-08 19:24:00,1,4,728.02,5,2,3,10,Loyal,0,Occasional
13078,2011-12-08 18:48:00,1,43,12432.28,5,4,5,14,VIP / High value,2,VIP / High value
13079,2011-12-05 16:53:00,4,5,220.10000000000002,5,3,1,9,Occasional,3,Occasional
13080,2011-06-13 14:59:00,179,1,58.08,1,1,1,3,At risk / Low value,1,At risk / Low value
13081,2011-12-08 13:13:00,1,21,27964.48,5,4,5,14,VIP / High value,2,VIP / High value
13082,2011-08-05 16:16:00,126,10,3595.48,2,4,5,11,Loyal,2,VIP / High value
13083,2011-12-05 15:01:00,4,2,303.75,5,1,2,8,Occasional,3,Occasional
13085,2011-07-05 12:11:00,158,3,272.38,2,2,2,6,At risk / Low value,3,Occasional
13089,2011-12-07 09:02:00,3,118,57322.13,5,4,5,14,VIP / High value,2,VIP / High value
13090,2011-12-01 12:39:00,9,18,8689.39,5,4,5,14,VIP / High value,2,VIP / High value
13091,2011-11-18 16:48:00,21,2,319.82,4,1,2,7,Occasional,3,Occasional
13092,2011-09-30 11:18:00,71,6,459.83,2,3,2,7,Occasional,0,Occasional
13093,2011-03-17 17:16:00,267,13,7741.47,1,4,5,10,Loyal,2,VIP / High value
13094,2011-11-18 14:07:00,21,16,1708.8600000000001,4,4,4,12,Loyal,2,VIP / High value
13095,2011-09-30 12:03:00,71,1,74.39999999999999,2,1,1,4,At risk / Low value,3,Occasional
13097,2011-11-07 10:43:00,33,14,5886.12,3,4,5,12,Loyal,2,VIP / High value
13098,2011-12-08 14:14:00,1,41,28658.88,5,4,5,14,VIP / High value,2,VIP / High value
13099,2011-09-01 17:40:00,99,1,207.35999999999999,2,1,1,4,At risk / Low value,3,Occasional
13101,2011-04-19 14:37:00,234,1,101.19,1,1,1,3,At risk / Low value,1,At risk / Low value
13102,2011-12-08 12:52:00,1,27,6336.29,5,4,5,14,VIP / High value,2,VIP / High value
13103,2011-10-31 09:38:00,40,1,243.94,3,1,2,6,At risk / Low value,3,Occasional
13104,2011-12-06 13:10:00,3,6,1098.48,5,3,4,12,Loyal,0,Occasional
13106,2011-08-03 11:50:00,129,2,59.5,2,1,1,4,At risk / Low value,3,Occasional
13107,2011-10-26 14:52:00,44,5,1524.07,3,3,4,10,Loyal,0,Occasional
13108,2010-12-02 10:35:00,373,1,350.06,1,1,2,4,At risk / Low value,1,At risk / Low value
13109,2011-12-07 12:38:00,3,5,766.84,5,3,3,11,Loyal,0,Occasional
13110,2011-11-08 14:30:00,31,8,1452.8700000000001,4,4,4,12,Loyal,0,Occasional
13113,2011-12-09 12:49:00,1,40,10510.0,5,4,5,14,VIP / High value,2,VIP / High value
13115,2011-12-01 09:39:00,9,14,2205.63,5,4,5,14,VIP / High value,2,VIP / High value
13116,2011-08-14 14:36:00,117,2,485.19,2,1,3,6,At risk / Low value,3,Occasional
13117,2011-11-18 12:02:00,22,8,984.91,4,4,4,12,Loyal,0,Occasional
13118,2011-11-20 12:46:00,20,7,1125.0,4,3,4,11,Loyal,0,Occasional
13120,2011-04-15 10:19:00,239,1,30.599999999999998,1,1,1,3,At risk / Low value,1,At risk / Low value
13121,2011-03-15 16:51:00,269,2,254.73,1,1,2,4,At risk / Low value,1,At risk / Low value
13122,2011-09-06 15:53:00,94,2,922.39,2,1,4,7,Occasional,0,Occasional
13124,2011-09-11 12:45:00,90,3,3756.33,2,2,5,9,Occasional,0,Occasional
13126,2011-12-05 10:00:00,5,10,2056.29,5,4,5,14,VIP / High value,2,VIP / High value
13127,2011-09-23 10:26:00,78,1,259.17,2,1,2,5,At risk / Low value,3,Occasional
13130,2011-09-06 15:30:00,94,1,64.0,2,1,1,4,At risk / Low value,3,Occasional
13131,2011-11-16 13:21:00,23,4,1039.3,4,2,4,10,Loyal,0,Occasional
13132,2011-03-23 12:44:00,262,1,77.3,1,1,1,3,At risk / Low value,1,At risk / Low value
13133,2011-03-11 10:31:00,274,2,109.8,1,1,1,3,At risk / Low value,1,At risk / Low value
13134,2011-09-28 09:22:00,73,7,1740.63,2,3,4,9,Occasional,0,Occasional
13135,2011-05-27 10:52:00,197,1,3096.0,1,1,5,7,Occasional,1,At risk / Low value
13136,2011-10-20 19:13:00,50,11,2545.38,3,4,5,12,Loyal,2,VIP / High value
13137,2011-11-29 12:09:00,11,9,3557.96,5,4,5,14,VIP / High value,2,VIP / High value
13138,2011-11-17 16:51:00,22,6,962.39,4,3,4,11,Loyal,0,Occasional
13139,2011-11-23 13:54:00,16,8,5055.79,4,4,5,13,VIP / High value,2,VIP / High value
13140,2011-08-23 15:33:00,108,3,422.47,2,2,2,6,At risk / Low value,3,Occasional
13141,2011-09-16 09:54:00,85,6,2385.8,2,3,5,10,Loyal,0,Occasional
13142,2011-11-20 16:07:00,19,1,307.09,4,1,2,7,Occasional,3,Occasional
13144,2011-01-11 11:15:00,333,1,110.95,1,1,1,3,At risk / Low value,1,At risk / Low value
13145,2011-10-31 12:45:00,40,5,614.77,3,3,3,9,Occasional,0,Occasional
13146,2011-11-13 15:29:00,26,1,228.91,4,1,1,6,At risk / Low value,3,Occasional
13147,2011-11-29 13:59:00,10,4,712.8000000000001,5,2,3,10,Loyal,0,Occasional
13148,2011-11-10 15:23:00,29,17,3324.62,4,4,5,13,VIP / High value,2,VIP / High value
13149,2011-11-25 13:09:00,14,4,1676.06,4,2,4,10,Loyal,0,Occasional
13151,2011-05-20 12:55:00,203,2,1250.3700000000001,1,1,4,6,At risk / Low value,1,At risk / Low value
13153,2011-12-04 12:14:00,6,1,486.22,5,1,3,9,Occasional,3,Occasional
13155,2011-11-06 15:41:00,33,4,971.76,3,2,4,9,Occasional,0,Occasional
13157,2011-10-21 13:50:00,49,5,1721.57,3,3,4,10,Loyal,0,Occasional
13158,2011-09-06 11:58:00,95,4,1201.06,2,2,4,8,Occasional,0,Occasional
13159,2011-12-01 11:20:00,9,5,1371.25,5,3,4,12,Loyal,0,Occasional
13160,2011-11-17 13:07:00,22,1,91.8,4,1,1,6,At risk / Low value,3,Occasional
13161,2011-01-30 14:03:00,313,1,112.75,1,1,1,3,At risk / Low value,1,At risk / Low value
13162,2011-08-09 15:59:00,122,5,1644.99,2,3,4,9,Occasional,0,Occasional
13165,2011-10-24 15:05:00,46,2,1021.48,3,1,4,8,Occasional,0,Occasional
13166,2011-03-02 14:28:00,282,2,414.7,1,1,2,4,At risk / Low value,1,At risk / Low value
13167,2011-11-21 12:24:00,19,4,791.33,4,2,3,9,Occasional,0,Occasional
13168,2011-11-03 12:56:00,36,5,1290.54,3,3,4,10,Loyal,0,Occasional
13169,2011-10-07 12:11:00,64,2,712.88,3,1,3,7,Occasional,3,Occasional
13170,2011-11-13 12:19:00,27,1,108.81,4,1,1,6,At risk / Low value,3,Occasional
13171,2011-12-01 15:06:00,8,5,426.81,5,3,2,10,Loyal,0,Occasional
13173,2011-12-05 15:51:00,4,2,353.65,5,1,2,8,Occasional,3,Occasional
13174,2011-11-23 14:35:00,16,3,2742.82,4,2,5,11,Loyal,0,Occasional
13176,2011-10-24 15:43:00,46,1,481.49,3,1,3,7,Occasional,3,Occasional
13177,2011-10-06 09:56:00,65,1,282.45,3,1,2,6,At risk / Low value,3,Occasional
13178,2011-11-13 16:14:00,26,11,5725.47,4,4,5,13,VIP / High value,2,VIP / High value
13182,2011-10-25 13:46:00,45,1,121.18,3,1,1,5,At risk / Low value,3,Occasional
13183,2011-12-02 10:30:00,8,9,3957.78,5,4,5,14,VIP / High value,2,VIP / High value
13184,2011-11-25 12:02:00,15,12,1616.45,4,4,4,12,Loyal,2,VIP / High value
13185,2011-03-17 11:56:00,268,1,71.4,1,1,1,3,At risk / Low value,1,At risk / Low value
13186,2011-10-31 11:40:00,40,5,1539.69,3,3,4,10,Loyal,0,Occasional
13187,2011-01-06 18:57:00,337,1,236.02,1,1,1,3,At risk / Low value,1,At risk / Low value
13188,2011-11-28 15:28:00,11,1,114.60000000000001,5,1,1,7,Occasional,3,Occasional
13189,2011-11-21 10:39:00,19,2,260.68,4,1,2,7,Occasional,3,Occasional
13192,2011-09-05 14:13:00,95,2,911.94,2,1,3,6,At risk / Low value,0,Occasional
13193,2011-10-09 14:30:00,61,1,112.08,3,1,1,5,At risk / Low value,3,Occasional
13194,2011-07-27 09:01:00,136,1,60.7,2,1,1,4,At risk / Low value,3,Occasional
13196,2011-11-28 13:54:00,11,4,1797.78,5,2,4,11,Loyal,0,Occasional
13198,2011-11-29 15:17:00,10,8,3384.09,5,4,5,14,VIP / High value,2,VIP / High value
13199,2011-12-06 12:30:00,4,39,9803.96,5,4,5,14,VIP / High value,2,VIP / High value
13200,2011-11-20 15:35:00,19,4,870.09,4,2,3,9,Occasional,0,Occasional
13203,2011-11-30 10:45:00,10,4,869.46,5,2,3,10,Loyal,0,Occasional
13207,2011-11-24 14:52:00,15,2,250.26000000000002,4,1,2,7,Occasional,3,Occasional
13208,2011-10-12 09:54:00,59,7,1199.65,3,3,4,10,Loyal,0,Occasional
13209,2011-11-09 13:54:00,30,11,5820.16,4,4,5,13,VIP / High value,2,VIP / High value
13210,2011-09-07 08:18:00,94,1,353.48,2,1,2,5,At risk / Low value,3,Occasional
13211,2011-11-29 14:43:00,10,3,1095.42,5,2,4,11,Loyal,0,Occasional
13212,2011-11-30 15:12:00,9,4,779.33,5,2,3,10,Loyal,0,Occasional
13213,2011-10-14 11:42:00,57,6,1518.43,3,3,4,10,Loyal,0,Occasional
13216,2011-03-17 12:18:00,268,1,333.74,1,1,2,4,At risk / Low value,1,At risk / Low value
13217,2011-08-09 15:32:00,122,5,133.62,2,3,1,6,At risk / Low value,3,Occasional
13218,2011-08-04 16:59:00,127,1,62.63999999999999,2,1,1,4,At risk / Low value,3,Occasional
13220,2011-09-22 13:38:00,78,4,819.2900000000001,2,2,3,7,Occasional,0,Occasional
13221,2011-04-13 16:58:00,240,2,847.41,1,1,3,5,At risk / Low value,1,At risk / Low value
13223,2011-05-23 13:03:00,200,2,163.20000000000002,1,1,1,3,At risk / Low value,1,At risk / Low value
13224,2011-10-10 15:00:00,60,3,2150.85,3,2,5,10,Loyal,0,Occasional
13225,2011-12-06 13:29:00,3,8,6083.04,5,4,5,14,VIP / High value,2,VIP / High value
13226,2011-03-11 14:35:00,273,1,108.21000000000001,1,1,1,3,At risk / Low value,1,At risk / Low value
13227,2011-05-22 11:47:00,202,1,257.7,1,1,2,4,At risk / Low value,1,At risk / Low value
13228,2011-09-19 14:28:00,81,1,358.0,2,1,2,5,At risk / Low value,3,Occasional
13229,2011-04-28 12:07:00,226,1,160.95,1,1,1,3,At risk / Low value,1,At risk / Low value
13230,2011-12-05 16:03:00,4,15,2712.07,5,4,5,14,VIP / High value,2,VIP / High value
13232,2011-11-27 10:39:00,13,7,1328.35,4,3,4,11,Loyal,0,Occasional
13233,2011-09-26 13:25:00,74,2,605.12,2,1,3,6,At risk / Low value,3,Occasional
13235,2011-05-12 09:48:00,212,2,101.17000000000007,1,1,1,3,At risk / Low value,1,At risk / Low value
13236,2011-11-15 12:50:00,25,3,727.27,4,2,3,9,Occasional,0,Occasional
13238,2011-11-28 15:30:00,11,5,680.83,5,3,3,11,Loyal,0,Occasional
13239,2011-03-23 10:25:00,262,1,329.56,1,1,2,4,At risk / Low value,1,At risk / Low value
13240,2011-09-04 14:08:00,96,4,663.65,2,2,3,7,Occasional,0,Occasional
13242,2011-08-19 12:53:00,112,3,270.40000000000003,2,2,2,6,At risk / Low value,3,Occasional
13243,2011-05-20 13:14:00,203,1,585.12,1,1,3,5,At risk / Low value,1,At risk / Low value
13244,2011-09-08 11:46:00,93,1,121.74000000000001,2,1,1,4,At risk / Low value,3,Occasional
13245,2011-10-20 11:40:00,51,1,430.5,3,1,2,6,At risk / Low value,3,Occasional
13246,2011-11-21 16:50:00,18,7,1896.32,4,3,4,11,Loyal,0,Occasional
13247,2011-11-22 10:59:00,18,4,501.12,4,2,3,9,Occasional,0,Occasional
13248,2011-08-07 12:40:00,125,2,465.68,2,1,2,5,At risk / Low value,3,Occasional
13249,2011-09-08 13:26:00,92,3,711.41,2,2,3,7,Occasional,0,Occasional
13253,2011-07-06 10:09:00,157,2,1030.4,2,1,4,7,Occasional,0,Occasional
13255,2011-12-06 10:56:00,4,3,390.66,5,2,2,9,Occasional,3,Occasional
13258,2011-11-28 09:31:00,12,3,672.83,4,2,3,9,Occasional,0,Occasional
13259,2011-10-09 10:48:00,62,1,283.18,3,1,2,6,At risk / Low value,3,Occasional
13260,2011-10-09 13:21:00,61,1,557.62,3,1,3,7,Occasional,3,Occasional
13261,2011-03-16 12:22:00,269,2,944.1,1,1,4,6,At risk / Low value,1,At risk / Low value
13262,2011-03-21 15:06:00,263,1,200.29,1,1,1,3,At risk / Low value,1,At risk / Low value
13263,2011-12-08 13:59:00,1,35,7436.93,5,4,5,14,VIP / High value,2,VIP / High value
13265,2011-10-17 15:02:00,53,5,2092.66,3,3,5,11,Loyal,0,Occasional
13266,2011-11-28 14:39:00,11,19,3717.67,5,4,5,14,VIP / High value,2,VIP / High value
13267,2011-12-07 11:12:00,3,27,4404.44,5,4,5,14,VIP / High value,2,VIP / High value
13268,2011-11-22 11:51:00,18,15,3127.7,4,4,5,13,VIP / High value,2,VIP / High value
13269,2011-12-08 14:53:00,1,17,5312.97,5,4,5,14,VIP / High value,2,VIP / High value
13270,2010-12-08 14:53:00,366,1,590.0,1,1,3,5,At risk / Low value,1,At risk / Low value
13271,2011-11-02 14:43:00,37,2,172.37,3,1,1,5,At risk / Low value,3,Occasional
13272,2011-11-08 14:00:00,31,2,276.56,4,1,2,7,Occasional,3,Occasional
13273,2011-08-18 14:02:00,113,1,138.98,2,1,1,4,At risk / Low value,3,Occasional
13276,2011-10-07 12:44:00,64,2,590.9300000000001,3,1,3,7,Occasional,3,Occasional
13277,2011-11-24 09:21:00,16,4,258.4,4,2,2,8,Occasional,3,Occasional
13278,2011-10-30 11:49:00,41,1,542.73,3,1,3,7,Occasional,3,Occasional
13279,2011-10-06 18:51:00,64,2,126.30000000000001,3,1,1,5,At risk / Low value,3,Occasional
13280,2011-08-09 13:14:00,122,3,798.46,2,2,3,7,Occasional,0,Occasional
13282,2011-11-21 15:33:00,18,6,1047.8400000000001,4,3,4,11,Loyal,0,Occasional
13283,2011-10-11 09:50:00,60,2,93.66,3,1,1,5,At risk / Low value,3,Occasional
13284,2011-01-21 10:25:00,323,2,196.15,1,1,1,3,At risk / Low value,1,At risk / Low value
13285,2011-11-16 13:19:00,23,4,2709.12,4,2,5,11,Loyal,0,Occasional
13291,2011-07-07 10:36:00,156,1,361.11,2,1,2,5,At risk / Low value,3,Occasional
13292,2011-11-01 10:04:00,39,2,578.9399999999999,3,1,3,7,Occasional,3,Occasional
13294,2011-06-03 08:54:00,190,2,873.74,1,1,3,5,At risk / Low value,1,At risk / Low value
13295,2010-12-15 11:21:00,360,2,197.95000000000002,1,1,1,3,At risk / Low value,1,At risk / Low value
13296,2011-07-25 13:46:00,137,1,87.4,2,1,1,4,At risk / Low value,3,Occasional
13297,2011-12-02 09:32:00,8,4,2089.85,5,2,5,12,Loyal,0,Occasional
13298,2011-12-08 13:11:00,1,1,360.0,5,1,2,8,Occasional,3,Occasional
13299,2011-03-16 12:55:00,268,1,142.5,1,1,1,3,At risk / Low value,1,At risk / Low value
13300,2011-06-28 11:59:00,165,2,365.29,2,1,2,5,At risk / Low value,1,At risk / Low value
13301,2011-08-28 11:25:00,104,4,618.09,2,2,3,7,Occasional,0,Occasional
13302,2011-07-07 17:56:00,155,1,63.75,2,1,1,4,At risk / Low value,1,At risk / Low value
13304,2010-12-23 14:35:00,351,1,300.42,1,1,2,4,At risk / Low value,1,At risk / Low value
13305,2011-12-05 15:15:00,4,10,2000.86,5,4,4,13,VIP / High value,2,VIP / High value
13307,2011-08-11 17:14:00,120,1,15.0,2,1,1,4,At risk / Low value,3,Occasional
13308,2011-11-17 09:31:00,23,4,1367.6100000000001,4,2,4,10,Loyal,0,Occasional
13309,2011-12-02 16:34:00,7,5,1456.79,5,3,4,12,Loyal,0,Occasional
13310,2011-12-01 08:23:00,9,6,1083.63,5,3,4,12,Loyal,0,Occasional
13311,2011-12-05 12:55:00,4,2,598.57,5,1,3,9,Occasional,3,Occasional
13313,2011-11-17 16:48:00,22,5,1555.32,4,3,4,11,Loyal,0,Occasional
13314,2011-12-08 12:29:00,2,4,593.51,5,2,3,10,Loyal,0,Occasional
13316,2011-11-02 13:40:00,37,5,5570.6900000000005,3,3,5,11,Loyal,0,Occasional
13317,2011-10-06 19:21:00,64,9,2140.07,3,4,5,12,Loyal,0,Occasional
13318,2011-12-08 18:51:00,1,3,640.76,5,2,3,10,Loyal,0,Occasional
13319,2011-12-04 13:34:00,5,36,10664.34,5,4,5,14,VIP / High value,2,VIP / High value
13320,2011-09-30 12:52:00,70,6,1475.2,3,3,4,10,Loyal,0,Occasional
13321,2011-09-28 15:24:00,72,2,567.36,2,1,3,6,At risk / Low value,3,Occasional
13322,2011-11-22 14:21:00,17,1,199.48000000000002,4,1,1,6,At risk / Low value,3,Occasional
13323,2011-12-06 17:12:00,3,5,787.85,5,3,3,11,Loyal,0,Occasional
13324,2011-11-07 15:51:00,32,12,7072.8,3,4,5,12,Loyal,2,VIP / High value
13325,2011-09-19 10:36:00,82,1,675.3,2,1,3,6,At risk / Low value,3,Occasional
13327,2011-11-01 10:21:00,39,9,3617.57,3,4,5,12,Loyal,2,VIP / High value
13328,2011-01-27 15:22:00,316,1,1308.48,1,1,4,6,At risk / Low value,1,At risk / Low value
13329,2011-11-08 10:29:00,32,4,740.4,3,2,3,8,Occasional,0,Occasional
13330,2011-09-08 12:27:00,93,3,1140.93,2,2,4,8,Occasional,0,Occasional
13332,2011-11-25 13:30:00,14,1,350.9,4,1,2,7,Occasional,3,Occasional
13334,2011-09-18 15:21:00,82,3,3502.32,2,2,5,9,Occasional,0,Occasional
13336,2011-09-23 14:05:00,77,1,795.12,2,1,3,6,At risk / Low value,3,Occasional
13338,2011-07-08 14:53:00,154,3,431.82,2,2,2,6,At risk / Low value,3,Occasional
13339,2011-05-23 08:31:00,201,1,860.12,1,1,3,5,At risk / Low value,1,At risk / Low value
13340,2011-10-25 13:15:00,45,7,10736.48,3,3,5,11,Loyal,2,VIP / High value
13341,2011-03-24 09:50:00,261,1,775.85,1,1,3,5,At risk / Low value,1,At risk / Low value
13343,2011-06-20 11:37:00,173,2,303.93,2,1,2,5,At risk / Low value,1,At risk / Low value
13344,2011-10-03 09:45:00,68,3,2511.69,3,2,5,10,Loyal,0,Occasional
13345,2011-03-08 08:34:00,277,2,377.6,1,1,2,4,At risk / Low value,1,At risk / Low value
13347,2011-09-30 13:28:00,70,1,341.36,3,1,2,6,At risk / Low value,3,Occasional
13348,2011-10-06 17:28:00,64,1,233.76,3,1,1,5,At risk / Low value,3,Occasional
13349,2011-11-29 08:07:00,11,1,247.32,5,1,2,8,Occasional,3,Occasional
13350,2011-11-23 16:33:00,16,3,910.72,4,2,3,9,Occasional,0,Occasional
13351,2011-10-04 12:55:00,66,1,373.94,3,1,2,6,At risk / Low value,3,Occasional
13352,2011-12-02 11:58:00,8,2,389.28,5,1,2,8,Occasional,3,Occasional
13354,2011-09-29 13:17:00,71,1,743.53,2,1,3,6,At risk / Low value,3,Occasional
13355,2011-08-09 14:48:00,122,1,674.7,2,1,3,6,At risk / Low value,3,Occasional
13356,2011-09-20 14:33:00,80,1,768.24,2,1,3,6,At risk / Low value,3,Occasional
13357,2011-03-27 13:56:00,257,1,609.4,1,1,3,5,At risk / Low value,1,At risk / Low value
13358,2011-03-16 11:52:00,269,1,439.03,1,1,2,4,At risk / Low value,1,At risk / Low value
13359,2011-10-11 16:48:00,59,2,431.26,3,1,2,6,At risk / Low value,3,Occasional
13362,2011-12-06 13:57:00,3,5,3085.4900000000002,5,3,5,13,VIP / High value,0,Occasional
13363,2011-11-22 12:40:00,18,2,992.5,4,1,4,9,Occasional,0,Occasional
13365,2011-12-01 08:39:00,9,3,2191.22,5,2,5,12,Loyal,0,Occasional
13366,2011-10-20 13:37:00,50,1,56.160000000000004,3,1,1,5,At risk / Low value,3,Occasional
13368,2011-03-28 09:59:00,257,2,623.4,1,1,3,5,At risk / Low value,1,At risk / Low value
13369,2010-12-20 14:02:00,354,2,263.75,1,1,2,4,At risk / Low value,1,At risk / Low value
13370,2010-12-08 15:57:00,366,2,721.32,1,1,3,5,At risk / Low value,1,At risk / Low value
13372,2011-09-11 12:46:00,90,1,378.64,2,1,2,5,At risk / Low value,3,Occasional
13373,2011-10-10 10:51:00,61,3,3312.25,3,2,5,10,Loyal,0,Occasional
13375,2011-09-19 16:01:00,81,2,772.9,2,1,3,6,At risk / Low value,3,Occasional
13376,2011-09-01 16:16:00,99,3,1019.76,2,2,4,8,Occasional,0,Occasional
13379,2011-11-13 13:45:00,26,3,572.56,4,2,3,9,Occasional,0,Occasional
13381,2011-11-18 16:59:00,21,7,3626.81,4,3,5,12,Loyal,2,VIP / High value
13382,2011-03-04 10:03:00,281,1,222.99,1,1,1,3,At risk / Low value,1,At risk / Low value
13384,2011-11-09 11:04:00,31,9,4122.28,4,4,5,13,VIP / High value,2,VIP / High value
13385,2011-01-14 09:52:00,330,1,534.57,1,1,3,5,At risk / Low value,1,At risk / Low value
13388,2011-08-10 13:35:00,121,3,627.15,2,2,3,7,Occasional,0,Occasional
13389,2011-11-28 14:01:00,11,3,797.96,5,2,3,10,Loyal,0,Occasional
13390,2011-09-26 08:38:00,75,1,544.08,2,1,3,6,At risk / Low value,3,Occasional
13391,2011-05-20 10:50:00,204,1,59.8,1,1,1,3,At risk / Low value,1,At risk / Low value
13394,2011-12-08 11:36:00,2,10,2312.8,5,4,5,14,VIP / High value,2,VIP / High value
13395,2011-06-07 15:04:00,185,1,307.72,1,1,2,4,At risk / Low value,1,At risk / Low value
13396,2011-11-18 09:42:00,22,4,1325.29,4,2,4,10,Loyal,0,Occasional
13397,2011-09-28 10:56:00,73,6,1539.18,2,3,4,9,Occasional,0,Occasional
13398,2011-05-31 13:17:00,192,1,457.34,1,1,2,4,At risk / Low value,1,At risk / Low value
13402,2011-08-04 15:51:00,127,2,621.23,2,1,3,6,At risk / Low value,3,Occasional
13403,2011-11-22 08:28:00,18,1,75.0,4,1,1,6,At risk / Low value,3,Occasional
13404,2011-12-08 15:37:00,1,2,252.49,5,1,2,8,Occasional,3,Occasional
13405,2011-09-26 17:01:00,74,3,572.451,2,2,3,7,Occasional,0,Occasional
13408,2011-12-08 09:05:00,2,81,27487.41,5,4,5,14,VIP / High value,2,VIP / High value
13410,2011-12-01 08:58:00,9,7,988.91,5,3,4,12,Loyal,0,Occasional
13411,2011-08-24 13:57:00,107,1,213.55,2,1,1,4,At risk / Low value,3,Occasional
13414,2011-07-29 11:45:00,134,3,1390.5,2,2,4,8,Occasional,0,Occasional
13416,2011-10-27 08:56:00,44,2,712.5,3,1,3,7,Occasional,3,Occasional
13417,2011-12-05 08:49:00,5,2,640.83,5,1,3,9,Occasional,3,Occasional
13418,2011-11-28 10:23:00,12,23,5845.44,4,4,5,13,VIP / High value,2,VIP / High value
13419,2011-10-07 12:49:00,64,1,221.06,3,1,1,5,At risk / Low value,3,Occasional
13420,2011-07-28 12:10:00,135,4,140.35,2,2,1,5,At risk / Low value,3,Occasional
13421,2011-10-30 14:21:00,40,3,1831.61,3,2,4,9,Occasional,0,Occasional
13422,2011-10-19 13:45:00,51,2,2601.55,3,1,5,9,Occasional,0,Occasional
13425,2011-08-23 17:13:00,108,3,1624.21,2,2,4,8,Occasional,0,Occasional
13426,2011-12-09 08:59:00,1,12,3550.7000000000003,5,4,5,14,VIP / High value,2,VIP / High value
13427,2011-11-20 13:02:00,19,3,582.6,4,2,3,9,Occasional,0,Occasional
13428,2011-11-29 14:20:00,10,1,201.78,5,1,1,7,Occasional,3,Occasional
13429,2011-11-29 09:10:00,11,4,1006.8,5,2,4,11,Loyal,0,Occasional
13430,2011-11-21 08:19:00,19,4,648.6899999999999,4,2,3,9,Occasional,0,Occasional
13431,2011-10-03 13:49:00,67,2,1269.1,3,1,4,8,Occasional,0,Occasional
13434,2011-09-26 14:30:00,74,2,534.24,2,1,3,6,At risk / Low value,3,Occasional
13435,2011-12-04 14:59:00,5,9,3794.4900000000002,5,4,5,14,VIP / High value,2,VIP / High value
13436,2011-12-08 10:33:00,2,1,196.89,5,1,1,7,Occasional,3,Occasional
13437,2011-11-25 14:00:00,14,7,3408.06,4,3,5,12,Loyal,2,VIP / High value
13439,2011-03-29 14:20:00,255,1,283.71,1,1,2,4,At risk / Low value,1,At risk / Low value
13441,2011-09-09 09:38:00,92,1,296.64,2,1,2,5,At risk / Low value,3,Occasional
13447,2011-11-16 13:38:00,23,4,1104.23,4,2,4,10,Loyal,0,Occasional
13448,2011-11-23 12:33:00,17,10,3460.9900000000002,4,4,5,13,VIP / High value,2,VIP / High value
13449,2011-11-16 08:28:00,24,1,291.88,4,1,2,7,Occasional,3,Occasional
13450,2011-11-13 11:54:00,27,6,2043.7199999999998,4,3,5,12,Loyal,0,Occasional
13451,2011-11-13 15:58:00,26,6,2838.56,4,3,5,12,Loyal,0,Occasional
13452,2011-03-25 14:19:00,259,2,590.0,1,1,3,5,At risk / Low value,1,At risk / Low value
13453,2011-06-27 09:34:00,166,2,356.97999999999996,2,1,2,5,At risk / Low value,1,At risk / Low value
13455,2011-11-15 11:21:00,25,4,1007.35,4,2,4,10,Loyal,0,Occasional
13456,2011-11-22 09:18:00,18,7,1737.8200000000002,4,3,4,11,Loyal,0,Occasional
13458,2011-12-02 15:29:00,7,22,9537.92,5,4,5,14,VIP / High value,2,VIP / High value
13460,2011-11-10 17:17:00,29,2,183.44,4,1,1,6,At risk / Low value,3,Occasional
13461,2011-11-01 09:01:00,39,3,1445.0,3,2,4,9,Occasional,0,Occasional
13462,2011-06-09 19:53:00,183,2,143.25,1,1,1,3,At risk / Low value,1,At risk / Low value
13464,2011-10-12 15:01:00,58,1,674.68,3,1,3,7,Occasional,3,Occasional
13466,2011-08-31 15:29:00,100,2,297.95,2,1,2,5,At risk / Low value,3,Occasional
13467,2011-11-29 10:01:00,11,2,1071.91,5,1,4,10,Loyal,0,Occasional
13468,2011-12-08 10:39:00,2,41,5656.75,5,4,5,14,VIP / High value,2,VIP / High value
13470,2011-09-01 14:57:00,99,2,165.0,2,1,1,4,At risk / Low value,3,Occasional
13471,2011-12-08 15:44:00,1,4,2501.84,5,2,5,12,Loyal,0,Occasional
13473,2011-10-10 11:20:00,61,3,417.54,3,2,2,7,Occasional,3,Occasional
13474,2011-04-17 13:53:00,236,1,226.84,1,1,1,3,At risk / Low value,1,At risk / Low value
13475,2011-06-01 13:52:00,191,4,1431.78,1,2,4,7,Occasional,0,Occasional
13476,2011-06-14 12:00:00,179,4,1092.77,1,2,4,7,Occasional,0,Occasional
13477,2011-11-02 12:04:00,38,8,1441.53,3,4,4,11,Loyal,0,Occasional
13479,2011-05-25 16:49:00,198,3,291.0,1,2,2,5,At risk / Low value,1,At risk / Low value
13481,2011-10-25 09:07:00,46,8,1776.81,3,4,4,11,Loyal,0,Occasional
13482,2011-04-21 17:03:00,232,1,184.64,1,1,1,3,At risk / Low value,1,At risk / Low value
13483,2011-10-05 11:53:00,66,1,140.34,3,1,1,5,At risk / Low value,3,Occasional
13484,2011-04-12 16:30:00,241,1,313.8,1,1,2,4,At risk / Low value,1,At risk / Low value
13485,2011-04-20 13:58:00,233,1,454.24,1,1,2,4,At risk / Low value,1,At risk / Low value
13486,2011-09-22 13:13:00,78,3,1122.41,2,2,4,8,Occasional,0,Occasional
13487,2011-10-13 12:07:00,58,3,575.4,3,2,3,8,Occasional,0,Occasional
13488,2011-11-22 14:41:00,17,17,8910.61,4,4,5,13,VIP / High value,2,VIP / High value
13489,2011-08-26 13:16:00,105,4,449.52,2,2,2,6,At risk / Low value,0,Occasional
13491,2011-10-19 08:32:00,52,10,1215.82,3,4,4,11,Loyal,0,Occasional
13492,2011-07-26 14:25:00,136,3,1269.84,2,2,4,8,Occasional,0,Occasional
13493,2011-03-09 15:35:00,275,2,618.63,1,1,3,5,At risk / Low value,1,At risk / Low value
13494,2011-02-01 11:58:00,312,1,316.26000000000005,1,1,2,4,At risk / Low value,1,At risk / Low value
13495,2011-12-02 11:21:00,8,6,1990.1200000000001,5,3,4,12,Loyal,0,Occasional
13496,2011-11-29 10:58:00,11,3,617.93,5,2,3,10,Loyal,0,Occasional
13497,2011-03-02 09:04:00,283,3,321.05,1,2,2,5,At risk / Low value,1,At risk / Low value
13499,2011-11-22 11:21:00,18,7,1146.96,4,3,4,11,Loyal,0,Occasional
13500,2011-11-16 15:35:00,23,4,1136.77,4,2,4,10,Loyal,0,Occasional
13501,2011-04-11 09:35:00,243,2,1310.47,1,1,4,6,At risk / Low value,1,At risk / Low value
13502,2011-11-23 10:39:00,17,3,292.0,4,2,2,8,Occasional,3,Occasional
13503,2011-09-29 13:23:00,71,1,216.85,2,1,1,4,At risk / Low value,3,Occasional
13504,2011-10-06 13:20:00,64,1,295.93,3,1,2,6,At risk / Low value,3,Occasional
13505,2011-10-03 12:14:00,68,8,4282.88,3,4,5,12,Loyal,2,VIP / High value
13506,2011-01-31 15:27:00,312,3,452.82,1,2,2,5,At risk / Low value,1,At risk / Low value
13507,2011-12-06 13:13:00,3,4,2479.16,5,2,5,12,Loyal,0,Occasional
13508,2011-04-10 11:58:00,244,1,110.97,1,1,1,3,At risk / Low value,1,At risk / Low value
13509,2011-12-01 10:10:00,9,7,979.72,5,3,4,12,Loyal,0,Occasional
13510,2011-12-08 13:46:00,1,5,1785.16,5,3,4,12,Loyal,0,Occasional
13512,2011-03-24 10:03:00,261,1,251.21,1,1,2,4,At risk / Low value,1,At risk / Low value
13513,2011-08-05 11:50:00,127,1,205.1,2,1,1,4,At risk / Low value,3,Occasional
13514,2011-09-27 09:39:00,74,1,152.20000000000002,2,1,1,4,At risk / Low value,3,Occasional
13515,2011-09-28 11:26:00,73,4,891.12,2,2,3,7,Occasional,0,Occasional
13516,2011-11-18 13:15:00,21,3,1389.41,4,2,4,10,Loyal,0,Occasional
13517,2011-10-11 11:43:00,60,5,2109.07,3,3,5,11,Loyal,0,Occasional
13518,2011-09-15 10:29:00,86,1,627.16,2,1,3,6,At risk / Low value,3,Occasional
13519,2011-10-20 15:56:00,50,2,110.80000000000001,3,1,1,5,At risk / Low value,3,Occasional
13520,2011-10-12 10:20:00,59,8,3487.75,3,4,5,12,Loyal,2,VIP / High value
13521,2011-12-08 13:50:00,1,3,1071.73,5,2,4,11,Loyal,0,Occasional
13522,2011-11-09 15:11:00,30,1,125.80000000000001,4,1,1,6,At risk / Low value,3,Occasional
13523,2011-11-06 15:11:00,33,6,3755.38,3,3,5,11,Loyal,0,Occasional
13524,2011-10-30 12:34:00,41,5,680.1800000000001,3,3,3,9,Occasional,0,Occasional
13525,2011-11-25 12:01:00,15,2,628.78,4,1,3,8,Occasional,3,Occasional
13527,2011-11-06 12:04:00,34,8,2218.61,3,4,5,12,Loyal,0,Occasional
13529,2011-09-22 09:15:00,79,2,307.76,2,1,2,5,At risk / Low value,3,Occasional
13531,2011-05-18 16:56:00,205,2,483.8,1,1,3,5,At risk / Low value,1,At risk / Low value
13532,2011-11-06 12:25:00,34,1,210.31,3,1,1,5,At risk / Low value,3,Occasional
13533,2011-06-10 11:54:00,183,3,269.09,1,2,2,5,At risk / Low value,1,At risk / Low value
13534,2011-12-07 14:52:00,2,43,5613.08,5,4,5,14,VIP / High value,2,VIP / High value
13536,2011-12-08 16:38:00,1,7,3444.39,5,3,5,13,VIP / High value,2,VIP / High value
13538,2011-10-27 16:34:00,43,7,1280.85,3,3,4,10,Loyal,0,Occasional
13539,2011-09-15 10:18:00,86,4,605.84,2,2,3,7,Occasional,0,Occasional
13544,2011-10-31 11:57:00,40,2,276.06,3,1,2,6,At risk / Low value,3,Occasional
13546,2011-11-27 14:50:00,12,3,621.09,4,2,3,9,Occasional,0,Occasional
13548,2011-09-04 14:50:00,96,2,678.16,2,1,3,6,At risk / Low value,3,Occasional
13549,2011-11-14 09:20:00,26,8,916.12,4,4,3,11,Loyal,0,Occasional
13551,2011-01-24 14:46:00,319,1,91.80000000000001,1,1,1,3,At risk / Low value,1,At risk / Low value
13552,2011-10-04 15:19:00,66,16,3539.53,3,4,5,12,Loyal,2,VIP / High value
13555,2011-09-27 12:36:00,74,4,4098.88,2,2,5,9,Occasional,0,Occasional
13557,2011-11-11 15:24:00,28,2,584.06,4,1,3,8,Occasional,3,Occasional
13558,2011-12-04 11:24:00,6,4,594.52,5,2,3,10,Loyal,0,Occasional
13560,2011-12-02 13:11:00,7,1,171.42000000000002,5,1,1,7,Occasional,3,Occasional
13561,2011-05-08 12:39:00,216,1,141.85999999999999,1,1,1,3,At risk / Low value,1,At risk / Low value
13562,2011-09-19 10:51:00,82,3,1799.33,2,2,4,8,Occasional,0,Occasional
13563,2011-09-16 14:45:00,84,2,777.53,2,1,3,6,At risk / Low value,3,Occasional
13564,2011-07-18 14:35:00,144,5,623.3900000000001,2,3,3,8,Occasional,0,Occasional
13565,2011-11-20 14:33:00,19,2,240.22,4,1,1,6,At risk / Low value,3,Occasional
13566,2011-10-30 11:59:00,41,2,856.84,3,1,3,7,Occasional,0,Occasional
13568,2011-06-19 14:42:00,173,1,187.05,2,1,1,4,At risk / Low value,1,At risk / Low value
13569,2011-11-22 13:07:00,17,2,338.62,4,1,2,7,Occasional,3,Occasional
13570,2011-04-10 13:36:00,243,1,239.49,1,1,1,3,At risk / Low value,1,At risk / Low value
13571,2011-11-27 10:47:00,13,12,2088.94,4,4,5,13,VIP / High value,2,VIP / High value
13572,2011-05-18 11:59:00,206,1,1384.25,1,1,4,6,At risk / Low value,1,At risk / Low value
13573,2011-10-20 14:33:00,50,2,290.25,3,1,2,6,At risk / Low value,3,Occasional
13575,2011-11-16 13:14:00,23,5,732.0699999999999,4,3,3,10,Loyal,0,Occasional
13576,2011-11-29 15:34:00,10,20,6703.3,5,4,5,14,VIP / High value,2,VIP / High value
13577,2011-11-14 15:19:00,25,5,1658.3,4,3,4,11,Loyal,0,Occasional
13579,2011-11-25 08:41:00,15,2,467.04,4,1,2,7,Occasional,3,Occasional
13581,2011-02-03 14:41:00,309,1,118.0,1,1,1,3,At risk / Low value,1,At risk / Low value
13583,2011-07-07 10:40:00,156,1,781.03,2,1,3,6,At risk / Low value,3,Occasional
13584,2011-02-06 12:49:00,307,1,142.4,1,1,1,3,At risk / Low value,1,At risk / Low value
13587,2011-11-08 11:17:00,32,3,347.0,3,2,2,7,Occasional,3,Occasional
13588,2011-11-24 10:42:00,16,13,2445.12,4,4,5,13,VIP / High value,2,VIP / High value
13589,2011-11-25 12:10:00,15,2,379.65,4,1,2,7,Occasional,3,Occasional
13590,2011-11-28 12:54:00,11,7,1976.12,5,3,4,12,Loyal,0,Occasional
13591,2011-10-06 12:26:00,65,3,1117.13,3,2,4,9,Occasional,0,Occasional
13592,2011-11-04 09:49:00,36,4,247.95999999999998,3,2,2,7,Occasional,3,Occasional
13593,2011-08-23 13:35:00,108,6,1965.0800000000002,2,3,4,9,Occasional,0,Occasional
13594,2011-10-18 10:19:00,53,1,396.97,3,1,2,6,At risk / Low value,3,Occasional
13596,2011-12-04 12:01:00,6,2,664.11,5,1,3,9,Occasional,3,Occasional
13598,2011-10-23 14:35:00,47,2,147.29,3,1,1,5,At risk / Low value,3,Occasional
13599,2011-12-08 19:26:00,1,33,5026.85,5,4,5,14,VIP / High value,2,VIP / High value
13600,2011-01-31 15:27:00,312,1,219.52,1,1,1,3,At risk / Low value,1,At risk / Low value
13601,2011-10-25 17:31:00,45,2,693.32,3,1,3,7,Occasional,3,Occasional
13602,2011-10-06 11:47:00,65,1,428.89,3,1,2,6,At risk / Low value,3,Occasional
13603,2011-11-13 15:57:00,26,1,164.34,4,1,1,6,At risk / Low value,3,Occasional
13606,2011-11-10 17:46:00,29,3,276.75,4,2,2,8,Occasional,3,Occasional
13607,2011-10-30 16:17:00,40,1,675.51,3,1,3,7,Occasional,3,Occasional
13610,2011-11-27 15:38:00,12,9,1065.88,4,4,4,12,Loyal,0,Occasional
13611,2011-09-11 14:51:00,89,4,1140.8,2,2,4,8,Occasional,0,Occasional
13614,2011-11-15 14:47:00,24,4,1585.46,4,2,4,10,Loyal,0,Occasional
13615,2011-01-31 11:29:00,313,2,399.99,1,1,2,4,At risk / Low value,1,At risk / Low value
13617,2011-10-30 13:50:00,40,3,544.18,3,2,3,8,Occasional,0,Occasional
13618,2011-06-19 11:09:00,174,1,177.34,2,1,1,4,At risk / Low value,1,At risk / Low value
13621,2011-08-15 08:26:00,117,1,213.85,2,1,1,4,At risk / Low value,3,Occasional
13623,2011-11-09 12:00:00,31,7,652.4,4,3,3,10,Loyal,0,Occasional
13626,2011-04-01 10:05:00,253,1,257.23,1,1,2,4,At risk / Low value,1,At risk / Low value
13627,2011-10-11 14:20:00,59,7,1624.02,3,3,4,10,Loyal,0,Occasional
13629,2011-11-16 13:21:00,23,11,7792.36,4,4,5,13,VIP / High value,2,VIP / High value
13630,2011-12-04 15:16:00,5,11,1995.68,5,4,4,13,VIP / High value,2,VIP / High value
13631,2011-09-01 09:57:00,100,12,3021.77,2,4,5,11,Loyal,2,VIP / High value
13632,2011-11-15 10:51:00,25,6,2114.68,4,3,5,12,Loyal,0,Occasional
13634,2011-11-06 13:40:00,33,5,1547.3600000000001,3,3,4,10,Loyal,0,Occasional
13635,2011-10-03 10:55:00,68,1,1071.03,3,1,4,8,Occasional,3,Occasional
13636,2011-11-03 10:30:00,37,6,941.62,3,3,4,10,Loyal,0,Occasional
13637,2011-10-18 13:32:00,52,3,804.3,3,2,3,8,Occasional,0,Occasional
13638,2011-11-24 10:38:00,16,1,122.64,4,1,1,6,At risk / Low value,3,Occasional
13639,2011-09-26 13:36:00,74,1,1033.34,2,1,4,7,Occasional,3,Occasional
13642,2011-05-08 12:34:00,216,1,312.28,1,1,2,4,At risk / Low value,1,At risk / Low value
13643,2011-11-08 15:37:00,31,3,519.44,4,2,3,9,Occasional,3,Occasional
13644,2011-12-01 08:18:00,9,5,2597.52,5,3,5,13,VIP / High value,0,Occasional
13645,2011-08-11 16:11:00,120,1,252.1,2,1,2,5,At risk / Low value,3,Occasional
13647,2011-11-30 12:00:00,10,5,1640.22,5,3,4,12,Loyal,0,Occasional
13649,2011-03-28 11:51:00,257,2,346.6,1,1,2,4,At risk / Low value,1,At risk / Low value
13650,2011-11-23 12:22:00,17,7,1809.34,4,3,4,11,Loyal,0,Occasional
13651,2011-11-04 14:59:00,35,2,94.2,3,1,1,5,At risk / Low value,3,Occasional
13652,2011-10-25 08:51:00,46,3,1095.08,3,2,4,9,Occasional,0,Occasional
13654,2011-10-27 16:24:00,43,6,2707.33,3,3,5,11,Loyal,0,Occasional
13655,2011-08-17 14:25:00,114,2,932.97,2,1,4,7,Occasional,0,Occasional
13656,2011-06-28 10:31:00,165,2,379.65,2,1,2,5,At risk / Low value,1,At risk / Low value
13657,2011-11-29 12:32:00,11,2,382.14,5,1,2,8,Occasional,3,Occasional
13658,2011-11-30 10:13:00,10,7,2421.47,5,3,5,13,VIP / High value,0,Occasional
13659,2011-05-26 19:56:00,197,3,1540.65,1,2,4,7,Occasional,0,Occasional
13662,2011-09-15 12:04:00,86,7,862.58,2,3,3,8,Occasional,0,Occasional
13663,2011-06-13 15:44:00,179,1,189.47,1,1,1,3,At risk / Low value,1,At risk / Low value
13666,2011-10-10 15:39:00,60,3,84.65,3,2,1,6,At risk / Low value,3,Occasional
13667,2011-07-13 15:42:00,149,1,299.05,2,1,2,5,At risk / Low value,3,Occasional
13668,2011-12-07 12:14:00,3,29,6162.31,5,4,5,14,VIP / High value,2,VIP / High value
13669,2011-10-20 09:32:00,51,2,218.55,3,1,1,5,At risk / Low value,3,Occasional
13670,2011-09-25 15:25:00,75,1,349.7,2,1,2,5,At risk / Low value,3,Occasional
13673,2011-11-21 12:11:00,19,2,387.44,4,1,2,7,Occasional,3,Occasional
13675,2011-07-11 12:57:00,151,2,486.82000000000005,2,1,3,6,At risk / Low value,3,Occasional
13678,2011-07-11 10:14:00,152,1,232.6,2,1,1,4,At risk / Low value,3,Occasional
13680,2011-12-08 13:47:00,1,5,2199.01,5,3,5,13,VIP / High value,0,Occasional
13681,2011-11-22 11:13:00,18,4,827.83,4,2,3,9,Occasional,0,Occasional
13682,2011-06-05 14:06:00,187,1,59.5,1,1,1,3,At risk / Low value,1,At risk / Low value
13684,2011-02-27 10:25:00,286,2,62.13,1,1,1,3,At risk / Low value,1,At risk / Low value
13685,2011-12-07 11:41:00,3,7,3119.44,5,3,5,13,VIP / High value,0,Occasional
13686,2011-06-10 09:10:00,183,1,72.0,1,1,1,3,At risk / Low value,1,At risk / Low value
13689,2011-10-07 13:21:00,63,1,910.0,3,1,3,7,Occasional,3,Occasional
13690,2011-10-11 15:03:00,59,1,172.25,3,1,1,5,At risk / Low value,3,Occasional
13692,2011-11-15 11:17:00,25,5,1466.8700000000001,4,3,4,11,Loyal,0,Occasional
13694,2011-12-06 09:32:00,4,60,62690.54,5,4,5,14,VIP / High value,2,VIP / High value
13695,2011-11-08 14:26:00,31,15,2504.13,4,4,5,13,VIP / High value,2,VIP / High value
13697,2011-11-01 09:14:00,39,1,151.29999999999998,3,1,1,5,At risk / Low value,3,Occasional
13699,2011-07-07 16:51:00,155,1,308.58000000000004,2,1,2,5,At risk / Low value,3,Occasional
13700,2011-11-13 13:00:00,26,10,2248.63,4,4,5,13,VIP / High value,2,VIP / High value
13703,2011-01-25 13:10:00,318,1,99.5,1,1,1,3,At risk / Low value,1,At risk / Low value
13704,2011-12-04 15:13:00,5,10,2295.31,5,4,5,14,VIP / High value,2,VIP / High value
13705,2011-12-02 12:32:00,8,3,711.86,5,2,3,10,Loyal,0,Occasional
13706,2011-02-10 09:21:00,303,1,330.79,1,1,2,4,At risk / Low value,1,At risk / Low value
13707,2011-03-17 18:03:00,267,2,806.41,1,1,3,5,At risk / Low value,1,At risk / Low value
13708,2011-03-13 13:46:00,271,1,285.33,1,1,2,4,At risk / Low value,1,At risk / Low value
13709,2011-12-06 10:28:00,4,17,6228.71,5,4,5,14,VIP / High value,2,VIP / High value
13710,2011-11-08 08:16:00,32,1,180.48,3,1,1,5,At risk / Low value,3,Occasional
13711,2011-05-05 10:31:00,219,2,252.06,1,1,2,4,At risk / Low value,1,At risk / Low value
13712,2011-04-07 12:33:00,247,1,228.84,1,1,1,3,At risk / Low value,1,At risk / Low value
13715,2011-03-03 19:21:00,281,8,1051.99,1,4,4,9,Occasional,1,At risk / Low value
13716,2011-03-15 13:49:00,269,1,138.28,1,1,1,3,At risk / Low value,1,At risk / Low value
13717,2011-11-07 14:13:00,32,7,1432.26,3,3,4,10,Loyal,0,Occasional
13718,2011-04-07 13:24:00,246,2,306.55,1,1,2,4,At risk / Low value,1,At risk / Low value
13719,2011-11-24 15:26:00,15,5,1041.68,4,3,4,11,Loyal,0,Occasional
13720,2011-08-15 12:46:00,117,4,799.9,2,2,3,7,Occasional,0,Occasional
13721,2011-11-03 14:05:00,36,1,524.14,3,1,3,7,Occasional,3,Occasional
13722,2011-08-11 15:26:00,120,4,2369.16,2,2,5,9,Occasional,0,Occasional
13723,2011-05-06 17:04:00,217,1,199.85000000000002,1,1,1,3,At risk / Low value,1,At risk / Low value
13725,2011-10-21 10:03:00,50,11,1809.81,3,4,4,11,Loyal,2,VIP / High value
13726,2011-11-01 10:49:00,39,2,1079.6599999999999,3,1,4,8,Occasional,0,Occasional
13727,2011-11-11 09:46:00,29,2,333.48,4,1,2,7,Occasional,3,Occasional
13728,2011-11-03 10:49:00,37,6,1016.14,3,3,4,10,Loyal,0,Occasional
13730,2011-07-27 08:35:00,136,2,752.6,2,1,3,6,At risk / Low value,3,Occasional
13731,2011-05-04 14:33:00,219,2,610.59,1,1,3,5,At risk / Low value,1,At risk / Low value
13732,2011-11-11 15:49:00,28,1,491.86,4,1,3,8,Occasional,3,Occasional
13735,2011-11-15 11:14:00,25,8,2764.48,4,4,5,13,VIP / High value,2,VIP / High value
13736,2011-12-04 15:19:00,5,3,721.9,5,2,3,10,Loyal,0,Occasional
13737,2011-05-23 16:32:00,200,1,339.59999999999997,1,1,2,4,At risk / Low value,1,At risk / Low value
13739,2011-11-21 13:35:00,18,1,216.9,4,1,1,6,At risk / Low value,3,Occasional
13740,2011-04-13 10:32:00,241,1,350.75,1,1,2,4,At risk / Low value,1,At risk / Low value
13741,2011-09-29 09:19:00,72,4,666.33,2,2,3,7,Occasional,0,Occasional
13742,2011-11-23 11:07:00,17,14,3079.27,4,4,5,13,VIP / High value,2,VIP / High value
13743,2011-12-07 10:09:00,3,8,1340.1499999999999,5,4,4,13,VIP / High value,0,Occasional
13744,2011-09-05 15:19:00,95,2,1080.52,2,1,4,7,Occasional,0,Occasional
13745,2011-07-11 14:21:00,151,2,291.54,2,1,2,5,At risk / Low value,3,Occasional
13747,2010-12-01 10:37:00,374,1,79.6,1,1,1,3,At risk / Low value,1,At risk / Low value
13748,2011-09-05 09:45:00,96,5,948.25,2,3,4,9,Occasional,0,Occasional
13750,2011-10-17 12:16:00,54,5,1647.26,3,3,4,10,Loyal,0,Occasional
13751,2011-02-24 15:56:00,288,1,296.25,1,1,2,4,At risk / Low value,1,At risk / Low value
13752,2011-08-07 14:16:00,124,6,1175.38,2,3,4,9,Occasional,0,Occasional
13753,2011-02-25 12:48:00,288,1,741.26,1,1,3,5,At risk / Low value,1,At risk / Low value
13754,2011-07-11 11:51:00,152,2,282.59999999999997,2,1,2,5,At risk / Low value,3,Occasional
13755,2011-12-06 12:26:00,4,10,2101.39,5,4,5,14,VIP / High value,2,VIP / High value
13756,2011-12-07 16:44:00,2,15,5145.12,5,4,5,14,VIP / High value,2,VIP / High value
13758,2011-11-28 11:11:00,12,7,3190.55,4,3,5,12,Loyal,0,Occasional
13759,2011-11-06 14:47:00,33,2,659.4100000000001,3,1,3,7,Occasional,3,Occasional
13760,2011-10-16 16:13:00,54,2,286.79,3,1,2,6,At risk / Low value,3,Occasional
13761,2011-10-20 14:01:00,50,2,1070.65,3,1,4,8,Occasional,0,Occasional
13762,2011-05-19 15:23:00,204,2,3.552713678800501e-15,1,1,1,3,At risk / Low value,1,At risk / Low value
13763,2011-10-07 15:13:00,63,3,1689.46,3,2,4,9,Occasional,0,Occasional
13764,2011-09-30 12:03:00,71,3,1519.42,2,2,4,8,Occasional,0,Occasional
13767,2011-12-07 15:00:00,2,52,16945.71,5,4,5,14,VIP / High value,2,VIP / High value
13769,2011-12-07 15:08:00,2,16,2771.87,5,4,5,14,VIP / High value,2,VIP / High value
13771,2011-10-06 14:18:00,64,5,2631.7,3,3,5,11,Loyal,0,Occasional
13772,2011-11-06 11:43:00,34,3,1122.63,3,2,4,9,Occasional,0,Occasional
13774,2011-09-19 12:06:00,82,1,345.0,2,1,2,5,At risk / Low value,3,Occasional
13777,2011-12-09 12:25:00,1,41,25748.350000000002,5,4,5,14,VIP / High value,2,VIP / High value
13778,2011-08-28 15:25:00,103,1,178.7,2,1,1,4,At risk / Low value,3,Occasional
13780,2011-12-02 13:49:00,7,2,360.01,5,1,2,8,Occasional,3,Occasional
13781,2011-04-03 12:08:00,251,1,127.84,1,1,1,3,At risk / Low value,1,At risk / Low value
13782,2011-11-27 11:54:00,13,6,908.86,4,3,3,10,Loyal,0,Occasional
13784,2011-11-30 09:33:00,10,11,2462.79,5,4,5,14,VIP / High value,2,VIP / High value
13786,2010-12-07 13:53:00,367,1,230.39999999999998,1,1,1,3,At risk / Low value,1,At risk / Low value
13787,2011-09-25 12:06:00,76,2,309.04,2,1,2,5,At risk / Low value,3,Occasional
13790,2011-12-05 15:48:00,4,1,348.8,5,1,2,8,Occasional,3,Occasional
13791,2011-10-27 14:38:00,43,3,1047.68,3,2,4,9,Occasional,0,Occasional
13792,2011-10-04 14:31:00,66,2,195.55,3,1,1,5,At risk / Low value,3,Occasional
13798,2011-12-08 15:51:00,1,63,36352.87,5,4,5,14,VIP / High value,2,VIP / High value
13799,2011-08-15 12:07:00,117,2,688.86,2,1,3,6,At risk / Low value,3,Occasional
13800,2011-02-03 12:27:00,310,1,558.32,1,1,3,5,At risk / Low value,1,At risk / Low value
13801,2011-10-04 10:15:00,67,1,324.8,3,1,2,6,At risk / Low value,3,Occasional
13802,2011-07-24 13:26:00,138,6,3906.27,2,3,5,10,Loyal,0,Occasional
13803,2011-03-29 12:57:00,255,1,277.07,1,1,2,4,At risk / Low value,1,At risk / Low value
13804,2011-11-09 12:32:00,31,7,2588.39,4,3,5,12,Loyal,0,Occasional
13805,2011-10-18 14:50:00,52,2,924.6,3,1,4,8,Occasional,0,Occasional
13806,2011-10-07 11:43:00,64,1,256.38,3,1,2,6,At risk / Low value,3,Occasional
13807,2010-12-07 15:48:00,367,1,112.6,1,1,1,3,At risk / Low value,1,At risk / Low value
13808,2011-12-04 12:18:00,6,5,1747.66,5,3,4,12,Loyal,0,Occasional
13809,2011-02-07 13:15:00,305,1,155.05,1,1,1,3,At risk / Low value,1,At risk / Low value
13810,2011-11-11 08:33:00,29,4,899.51,4,2,3,9,Occasional,0,Occasional
13811,2011-06-09 09:54:00,184,4,591.75,1,2,3,6,At risk / Low value,1,At risk / Low value
13812,2011-10-28 14:27:00,42,3,539.0,3,2,3,8,Occasional,0,Occasional
13813,2011-10-31 10:38:00,40,5,1353.41,3,3,4,10,Loyal,0,Occasional
13814,2011-10-14 16:57:00,56,3,1562.12,3,2,4,9,Occasional,0,Occasional
13815,2011-11-17 14:19:00,22,5,4014.91,4,3,5,12,Loyal,0,Occasional
13816,2011-11-16 08:38:00,24,4,555.04,4,2,3,9,Occasional,0,Occasional
13817,2011-11-10 17:49:00,29,2,382.98,4,1,2,7,Occasional,3,Occasional
13819,2011-02-11 10:38:00,302,3,1140.35,1,2,4,7,Occasional,1,At risk / Low value
13821,2011-07-18 09:49:00,145,2,385.64,2,1,2,5,At risk / Low value,3,Occasional
13822,2011-12-04 12:13:00,6,2,632.0,5,1,3,9,Occasional,3,Occasional
13823,2011-11-21 10:22:00,19,2,957.66,4,1,4,9,Occasional,0,Occasional
13824,2011-11-07 12:41:00,33,5,1698.94,3,3,4,10,Loyal,0,Occasional
13826,2011-07-04 16:27:00,158,2,174.65,2,1,1,4,At risk / Low value,1,At risk / Low value
13827,2011-10-13 12:38:00,58,3,409.8,3,2,2,7,Occasional,3,Occasional
13828,2011-11-17 16:02:00,22,1,209.49,4,1,1,6,At risk / Low value,3,Occasional
13831,2011-11-23 15:41:00,16,6,2198.45,4,3,5,12,Loyal,0,Occasional
13832,2011-11-22 12:31:00,18,2,40.949999999999996,4,1,1,6,At risk / Low value,3,Occasional
13833,2011-07-03 13:27:00,159,1,383.85,2,1,2,5,At risk / Low value,1,At risk / Low value
13835,2011-11-14 15:37:00,25,4,834.57,4,2,3,9,Occasional,0,Occasional
13837,2011-05-12 12:10:00,212,2,266.59000000000003,1,1,2,4,At risk / Low value,1,At risk / Low value
13838,2011-12-04 11:00:00,6,4,674.82,5,2,3,10,Loyal,0,Occasional
13841,2011-04-01 12:10:00,253,1,85.0,1,1,1,3,At risk / Low value,1,At risk / Low value
13842,2011-10-12 10:51:00,59,9,3385.62,3,4,5,12,Loyal,2,VIP / High value
13844,2011-11-28 13:21:00,11,1,361.62,5,1,2,8,Occasional,3,Occasional
13845,2011-10-06 08:25:00,65,1,312.98,3,1,2,6,At risk / Low value,3,Occasional
13846,2011-11-15 12:07:00,25,4,847.61,4,2,3,9,Occasional,0,Occasional
13848,2011-09-08 12:58:00,92,3,1255.0,2,2,4,8,Occasional,0,Occasional
13849,2011-10-19 10:59:00,52,2,1537.95,3,1,4,8,Occasional,0,Occasional
13850,2011-09-12 18:00:00,88,2,1586.81,2,1,4,7,Occasional,0,Occasional
13851,2011-09-05 12:36:00,96,3,2651.46,2,2,5,9,Occasional,0,Occasional
13853,2011-12-01 08:12:00,9,2,1056.94,5,1,4,10,Loyal,0,Occasional
13854,2011-12-01 09:06:00,9,29,8025.0199999999995,5,4,5,14,VIP / High value,2,VIP / High value
13856,2011-06-24 10:03:00,169,5,363.4,2,3,2,7,Occasional,1,At risk / Low value
13858,2011-10-13 16:17:00,57,1,216.17,3,1,1,5,At risk / Low value,3,Occasional
13859,2011-01-17 16:14:00,326,1,201.16,1,1,1,3,At risk / Low value,1,At risk / Low value
13860,2011-12-08 12:57:00,1,6,1240.0,5,3,4,12,Loyal,0,Occasional
13862,2011-11-21 16:24:00,18,10,2187.31,4,4,5,13,VIP / High value,2,VIP / High value
13863,2011-04-08 17:03:00,245,2,299.56,1,1,2,4,At risk / Low value,1,At risk / Low value
13865,2011-10-12 13:31:00,58,4,501.56,3,2,3,8,Occasional,0,Occasional
13866,2011-09-26 14:54:00,74,1,145.67000000000002,2,1,1,4,At risk / Low value,3,Occasional
13867,2011-11-08 15:48:00,31,3,1005.09,4,2,4,10,Loyal,0,Occasional
13868,2011-12-02 16:32:00,7,2,3192.54,5,1,5,11,Loyal,0,Occasional
13869,2011-08-08 13:53:00,123,4,3083.65,2,2,5,9,Occasional,0,Occasional
13870,2011-12-07 13:23:00,2,10,2751.25,5,4,5,14,VIP / High value,2,VIP / High value
13871,2011-11-17 10:49:00,23,14,6389.8,4,4,5,13,VIP / High value,2,VIP / High value
13873,2011-08-12 10:08:00,120,4,381.7,2,2,2,6,At risk / Low value,3,Occasional
13874,2010-12-16 18:20:00,358,1,540.45,1,1,3,5,At risk / Low value,1,At risk / Low value
13875,2011-10-17 09:36:00,54,5,1786.79,3,3,4,10,Loyal,0,Occasional
13876,2011-10-07 10:22:00,64,1,122.7,3,1,1,5,At risk / Low value,3,Occasional
13877,2011-09-14 15:49:00,86,1,117.24,2,1,1,4,At risk / Low value,3,Occasional
13878,2011-10-16 12:19:00,55,1,1271.57,3,1,4,8,Occasional,3,Occasional
13880,2011-11-18 13:44:00,21,13,3219.77,4,4,5,13,VIP / High value,2,VIP / High value
13881,2011-12-06 12:50:00,4,22,16989.52,5,4,5,14,VIP / High value,2,VIP / High value
13882,2011-12-07 11:16:00,3,6,1131.28,5,3,4,12,Loyal,0,Occasional
13883,2011-12-08 19:20:00,1,9,2538.75,5,4,5,14,VIP / High value,2,VIP / High value
13884,2011-12-02 16:30:00,7,6,781.3000000000001,5,3,3,11,Loyal,0,Occasional
13885,2011-06-03 15:07:00,189,2,506.8,1,1,3,5,At risk / Low value,1,At risk / Low value
13886,2011-09-29 13:17:00,71,1,243.56,2,1,1,4,At risk / Low value,3,Occasional
13887,2011-05-19 17:22:00,204,1,349.55,1,1,2,4,At risk / Low value,1,At risk / Low value
13888,2011-08-12 10:13:00,120,2,595.67,2,1,3,6,At risk / Low value,3,Occasional
13889,2011-09-08 09:13:00,93,1,416.90000000000003,2,1,2,5,At risk / Low value,3,Occasional
13890,2011-12-08 15:36:00,1,14,1860.8600000000001,5,4,4,13,VIP / High value,2,VIP / High value
13892,2011-11-13 11:50:00,27,4,632.97,4,2,3,9,Occasional,0,Occasional
13893,2011-02-15 11:30:00,298,1,821.1,1,1,3,5,At risk / Low value,1,At risk / Low value
13894,2011-11-17 13:35:00,22,5,535.97,4,3,3,10,Loyal,0,Occasional
13895,2011-11-18 17:15:00,21,5,2588.12,4,3,5,12,Loyal,0,Occasional
13897,2011-10-20 14:30:00,50,1,311.16,3,1,2,6,At risk / Low value,3,Occasional
13898,2011-01-18 10:28:00,326,1,155.93,1,1,1,3,At risk / Low value,1,At risk / Low value
13899,2011-11-23 13:40:00,16,2,388.52,4,1,2,7,Occasional,3,Occasional
13900,2011-06-09 19:26:00,183,3,740.95,1,2,3,6,At risk / Low value,1,At risk / Low value
13901,2011-09-28 14:48:00,72,5,2867.2,2,3,5,10,Loyal,0,Occasional
13904,2011-11-02 13:41:00,37,2,332.64,3,1,2,6,At risk / Low value,3,Occasional
13908,2011-09-21 11:49:00,80,5,2347.05,2,3,5,10,Loyal,0,Occasional
13911,2011-10-13 15:43:00,57,9,2580.91,3,4,5,12,Loyal,2,VIP / High value
13914,2011-12-06 10:54:00,4,3,613.95,5,2,3,10,Loyal,0,Occasional
13917,2011-10-21 09:56:00,50,2,272.04,3,1,2,6,At risk / Low value,3,Occasional
13918,2011-10-21 12:25:00,50,2,1212.8400000000001,3,1,4,8,Occasional,0,Occasional
13919,2011-10-17 15:24:00,53,3,350.15999999999997,3,2,2,7,Occasional,3,Occasional
13922,2010-12-23 10:38:00,352,1,172.25,1,1,1,3,At risk / Low value,1,At risk / Low value
13923,2011-10-17 12:33:00,54,1,351.13,3,1,2,6,At risk / Low value,3,Occasional
13924,2011-12-08 09:39:00,2,11,1682.08,5,4,4,13,VIP / High value,2,VIP / High value
13925,2011-11-03 13:00:00,36,6,616.65,3,3,3,9,Occasional,0,Occasional
13926,2011-11-16 13:16:00,23,1,223.85000000000002,4,1,1,6,At risk / Low value,3,Occasional
13927,2011-09-26 12:00:00,75,1,348.99,2,1,2,5,At risk / Low value,3,Occasional
13928,2011-11-29 10:33:00,11,4,464.57,5,2,2,9,Occasional,0,Occasional
13929,2011-06-23 15:26:00,169,3,802.85,2,2,3,7,Occasional,0,Occasional
13930,2011-10-13 09:45:00,58,2,337.34,3,1,2,6,At risk / Low value,3,Occasional
13931,2011-09-15 10:03:00,86,3,1230.93,2,2,4,8,Occasional,0,Occasional
13932,2011-02-18 12:02:00,295,1,307.4,1,1,2,4,At risk / Low value,1,At risk / Low value
13933,2011-08-22 14:03:00,109,2,608.7900000000001,2,1,3,6,At risk / Low value,3,Occasional
13934,2011-03-21 08:39:00,264,1,922.1,1,1,4,6,At risk / Low value,1,At risk / Low value
13936,2011-06-21 17:44:00,171,2,361.28,2,1,2,5,At risk / Low value,1,At risk / Low value
13937,2011-06-23 16:35:00,169,1,158.85,2,1,1,4,At risk / Low value,1,At risk / Low value
13938,2011-11-04 14:37:00,35,1,71.66,3,1,1,5,At risk / Low value,3,Occasional
13939,2011-11-16 13:33:00,23,4,556.75,4,2,3,9,Occasional,0,Occasional
13940,2011-11-22 15:15:00,17,4,839.14,4,2,3,9,Occasional,0,Occasional
13941,2011-11-18 09:43:00,22,7,4912.41,4,3,5,12,Loyal,2,VIP / High value
13946,2011-09-21 13:33:00,79,3,561.5699999999999,2,2,3,7,Occasional,0,Occasional
13947,2011-10-05 14:42:00,65,1,90.6,3,1,1,5,At risk / Low value,3,Occasional
13948,2010-12-14 10:18:00,361,1,102.0,1,1,1,3,At risk / Low value,1,At risk / Low value
13949,2011-12-07 09:35:00,3,6,2427.32,5,3,5,13,VIP / High value,0,Occasional
13950,2011-11-28 14:44:00,11,5,728.56,5,3,3,11,Loyal,0,Occasional
13951,2011-06-16 16:43:00,176,3,674.45,1,2,3,6,At risk / Low value,1,At risk / Low value
13952,2011-05-12 19:27:00,211,3,3246.091,1,2,5,8,Occasional,0,Occasional
13953,2011-12-02 16:04:00,7,7,3515.68,5,3,5,13,VIP / High value,2,VIP / High value
13954,2011-12-08 12:50:00,2,3,378.59,5,2,2,9,Occasional,3,Occasional
13955,2011-07-08 17:19:00,154,2,322.96,2,1,2,5,At risk / Low value,3,Occasional
13956,2011-12-04 13:20:00,5,5,1019.27,5,3,4,12,Loyal,0,Occasional
13959,2011-09-21 15:06:00,79,3,594.04,2,2,3,7,Occasional,0,Occasional
13960,2011-11-18 15:27:00,21,2,230.22,4,1,1,6,At risk / Low value,3,Occasional
13962,2011-11-18 08:47:00,22,2,169.55,4,1,1,6,At risk / Low value,3,Occasional
13963,2011-02-04 14:43:00,308,4,664.54,1,2,3,6,At risk / Low value,1,At risk / Low value
13967,2011-07-17 12:02:00,146,1,80.7,2,1,1,4,At risk / Low value,3,Occasional
13969,2011-12-02 15:11:00,7,20,8956.92,5,4,5,14,VIP / High value,2,VIP / High value
13971,2011-12-01 08:27:00,9,11,2702.2200000000003,5,4,5,14,VIP / High value,2,VIP / High value
13972,2011-09-30 11:54:00,71,2,190.25,2,1,1,4,At risk / Low value,3,Occasional
13973,2011-02-25 15:21:00,287,1,264.7,1,1,2,4,At risk / Low value,1,At risk / Low value
13974,2011-10-21 14:41:00,49,1,413.59000000000003,3,1,2,6,At risk / Low value,3,Occasional
13975,2011-11-08 13:19:00,31,7,2438.19,4,3,5,12,Loyal,0,Occasional
13976,2011-05-17 09:13:00,207,1,357.98,1,1,2,4,At risk / Low value,1,At risk / Low value
13978,2011-11-25 11:36:00,15,2,196.79000000000002,4,1,1,6,At risk / Low value,3,Occasional
13979,2011-09-27 13:32:00,73,1,869.87,2,1,3,6,At risk / Low value,3,Occasional
13980,2011-10-10 13:34:00,60,1,200.14,3,1,1,5,At risk / Low value,3,Occasional
13982,2011-10-31 16:24:00,39,5,1861.11,3,3,4,10,Loyal,0,Occasional
13983,2011-11-10 11:06:00,30,13,2590.46,4,4,5,13,VIP / High value,2,VIP / High value
13984,2011-11-13 12:38:00,27,6,488.03,4,3,3,10,Loyal,0,Occasional
13985,2011-12-05 17:06:00,4,16,7024.53,5,4,5,14,VIP / High value,2,VIP / High value
13986,2011-11-22 15:00:00,17,1,320.46,4,1,2,7,Occasional,3,Occasional
13988,2011-11-20 10:15:00,20,9,4098.8,4,4,5,13,VIP / High value,2,VIP / High value
13989,2011-10-05 09:47:00,66,2,1266.08,3,1,4,8,Occasional,0,Occasional
13990,2011-05-10 15:19:00,213,1,311.3,1,1,2,4,At risk / Low value,1,At risk / Low value
13991,2011-11-27 16:18:00,12,7,847.54,4,3,3,10,Loyal,0,Occasional
13992,2011-11-09 15:23:00,30,1,76.8,4,1,1,6,At risk / Low value,3,Occasional
13993,2011-11-07 13:00:00,32,12,3409.66,3,4,5,12,Loyal,2,VIP / High value
13994,2011-12-06 11:05:00,4,6,2274.14,5,3,5,13,VIP / High value,0,Occasional
13995,2011-11-24 14:22:00,15,6,1383.49,4,3,4,11,Loyal,0,Occasional
13999,2011-11-29 13:40:00,10,15,3865.26,5,4,5,14,VIP / High value,2,VIP / High value
14000,2011-05-17 13:44:00,206,2,633.71,1,1,3,5,At risk / Low value,1,At risk / Low value
14001,2011-10-25 10:31:00,46,4,2030.3300000000002,3,2,5,10,Loyal,0,Occasional
14002,2011-07-28 15:55:00,134,2,529.73,2,1,3,6,At risk / Low value,3,Occasional
14004,2011-10-27 14:40:00,43,7,4582.64,3,3,5,11,Loyal,2,VIP / High value
14005,2011-11-30 12:41:00,10,5,2874.72,5,3,5,13,VIP / High value,0,Occasional
14006,2011-08-16 09:39:00,116,3,962.19,2,2,4,8,Occasional,0,Occasional
14009,2011-05-25 15:47:00,198,3,685.9300000000001,1,2,3,6,At risk / Low value,1,At risk / Low value
14012,2011-03-07 12:26:00,278,1,328.8,1,1,2,4,At risk / Low value,1,At risk / Low value
14013,2011-08-21 15:01:00,110,3,473.02,2,2,2,6,At risk / Low value,3,Occasional
14014,2011-09-23 13:18:00,77,1,505.18,2,1,3,6,At risk / Low value,3,Occasional
14015,2011-10-18 10:02:00,53,1,917.34,3,1,4,8,Occasional,3,Occasional
14016,2011-07-08 14:27:00,154,5,4328.46,2,3,5,10,Loyal,0,Occasional
14019,2011-10-24 10:13:00,47,4,1398.96,3,2,4,9,Occasional,0,Occasional
14020,2011-11-23 09:22:00,17,2,642.8,4,1,3,8,Occasional,3,Occasional
14021,2011-07-07 15:46:00,155,3,631.9,2,2,3,7,Occasional,0,Occasional
14022,2011-04-28 14:39:00,225,1,440.0,1,1,2,4,At risk / Low value,1,At risk / Low value
14023,2011-12-02 13:58:00,7,2,584.07,5,1,3,9,Occasional,3,Occasional
14024,2011-08-10 11:30:00,122,2,327.7,2,1,2,5,At risk / Low value,3,Occasional
14027,2011-10-10 09:01:00,61,1,104.82,3,1,1,5,At risk / Low value,3,Occasional
14029,2011-10-07 14:46:00,63,2,467.66,3,1,2,6,At risk / Low value,3,Occasional
14030,2011-11-21 16:48:00,18,8,2358.84,4,4,5,13,VIP / High value,0,Occasional
14031,2011-12-02 17:13:00,7,23,14634.640000000001,5,4,5,14,VIP / High value,2,VIP / High value
14032,2011-12-07 15:23:00,2,18,2929.84,5,4,5,14,VIP / High value,2,VIP / High value
14034,2011-11-17 14:02:00,22,4,509.09,4,2,3,9,Occasional,0,Occasional
14035,2011-11-11 10:03:00,29,5,1428.02,4,3,4,11,Loyal,0,Occasional
14036,2011-02-28 09:26:00,285,1,626.65,1,1,3,5,At risk / Low value,1,At risk / Low value
14037,2011-06-16 13:57:00,176,2,147.20000000000002,1,1,1,3,At risk / Low value,1,At risk / Low value
14038,2011-09-22 13:37:00,78,4,1554.48,2,2,4,8,Occasional,0,Occasional
14039,2011-11-06 13:48:00,33,1,152.2,3,1,1,5,At risk / Low value,3,Occasional
14040,2011-10-30 12:42:00,41,15,3487.59,3,4,5,12,Loyal,2,VIP / High value
14041,2011-03-18 13:25:00,266,1,141.41,1,1,1,3,At risk / Low value,1,At risk / Low value
14044,2011-11-13 12:05:00,27,4,646.42,4,2,3,9,Occasional,0,Occasional
14045,2011-08-22 15:27:00,109,4,1659.75,2,2,4,8,Occasional,0,Occasional
14046,2011-02-28 14:48:00,284,1,154.99,1,1,1,3,At risk / Low value,1,At risk / Low value
14047,2011-12-01 11:43:00,9,7,1290.01,5,3,4,12,Loyal,0,Occasional
14048,2011-03-07 13:49:00,277,2,375.13,1,1,2,4,At risk / Low value,1,At risk / Low value
14049,2011-11-23 12:20:00,17,6,5536.15,4,3,5,12,Loyal,2,VIP / High value
14050,2011-11-08 10:00:00,32,2,746.36,3,1,3,7,Occasional,3,Occasional
14051,2011-12-09 10:20:00,1,26,15477.34,5,4,5,14,VIP / High value,2,VIP / High value
14052,2011-11-20 12:30:00,20,1,225.36,4,1,1,6,At risk / Low value,3,Occasional
14053,2011-08-07 14:27:00,124,2,260.25,2,1,2,5,At risk / Low value,3,Occasional
14054,2011-10-05 15:49:00,65,1,92.46,3,1,1,5,At risk / Low value,3,Occasional
14055,2011-08-25 15:04:00,106,1,725.6400000000001,2,1,3,6,At risk / Low value,3,Occasional
14056,2011-12-08 13:36:00,1,29,8062.46,5,4,5,14,VIP / High value,2,VIP / High value
14057,2011-11-16 10:32:00,24,18,6141.099999999999,4,4,5,13,VIP / High value,2,VIP / High value
14059,2011-03-18 10:06:00,267,1,183.6,1,1,1,3,At risk / Low value,1,At risk / Low value
14060,2011-12-05 12:29:00,5,20,6135.38,5,4,5,14,VIP / High value,2,VIP / High value
14062,2011-11-30 10:04:00,10,12,10464.85,5,4,5,14,VIP / High value,2,VIP / High value
14064,2011-11-10 13:14:00,29,7,1168.92,4,3,4,11,Loyal,0,Occasional
14066,2011-03-18 12:21:00,267,1,152.55,1,1,1,3,At risk / Low value,1,At risk / Low value
14067,2011-10-07 10:21:00,64,2,374.7,3,1,2,6,At risk / Low value,3,Occasional
14068,2011-01-23 16:02:00,320,1,265.85,1,1,2,4,At risk / Low value,1,At risk / Low value
14071,2011-12-06 12:27:00,4,9,1306.16,5,4,4,13,VIP / High value,0,Occasional
14073,2011-11-18 16:14:00,21,2,139.54,4,1,1,6,At risk / Low value,3,Occasional
14075,2011-12-05 08:38:00,5,3,942.26,5,2,4,11,Loyal,0,Occasional
14076,2011-08-02 15:19:00,129,1,118.67,2,1,1,4,At risk / Low value,3,Occasional
14077,2011-10-30 12:35:00,41,5,499.41999999999996,3,3,3,9,Occasional,0,Occasional
14078,2011-08-30 12:16:00,102,6,1049.37,2,3,4,9,Occasional,0,Occasional
14079,2011-08-07 12:10:00,125,1,375.1,2,1,2,5,At risk / Low value,3,Occasional
14080,2011-11-07 11:09:00,33,1,45.599999999999994,3,1,1,5,At risk / Low value,3,Occasional
14081,2011-03-17 14:24:00,267,4,891.77,1,2,3,6,At risk / Low value,1,At risk / Low value
14082,2010-12-10 11:02:00,365,1,182.25,1,1,1,3,At risk / Low value,1,At risk / Low value
14083,2011-12-05 13:14:00,4,9,1002.9,5,4,4,13,VIP / High value,0,Occasional
14085,2011-12-07 13:46:00,2,19,4408.54,5,4,5,14,VIP / High value,2,VIP / High value
14087,2011-12-07 12:41:00,3,2,178.72,5,1,1,7,Occasional,3,Occasional
14088,2011-11-29 16:16:00,10,14,50415.49,5,4,5,14,VIP / High value,2,VIP / High value
14089,2011-10-14 10:38:00,57,1,158.75,3,1,1,5,At risk / Low value,3,Occasional
14090,2011-01-19 10:51:00,325,1,76.32000000000001,1,1,1,3,At risk / Low value,1,At risk / Low value
14092,2011-12-02 12:13:00,8,17,4063.1,5,4,5,14,VIP / High value,2,VIP / High value
14093,2011-11-27 16:27:00,12,1,433.86,4,1,2,7,Occasional,3,Occasional
14096,2011-12-05 17:17:00,4,34,57120.909999999996,5,4,5,14,VIP / High value,2,VIP / High value
14098,2011-11-03 10:13:00,37,1,147.35,3,1,1,5,At risk / Low value,3,Occasional
14099,2011-11-23 13:53:00,16,12,3092.9700000000003,4,4,5,13,VIP / High value,2,VIP / High value
14100,2011-07-25 11:01:00,138,1,191.95000000000002,2,1,1,4,At risk / Low value,3,Occasional
14101,2011-09-27 12:28:00,74,6,5976.79,2,3,5,10,Loyal,2,VIP / High value
14102,2011-12-04 15:38:00,5,8,1060.33,5,4,4,13,VIP / High value,0,Occasional
14104,2011-07-08 12:50:00,155,2,216.20999999999998,2,1,1,4,At risk / Low value,3,Occasional
14105,2011-09-15 16:13:00,85,2,1260.33,2,1,4,7,Occasional,0,Occasional
14107,2011-10-19 12:12:00,52,8,2688.48,3,4,5,12,Loyal,0,Occasional
14108,2011-11-09 10:41:00,31,3,594.16,4,2,3,9,Occasional,0,Occasional
14109,2011-11-16 13:51:00,23,2,80.2,4,1,1,6,At risk / Low value,3,Occasional
14110,2011-12-06 12:26:00,4,13,5669.65,5,4,5,14,VIP / High value,2,VIP / High value
14111,2011-11-25 13:44:00,14,5,688.6,4,3,3,10,Loyal,0,Occasional
14112,2011-11-17 12:30:00,23,12,2774.17,4,4,5,13,VIP / High value,2,VIP / High value
14113,2011-12-06 12:18:00,4,8,1377.92,5,4,4,13,VIP / High value,0,Occasional
14114,2011-03-11 09:42:00,274,2,386.53,1,1,2,4,At risk / Low value,1,At risk / Low value
14116,2011-11-20 10:29:00,20,5,1382.74,4,3,4,11,Loyal,0,Occasional
14117,2011-07-19 09:49:00,144,1,90.0,2,1,1,4,At risk / Low value,3,Occasional
14121,2011-12-06 12:19:00,4,6,2740.3,5,3,5,13,VIP / High value,0,Occasional
14124,2011-09-16 13:32:00,84,1,419.58000000000004,2,1,2,5,At risk / Low value,3,Occasional
14125,2011-11-29 12:47:00,11,3,2720.63,5,2,5,12,Loyal,0,Occasional
14126,2011-12-02 11:45:00,8,4,643.6300000000001,5,2,3,10,Loyal,0,Occasional
14127,2011-08-09 10:49:00,123,3,709.71,2,2,3,7,Occasional,0,Occasional
14128,2011-10-10 12:00:00,61,2,637.5,3,1,3,7,Occasional,3,Occasional
14129,2011-12-08 11:02:00,2,5,1123.8600000000001,5,3,4,12,Loyal,0,Occasional
14130,2011-01-24 16:05:00,319,1,480.91,1,1,3,5,At risk / Low value,1,At risk / Low value
14132,2011-12-07 13:35:00,2,12,3580.13,5,4,5,14,VIP / High value,2,VIP / High value
14133,2011-08-02 11:34:00,130,5,590.3399999999999,2,3,3,8,Occasional,0,Occasional
14135,2011-12-08 11:38:00,2,15,4690.31,5,4,5,14,VIP / High value,2,VIP / High value
14138,2011-12-08 12:44:00,2,2,965.8800000000001,5,1,4,10,Loyal,0,Occasional
14139,2011-10-24 13:34:00,46,1,415.82,3,1,2,6,At risk / Low value,3,Occasional
14140,2011-12-06 09:05:00,4,3,920.05,5,2,4,11,Loyal,0,Occasional
14141,2011-12-07 09:53:00,3,6,879.0300000000001,5,3,3,11,Loyal,0,Occasional
14142,2010-12-01 16:33:00,373,1,311.81,1,1,2,4,At risk / Low value,1,At risk / Low value
14143,2011-07-29 09:48:00,134,1,115.8,2,1,1,4,At risk / Low value,3,Occasional
14145,2011-10-24 12:10:00,47,5,3148.2,3,3,5,11,Loyal,0,Occasional
14146,2011-12-01 10:18:00,9,6,2949.57,5,3,5,13,VIP / High value,0,Occasional
14147,2011-10-21 13:36:00,49,3,468.4,3,2,2,7,Occasional,3,Occasional
14148,2011-04-20 12:02:00,234,1,157.2,1,1,1,3,At risk / Low value,1,At risk / Low value
14149,2011-05-11 12:34:00,213,3,259.43,1,2,2,5,At risk / Low value,1,At risk / Low value
14150,2011-11-04 10:05:00,36,2,658.64,3,1,3,7,Occasional,3,Occasional
14152,2011-09-25 12:54:00,75,3,611.09,2,2,3,7,Occasional,0,Occasional
14154,2011-04-14 16:26:00,239,2,1345.62,1,1,4,6,At risk / Low value,1,At risk / Low value
14155,2011-03-18 14:13:00,266,1,118.75,1,1,1,3,At risk / Low value,1,At risk / Low value
14156,2011-11-30 10:54:00,10,66,113214.59,5,4,5,14,VIP / High value,2,VIP / High value
14157,2011-11-20 11:32:00,20,3,392.44,4,2,2,8,Occasional,3,Occasional
14158,2011-10-30 15:08:00,40,1,507.66,3,1,3,7,Occasional,3,Occasional
14159,2011-11-20 12:36:00,20,14,4615.64,4,4,5,13,VIP / High value,2,VIP / High value
14161,2011-05-08 11:41:00,216,3,1097.6200000000001,1,2,4,7,Occasional,1,At risk / Low value
14162,2011-06-19 11:36:00,174,2,289.36,2,1,2,5,At risk / Low value,1,At risk / Low value
14163,2011-09-13 15:18:00,87,4,2445.91,2,2,5,9,Occasional,0,Occasional
14164,2011-09-30 12:24:00,71,2,1631.77,2,1,4,7,Occasional,0,Occasional
14165,2011-03-09 12:39:00,276,1,120.44,1,1,1,3,At risk / Low value,1,At risk / Low value
14167,2011-10-31 14:29:00,39,4,562.59,3,2,3,8,Occasional,0,Occasional
14171,2011-09-02 16:43:00,98,1,363.79,2,1,2,5,At risk / Low value,3,Occasional
14173,2011-11-29 11:54:00,11,4,450.84,5,2,2,9,Occasional,0,Occasional
14174,2011-11-06 13:17:00,33,1,134.46,3,1,1,5,At risk / Low value,3,Occasional
14175,2011-10-19 13:42:00,51,7,3108.06,3,3,5,11,Loyal,0,Occasional
14176,2011-02-15 13:12:00,297,5,574.0,1,3,3,7,Occasional,1,At risk / Low value
14177,2011-09-16 09:52:00,85,5,544.51,2,3,3,8,Occasional,0,Occasional
14178,2011-12-01 12:01:00,9,7,1600.26,5,3,4,12,Loyal,0,Occasional
14179,2011-10-30 12:07:00,41,2,701.57,3,1,3,7,Occasional,3,Occasional
14180,2011-11-29 10:56:00,11,31,4640.77,5,4,5,14,VIP / High value,2,VIP / High value
14184,2011-10-04 12:43:00,67,1,452.89,3,1,2,6,At risk / Low value,3,Occasional
14185,2011-01-12 13:52:00,331,1,197.65,1,1,1,3,At risk / Low value,1,At risk / Low value
14188,2011-12-01 09:46:00,9,10,2018.91,5,4,5,14,VIP / High value,2,VIP / High value
14189,2011-12-07 15:55:00,2,24,4604.31,5,4,5,14,VIP / High value,2,VIP / High value
14191,2011-12-08 09:23:00,2,14,4660.01,5,4,5,14,VIP / High value,2,VIP / High value
14193,2011-10-03 09:34:00,68,2,853.39,3,1,3,7,Occasional,3,Occasional
14194,2011-12-05 10:38:00,5,32,11216.75,5,4,5,14,VIP / High value,2,VIP / High value
14195,2011-05-22 10:29:00,202,3,962.7,1,2,4,7,Occasional,1,At risk / Low value
14196,2011-08-25 10:25:00,107,1,335.52,2,1,2,5,At risk / Low value,3,Occasional
14198,2011-12-05 16:34:00,4,7,663.5,5,3,3,11,Loyal,0,Occasional
14199,2011-05-05 13:44:00,218,1,185.39999999999998,1,1,1,3,At risk / Low value,1,At risk / Low value
14201,2011-10-10 13:27:00,60,9,688.04,3,4,3,10,Loyal,0,Occasional
14204,2011-12-07 13:38:00,2,1,150.61,5,1,1,7,Occasional,3,Occasional
14205,2011-11-29 11:56:00,11,4,218.78,5,2,1,8,Occasional,3,Occasional
14206,2011-04-14 16:38:00,239,2,308.26,1,1,2,4,At risk / Low value,1,At risk / Low value
14208,2011-09-06 12:48:00,95,1,151.74,2,1,1,4,At risk / Low value,3,Occasional
14209,2011-11-29 10:18:00,11,7,2067.13,5,3,5,13,VIP / High value,0,Occasional
14210,2011-09-09 12:55:00,91,7,1900.89,2,3,4,9,Occasional,0,Occasional
14211,2011-10-17 13:23:00,53,13,2208.3,3,4,5,12,Loyal,2,VIP / High value
14212,2011-09-11 12:45:00,90,1,1070.48,2,1,4,7,Occasional,3,Occasional
14214,2011-11-09 10:31:00,31,7,1000.23,4,3,4,11,Loyal,0,Occasional
14215,2011-11-28 12:19:00,12,7,1777.92,4,3,4,11,Loyal,0,Occasional
14216,2011-12-06 14:56:00,3,4,1839.3,5,2,4,11,Loyal,0,Occasional
14217,2011-12-08 11:53:00,2,24,1925.3600000000001,5,4,4,13,VIP / High value,2,VIP / High value
14218,2011-10-28 10:00:00,43,1,169.48000000000002,3,1,1,5,At risk / Low value,3,Occasional
14219,2011-12-05 16:23:00,4,1,89.94,5,1,1,7,Occasional,3,Occasional
14220,2011-04-06 13:23:00,247,2,632.4,1,1,3,5,At risk / Low value,1,At risk / Low value
14221,2011-10-28 13:42:00,42,10,3427.85,3,4,5,12,Loyal,2,VIP / High value
14222,2011-06-15 16:42:00,177,1,683.17,1,1,3,5,At risk / Low value,1,At risk / Low value
14223,2011-09-08 13:38:00,92,4,975.23,2,2,4,8,Occasional,0,Occasional
14224,2011-08-21 13:24:00,110,4,1009.73,2,2,4,8,Occasional,0,Occasional
14226,2011-11-11 11:34:00,29,7,2184.2400000000002,4,3,5,12,Loyal,0,Occasional
14227,2011-11-13 15:48:00,26,15,3315.71,4,4,5,13,VIP / High value,2,VIP / High value
14229,2011-10-19 10:04:00,52,5,1450.6,3,3,4,10,Loyal,0,Occasional
14231,2011-06-13 15:35:00,179,5,822.0600000000001,1,3,3,7,Occasional,0,Occasional
14232,2011-11-08 12:17:00,32,8,2043.93,3,4,5,12,Loyal,0,Occasional
14233,2011-10-27 09:25:00,44,5,1447.51,3,3,4,10,Loyal,0,Occasional
14234,2011-11-17 17:53:00,22,4,754.12,4,2,3,9,Occasional,0,Occasional
14235,2011-11-29 13:26:00,10,6,3093.86,5,3,5,13,VIP / High value,0,Occasional
14236,2011-09-20 09:13:00,81,2,490.86,2,1,3,6,At risk / Low value,3,Occasional
14237,2010-12-01 13:20:00,373,1,161.0,1,1,1,3,At risk / Low value,1,At risk / Low value
14238,2011-01-17 14:40:00,326,1,146.85,1,1,1,3,At risk / Low value,1,At risk / Low value
14239,2011-10-27 14:40:00,43,13,2323.5,3,4,5,12,Loyal,2,VIP / High value
14240,2011-11-09 13:45:00,30,2,890.34,4,1,3,8,Occasional,0,Occasional
14241,2011-06-09 11:46:00,184,1,213.70000000000002,1,1,1,3,At risk / Low value,1,At risk / Low value
14242,2011-04-19 11:46:00,235,2,280.55,1,1,2,4,At risk / Low value,1,At risk / Low value
14243,2011-12-01 11:12:00,9,14,2535.88,5,4,5,14,VIP / High value,2,VIP / High value
14245,2011-06-16 14:33:00,176,5,1677.48,1,3,4,8,Occasional,0,Occasional
14246,2011-08-21 11:50:00,111,3,1474.06,2,2,4,8,Occasional,0,Occasional
14247,2011-03-06 15:21:00,278,1,136.76999999999998,1,1,1,3,At risk / Low value,1,At risk / Low value
14248,2011-01-25 14:45:00,318,1,302.58,1,1,2,4,At risk / Low value,1,At risk / Low value
14250,2011-12-02 14:30:00,7,3,1904.05,5,2,4,11,Loyal,0,Occasional
14251,2011-12-08 08:32:00,2,5,2879.7000000000003,5,3,5,13,VIP / High value,0,Occasional
14256,2011-03-30 16:39:00,254,3,935.0600000000001,1,2,4,7,Occasional,1,At risk / Low value
14257,2011-10-19 13:38:00,51,6,3087.27,3,3,5,11,Loyal,0,Occasional
14258,2011-11-30 15:27:00,9,10,12650.08,5,4,5,14,VIP / High value,2,VIP / High value
14259,2011-07-21 10:44:00,142,1,120.0,2,1,1,4,At risk / Low value,3,Occasional
14261,2011-10-20 10:04:00,51,2,1163.45,3,1,4,8,Occasional,0,Occasional
14262,2011-12-01 14:17:00,8,8,2618.23,5,4,5,14,VIP / High value,2,VIP / High value
14264,2011-07-08 10:20:00,155,3,319.47,2,2,2,6,At risk / Low value,3,Occasional
14265,2011-08-22 13:32:00,109,2,530.18,2,1,3,6,At risk / Low value,3,Occasional
14267,2011-07-12 11:11:00,151,7,1279.09,2,3,4,9,Occasional,0,Occasional
14270,2011-01-12 09:33:00,332,1,492.65000000000003,1,1,3,5,At risk / Low value,1,At risk / Low value
14271,2011-04-28 12:47:00,226,1,112.32,1,1,1,3,At risk / Low value,1,At risk / Low value
14272,2011-09-27 10:08:00,74,2,437.96,2,1,2,5,At risk / Low value,3,Occasional
14273,2011-10-19 13:20:00,51,4,559.97,3,2,3,8,Occasional,0,Occasional
14276,2011-09-12 17:49:00,88,5,1019.39,2,3,4,9,Occasional,0,Occasional
14277,2011-11-24 15:01:00,15,4,3928.8,4,2,5,11,Loyal,0,Occasional
14280,2011-05-27 10:37:00,197,1,134.04,1,1,1,3,At risk / Low value,1,At risk / Low value
14282,2011-12-06 17:04:00,3,15,3701.44,5,4,5,14,VIP / High value,2,VIP / High value
14284,2011-11-09 08:11:00,31,3,578.45,4,2,3,9,Occasional,0,Occasional
14285,2011-11-18 14:50:00,21,4,1910.01,4,2,4,10,Loyal,0,Occasional
14286,2011-11-16 10:34:00,24,5,4595.81,4,3,5,12,Loyal,0,Occasional
14287,2011-12-01 13:25:00,8,4,151.23000000000002,5,2,1,8,Occasional,3,Occasional
14288,2011-05-11 15:17:00,212,2,413.85,1,1,2,4,At risk / Low value,1,At risk / Low value
14289,2011-12-01 11:44:00,9,6,911.26,5,3,3,11,Loyal,0,Occasional
14290,2011-11-28 14:02:00,11,6,2307.4500000000003,5,3,5,13,VIP / High value,0,Occasional
14291,2011-12-08 10:26:00,2,12,3873.3,5,4,5,14,VIP / High value,2,VIP / High value
14292,2011-12-02 11:50:00,8,14,4819.33,5,4,5,14,VIP / High value,2,VIP / High value
14293,2011-12-06 15:17:00,3,4,1046.56,5,2,4,11,Loyal,0,Occasional
14295,2011-10-30 15:50:00,40,2,154.70000000000002,3,1,1,5,At risk / Low value,3,Occasional
14297,2011-11-22 09:06:00,18,6,1284.06,4,3,4,11,Loyal,0,Occasional
14298,2011-12-06 15:04:00,3,45,50862.44,5,4,5,14,VIP / High value,2,VIP / High value
14299,2011-12-01 16:05:00,8,18,2855.35,5,4,5,14,VIP / High value,2,VIP / High value
14300,2011-11-21 08:57:00,19,1,43.2,4,1,1,6,At risk / Low value,3,Occasional
14301,2011-08-24 09:04:00,108,2,632.04,2,1,3,6,At risk / Low value,3,Occasional
14304,2011-05-01 11:50:00,223,2,197.1,1,1,1,3,At risk / Low value,1,At risk / Low value
14305,2011-09-29 15:29:00,71,5,1803.76,2,3,4,9,Occasional,0,Occasional
14306,2011-10-19 13:23:00,51,3,2083.42,3,2,5,10,Loyal,0,Occasional
14307,2011-09-12 09:38:00,89,6,2995.72,2,3,5,10,Loyal,0,Occasional
14309,2011-12-01 13:33:00,8,10,2319.68,5,4,5,14,VIP / High value,2,VIP / High value
14311,2011-04-28 19:49:00,225,2,229.71,1,1,1,3,At risk / Low value,1,At risk / Low value
14312,2011-10-24 09:46:00,47,6,1611.59,3,3,4,10,Loyal,0,Occasional
14314,2011-08-25 10:39:00,107,1,120.0,2,1,1,4,At risk / Low value,3,Occasional
14315,2011-11-18 15:35:00,21,7,2456.98,4,3,5,12,Loyal,0,Occasional
14317,2011-10-06 10:44:00,65,1,508.58000000000004,3,1,3,7,Occasional,3,Occasional
14320,2011-05-17 09:24:00,207,3,343.11,1,2,2,5,At risk / Low value,1,At risk / Low value
14321,2011-11-29 09:47:00,11,5,1530.75,5,3,4,12,Loyal,0,Occasional
14323,2011-08-17 11:37:00,115,4,574.26,2,2,3,7,Occasional,0,Occasional
14326,2011-04-19 11:08:00,235,2,166.85,1,1,1,3,At risk / Low value,1,At risk / Low value
14327,2011-06-29 13:58:00,163,1,311.65,2,1,2,5,At risk / Low value,1,At risk / Low value
14329,2011-12-01 08:27:00,9,14,4889.14,5,4,5,14,VIP / High value,2,VIP / High value
14331,2011-08-07 13:17:00,124,2,462.65999999999997,2,1,2,5,At risk / Low value,3,Occasional
14332,2011-11-17 11:54:00,23,3,840.21,4,2,3,9,Occasional,0,Occasional
14333,2011-10-06 19:25:00,64,2,351.45,3,1,2,6,At risk / Low value,3,Occasional
14334,2011-11-23 10:01:00,17,9,2539.46,4,4,5,13,VIP / High value,2,VIP / High value
14335,2011-11-23 13:41:00,16,2,454.86,4,1,2,7,Occasional,3,Occasional
14336,2011-11-23 11:40:00,17,4,1614.91,4,2,4,10,Loyal,0,Occasional
14338,2011-07-04 16:00:00,158,4,554.22,2,2,3,7,Occasional,0,Occasional
14339,2011-04-19 11:31:00,235,4,289.90999999999997,1,2,2,5,At risk / Low value,1,At risk / Low value
14340,2011-05-05 09:44:00,219,1,134.7,1,1,1,3,At risk / Low value,1,At risk / Low value
14341,2011-10-25 15:48:00,45,9,2151.08,3,4,5,12,Loyal,0,Occasional
14342,2011-11-18 13:21:00,21,6,607.71,4,3,3,10,Loyal,0,Occasional
14344,2011-08-04 13:51:00,127,8,889.9300000000001,2,4,3,9,Occasional,0,Occasional
14345,2011-11-01 09:51:00,39,1,108.97999999999999,3,1,1,5,At risk / Low value,3,Occasional
14346,2011-08-11 09:47:00,121,2,1021.58,2,1,4,7,Occasional,0,Occasional
14348,2011-03-24 16:23:00,260,1,409.57,1,1,2,4,At risk / Low value,1,At risk / Low value
14349,2011-11-29 15:39:00,10,1,133.5,5,1,1,7,Occasional,3,Occasional
14350,2011-03-14 12:27:00,271,2,258.7,1,1,2,4,At risk / Low value,1,At risk / Low value
14351,2011-06-28 11:56:00,165,1,51.0,2,1,1,4,At risk / Low value,1,At risk / Low value
14352,2011-07-05 15:41:00,157,4,1078.96,2,2,4,8,Occasional,0,Occasional
14353,2011-05-08 16:06:00,215,1,90.6,1,1,1,3,At risk / Low value,1,At risk / Low value
14354,2011-12-04 11:32:00,6,2,163.62,5,1,1,7,Occasional,3,Occasional
14355,2010-12-09 12:16:00,366,1,174.4,1,1,1,3,At risk / Low value,1,At risk / Low value
14356,2011-10-10 17:16:00,60,4,666.9399999999999,3,2,3,8,Occasional,0,Occasional
14357,2011-10-27 16:23:00,43,1,225.12,3,1,1,5,At risk / Low value,3,Occasional
14359,2011-11-20 13:17:00,19,6,882.58,4,3,3,10,Loyal,0,Occasional
14360,2011-11-08 09:12:00,32,4,2118.03,3,2,5,10,Loyal,0,Occasional
14362,2011-11-17 15:08:00,22,1,151.5,4,1,1,6,At risk / Low value,3,Occasional
14364,2011-08-23 11:01:00,109,8,3717.35,2,4,5,11,Loyal,2,VIP / High value
14367,2011-12-01 13:19:00,8,19,9134.12,5,4,5,14,VIP / High value,2,VIP / High value
14368,2011-01-24 09:52:00,320,1,155.0,1,1,1,3,At risk / Low value,1,At risk / Low value
14371,2011-02-17 16:35:00,295,1,100.5,1,1,1,3,At risk / Low value,1,At risk / Low value
14373,2010-12-16 15:40:00,358,1,76.55,1,1,1,3,At risk / Low value,1,At risk / Low value
14375,2011-06-07 13:44:00,185,1,235.56,1,1,1,3,At risk / Low value,1,At risk / Low value
14377,2011-06-01 13:32:00,191,2,617.05,1,1,3,5,At risk / Low value,1,At risk / Low value
14379,2011-10-26 16:43:00,44,2,348.1,3,1,2,6,At risk / Low value,3,Occasional
14381,2011-10-18 17:10:00,52,1,202.68,3,1,1,5,At risk / Low value,3,Occasional
14382,2011-11-13 16:18:00,26,1,615.49,4,1,3,8,Occasional,3,Occasional
14383,2011-11-01 15:53:00,38,3,1247.69,3,2,4,9,Occasional,0,Occasional
14385,2011-11-30 15:36:00,9,3,202.11,5,2,1,8,Occasional,3,Occasional
14386,2011-02-16 09:45:00,297,1,142.4,1,1,1,3,At risk / Low value,1,At risk / Low value
14387,2011-11-07 12:29:00,33,3,1727.6,3,2,4,9,Occasional,0,Occasional
14388,2011-12-01 11:13:00,9,10,3172.04,5,4,5,14,VIP / High value,2,VIP / High value
14389,2011-12-01 09:19:00,9,5,999.72,5,3,4,12,Loyal,0,Occasional
14390,2011-11-29 13:49:00,10,13,4582.22,5,4,5,14,VIP / High value,2,VIP / High value
14393,2011-05-05 18:16:00,218,1,67.95,1,1,1,3,At risk / Low value,1,At risk / Low value
14395,2011-12-07 14:34:00,2,12,3444.11,5,4,5,14,VIP / High value,2,VIP / High value
14396,2011-10-05 16:09:00,65,2,487.99,3,1,3,7,Occasional,3,Occasional
14397,2011-12-09 09:57:00,1,23,2556.68,5,4,5,14,VIP / High value,2,VIP / High value
14400,2011-07-21 18:05:00,141,2,559.7,2,1,3,6,At risk / Low value,3,Occasional
14401,2011-12-05 13:30:00,4,14,4039.98,5,4,5,14,VIP / High value,2,VIP / High value
14403,2011-08-01 12:57:00,130,5,1426.31,2,3,4,9,Occasional,0,Occasional
14404,2011-11-06 12:30:00,34,7,1409.72,3,3,4,10,Loyal,0,Occasional
14406,2011-08-12 16:54:00,119,1,156.75,2,1,1,4,At risk / Low value,3,Occasional
14407,2011-08-24 14:02:00,107,9,2111.08,2,4,5,11,Loyal,0,Occasional
14408,2011-11-29 11:41:00,11,7,2599.03,5,3,5,13,VIP / High value,0,Occasional
14409,2011-09-29 18:18:00,71,7,1908.25,2,3,4,9,Occasional,0,Occasional
14410,2011-11-24 11:16:00,16,15,573.45,4,4,3,11,Loyal,0,Occasional
14411,2011-02-02 10:56:00,311,1,1063.0,1,1,4,6,At risk / Low value,1,At risk / Low value
14412,2011-11-04 13:14:00,35,3,761.3299999999999,3,2,3,8,Occasional,0,Occasional
14413,2010-12-12 13:37:00,362,1,121.05,1,1,1,3,At risk / Low value,1,At risk / Low value
14414,2011-09-09 12:09:00,92,8,1485.1299999999999,2,4,4,10,Loyal,0,Occasional
14415,2011-12-08 14:38:00,1,18,5766.85,5,4,5,14,VIP / High value,2,VIP / High value
14416,2011-11-17 15:22:00,22,2,490.22,4,1,3,8,Occasional,3,Occasional
14418,2011-12-06 11:39:00,4,3,1937.25,5,2,4,11,Loyal,0,Occasional
14419,2011-11-29 11:22:00,11,6,1051.79,5,3,4,12,Loyal,0,Occasional
14420,2011-09-15 16:57:00,85,2,385.87,2,1,2,5,At risk / Low value,3,Occasional
14421,2011-10-13 13:24:00,57,2,813.11,3,1,3,7,Occasional,3,Occasional
14422,2011-12-09 11:26:00,1,6,4263.64,5,3,5,13,VIP / High value,0,Occasional
14423,2011-05-05 15:12:00,218,1,265.2,1,1,2,4,At risk / Low value,1,At risk / Low value
14424,2011-11-22 11:48:00,18,1,322.08,4,1,2,7,Occasional,3,Occasional
14426,2011-11-21 11:47:00,19,16,3918.9,4,4,5,13,VIP / High value,2,VIP / High value
14427,2011-10-20 14:23:00,50,2,363.34000000000003,3,1,2,6,At risk / Low value,3,Occasional
14428,2011-12-02 13:17:00,7,7,1209.3700000000001,5,3,4,12,Loyal,0,Occasional
14431,2011-02-14 10:56:00,299,2,423.26,1,1,2,4,At risk / Low value,1,At risk / Low value
14432,2011-11-30 08:04:00,10,6,2248.5,5,3,5,13,VIP / High value,0,Occasional
14434,2011-11-18 08:56:00,22,6,1372.8,4,3,4,11,Loyal,0,Occasional
14436,2011-09-02 10:13:00,99,1,89.06,2,1,1,4,At risk / Low value,3,Occasional
14438,2011-02-06 14:56:00,306,1,131.9,1,1,1,3,At risk / Low value,1,At risk / Low value
14439,2011-01-24 11:39:00,320,1,2661.24,1,1,5,7,Occasional,1,At risk / Low value
14440,2011-12-01 15:42:00,8,5,2357.6800000000003,5,3,5,13,VIP / High value,0,Occasional
14441,2011-12-09 09:07:00,1,10,1545.14,5,4,4,13,VIP / High value,2,VIP / High value
14442,2011-12-08 11:53:00,2,5,1544.62,5,3,4,12,Loyal,0,Occasional
14443,2011-10-17 10:10:00,54,7,1400.88,3,3,4,10,Loyal,0,Occasional
14446,2011-12-09 11:34:00,1,4,1010.35,5,2,4,11,Loyal,0,Occasional
14447,2011-11-21 08:28:00,19,5,1163.23,4,3,4,11,Loyal,0,Occasional
14448,2011-11-30 13:50:00,9,2,375.35,5,1,2,8,Occasional,3,Occasional
14449,2011-11-21 12:06:00,19,4,885.8,4,2,3,9,Occasional,0,Occasional
14450,2011-06-12 10:46:00,181,3,483.25,1,2,3,6,At risk / Low value,1,At risk / Low value
14451,2011-10-10 13:38:00,60,2,643.9,3,1,3,7,Occasional,3,Occasional
14452,2011-11-29 12:06:00,11,2,259.05,5,1,2,8,Occasional,3,Occasional
14453,2011-06-02 14:15:00,190,1,119.93,1,1,1,3,At risk / Low value,1,At risk / Low value
14456,2011-12-04 13:59:00,5,14,3002.5099999999998,5,4,5,14,VIP / High value,2,VIP / High value
14457,2011-02-02 09:39:00,311,1,113.64,1,1,1,3,At risk / Low value,1,At risk / Low value
14459,2011-07-07 13:35:00,155,1,1837.92,2,1,4,7,Occasional,0,Occasional
14460,2011-08-21 14:19:00,110,4,383.34,2,2,2,6,At risk / Low value,3,Occasional
14461,2011-07-14 17:11:00,148,3,2103.06,2,2,5,9,Occasional,0,Occasional
14462,2011-10-07 09:22:00,64,15,1942.45,3,4,4,11,Loyal,2,VIP / High value
14463,2011-09-02 15:20:00,98,3,529.62,2,2,3,7,Occasional,3,Occasional
14465,2011-04-07 12:38:00,247,3,1038.44,1,2,4,7,Occasional,1,At risk / Low value
14466,2011-11-10 14:07:00,29,7,2272.4,4,3,5,12,Loyal,0,Occasional
14467,2011-11-22 12:48:00,18,4,596.26,4,2,3,9,Occasional,0,Occasional
14470,2011-11-28 10:31:00,12,2,461.19,4,1,2,7,Occasional,3,Occasional
14472,2011-08-28 11:01:00,104,8,1852.67,2,4,4,10,Loyal,0,Occasional
14473,2011-09-26 15:10:00,74,2,234.34000000000003,2,1,1,4,At risk / Low value,3,Occasional
14474,2011-10-27 12:57:00,43,2,537.71,3,1,3,7,Occasional,3,Occasional
14475,2011-09-29 10:46:00,72,6,799.82,2,3,3,8,Occasional,0,Occasional
14476,2011-03-27 15:39:00,257,1,193.0,1,1,1,3,At risk / Low value,1,At risk / Low value
14477,2011-11-20 11:11:00,20,5,1307.81,4,3,4,11,Loyal,0,Occasional
14479,2011-03-31 09:07:00,254,2,316.25,1,1,2,4,At risk / Low value,1,At risk / Low value
14480,2011-11-28 16:35:00,11,1,279.05,5,1,2,8,Occasional,3,Occasional
14481,2011-06-28 10:38:00,165,2,636.51,2,1,3,6,At risk / Low value,1,At risk / Low value
14482,2011-11-21 13:14:00,18,6,2022.81,4,3,5,12,Loyal,0,Occasional
14483,2011-07-13 09:45:00,150,2,129.2,2,1,1,4,At risk / Low value,3,Occasional
14484,2011-10-20 14:11:00,50,1,321.92,3,1,2,6,At risk / Low value,3,Occasional
14485,2011-11-01 12:25:00,39,1,162.8,3,1,1,5,At risk / Low value,3,Occasional
14487,2011-11-13 12:17:00,27,7,1152.73,4,3,4,11,Loyal,0,Occasional
14488,2011-10-19 14:39:00,51,2,1047.43,3,1,4,8,Occasional,0,Occasional
14489,2011-05-16 14:51:00,207,1,463.38,1,1,2,4,At risk / Low value,1,At risk / Low value
14491,2011-06-17 15:22:00,175,2,340.93,1,1,2,4,At risk / Low value,1,At risk / Low value
14493,2011-12-02 16:14:00,7,7,2362.84,5,3,5,13,VIP / High value,0,Occasional
14494,2011-11-14 09:21:00,26,1,139.56,4,1,1,6,At risk / Low value,3,Occasional
14495,2011-10-20 12:28:00,51,2,123.8,3,1,1,5,At risk / Low value,3,Occasional
14496,2011-02-01 09:01:00,312,2,538.8100000000001,1,1,3,5,At risk / Low value,1,At risk / Low value
14497,2011-02-11 15:20:00,301,2,457.47,1,1,2,4,At risk / Low value,1,At risk / Low value
14498,2011-10-28 12:09:00,43,5,1957.32,3,3,4,10,Loyal,0,Occasional
14499,2011-11-13 13:01:00,26,3,808.44,4,2,3,9,Occasional,0,Occasional
14500,2011-09-12 16:45:00,88,3,356.85,2,2,2,6,At risk / Low value,3,Occasional
14501,2011-10-06 20:15:00,64,3,190.31,3,2,1,6,At risk / Low value,3,Occasional
14502,2011-11-20 11:50:00,20,14,2310.18,4,4,5,13,VIP / High value,2,VIP / High value
14503,2011-12-06 13:30:00,3,6,3543.26,5,3,5,13,VIP / High value,0,Occasional
14504,2011-10-23 16:00:00,47,4,673.26,3,2,3,8,Occasional,0,Occasional
14505,2011-11-22 15:45:00,17,11,5772.49,4,4,5,13,VIP / High value,2,VIP / High value
14506,2011-11-22 13:02:00,17,5,1960.65,4,3,4,11,Loyal,0,Occasional
14507,2011-11-16 12:21:00,24,7,1352.88,4,3,4,11,Loyal,0,Occasional
14508,2011-11-17 19:48:00,22,2,268.05,4,1,2,7,Occasional,3,Occasional
14511,2011-11-28 17:05:00,11,6,1267.4099999999999,5,3,4,12,Loyal,0,Occasional
14512,2011-06-05 12:39:00,188,2,275.28,1,1,2,4,At risk / Low value,1,At risk / Low value
14513,2011-08-31 11:25:00,101,4,438.49,2,2,2,6,At risk / Low value,0,Occasional
14514,2011-10-09 16:05:00,61,3,990.2,3,2,4,9,Occasional,0,Occasional
14515,2011-11-22 11:37:00,18,6,2076.89,4,3,5,12,Loyal,0,Occasional
14517,2011-11-06 14:20:00,33,2,330.45,3,1,2,6,At risk / Low value,3,Occasional
14518,2011-10-06 14:43:00,64,1,174.37,3,1,1,5,At risk / Low value,3,Occasional
14520,2011-12-08 09:46:00,2,2,270.6,5,1,2,8,Occasional,3,Occasional
14522,2011-11-15 13:24:00,24,4,974.54,4,2,4,10,Loyal,0,Occasional
14523,2011-08-23 13:13:00,108,1,241.09,2,1,1,4,At risk / Low value,3,Occasional
14524,2011-11-08 12:29:00,32,9,1843.83,3,4,4,11,Loyal,0,Occasional
14525,2011-12-01 08:53:00,9,13,4105.07,5,4,5,14,VIP / High value,2,VIP / High value
14527,2011-12-07 12:19:00,3,86,7709.69,5,4,5,14,VIP / High value,2,VIP / High value
14528,2011-11-02 17:09:00,37,1,364.21999999999997,3,1,2,6,At risk / Low value,3,Occasional
14529,2011-10-10 15:27:00,60,3,578.61,3,2,3,8,Occasional,0,Occasional
14530,2011-11-14 10:38:00,26,6,2862.11,4,3,5,12,Loyal,0,Occasional
14532,2011-04-17 13:05:00,236,4,932.85,1,2,4,7,Occasional,1,At risk / Low value
14533,2011-11-15 12:05:00,25,9,1812.6200000000001,4,4,4,12,Loyal,0,Occasional
14534,2011-12-07 12:19:00,3,25,4025.6,5,4,5,14,VIP / High value,2,VIP / High value
14535,2011-10-11 16:24:00,59,4,2831.7400000000002,3,2,5,10,Loyal,0,Occasional
14536,2011-03-25 12:21:00,260,1,170.95,1,1,1,3,At risk / Low value,1,At risk / Low value
14537,2011-10-13 10:54:00,58,1,355.56,3,1,2,6,At risk / Low value,3,Occasional
14538,2011-10-06 10:31:00,65,2,388.25,3,1,2,6,At risk / Low value,3,Occasional
14539,2011-11-24 09:50:00,16,2,537.48,4,1,3,8,Occasional,3,Occasional
14540,2011-11-30 10:15:00,10,3,952.66,5,2,4,11,Loyal,0,Occasional
14541,2011-10-12 10:08:00,59,8,1453.35,3,4,4,11,Loyal,0,Occasional
14542,2011-06-07 08:19:00,186,1,103.25,1,1,1,3,At risk / Low value,1,At risk / Low value
14543,2011-12-06 10:32:00,4,21,2916.17,5,4,5,14,VIP / High value,2,VIP / High value
14544,2011-11-15 15:06:00,24,2,2004.3,4,1,4,9,Occasional,0,Occasional
14546,2011-12-05 16:33:00,4,9,2482.86,5,4,5,14,VIP / High value,2,VIP / High value
14547,2011-12-06 11:06:00,4,9,3953.9500000000003,5,4,5,14,VIP / High value,2,VIP / High value
14548,2011-07-12 12:19:00,151,2,652.8,2,1,3,6,At risk / Low value,3,Occasional
14549,2011-02-01 13:47:00,311,1,289.24,1,1,2,4,At risk / Low value,1,At risk / Low value
14550,2011-11-29 12:12:00,11,2,757.37,5,1,3,9,Occasional,3,Occasional
14551,2011-11-21 13:36:00,18,2,186.23,4,1,1,6,At risk / Low value,3,Occasional
14552,2011-07-11 12:49:00,152,1,164.22,2,1,1,4,At risk / Low value,3,Occasional
14553,2011-11-20 13:20:00,19,5,859.27,4,3,3,10,Loyal,0,Occasional
14554,2011-11-29 16:44:00,10,4,2279.4900000000002,5,2,5,12,Loyal,0,Occasional
14555,2011-10-13 16:24:00,57,2,312.54,3,1,2,6,At risk / Low value,3,Occasional
14560,2011-12-02 15:22:00,7,24,2174.18,5,4,5,14,VIP / High value,2,VIP / High value
14561,2011-09-25 12:39:00,76,3,1080.76,2,2,4,8,Occasional,0,Occasional
14562,2011-12-06 11:05:00,4,22,4676.62,5,4,5,14,VIP / High value,2,VIP / High value
14565,2011-09-05 12:37:00,96,6,3073.77,2,3,5,10,Loyal,0,Occasional
14566,2011-08-21 11:05:00,111,1,1432.0,2,1,4,7,Occasional,3,Occasional
14567,2011-11-04 13:57:00,35,3,1524.46,3,2,4,9,Occasional,0,Occasional
14569,2011-12-08 14:58:00,1,1,227.39,5,1,1,7,Occasional,3,Occasional
14570,2011-03-04 10:58:00,281,2,218.06,1,1,1,3,At risk / Low value,1,At risk / Low value
14572,2011-12-06 14:40:00,3,10,2775.39,5,4,5,14,VIP / High value,2,VIP / High value
14573,2011-06-13 11:15:00,180,13,1590.12,1,4,4,9,Occasional,2,VIP / High value
14576,2010-12-02 17:51:00,372,1,35.400000000000006,1,1,1,3,At risk / Low value,1,At risk / Low value
14577,2011-11-27 12:47:00,13,4,859.71,4,2,3,9,Occasional,0,Occasional
14578,2011-12-06 17:18:00,3,1,168.63,5,1,1,7,Occasional,3,Occasional
14581,2011-11-23 12:39:00,17,1,138.6,4,1,1,6,At risk / Low value,3,Occasional
14582,2011-10-30 11:56:00,41,1,114.11,3,1,1,5,At risk / Low value,3,Occasional
14583,2011-12-04 12:32:00,6,5,986.96,5,3,4,12,Loyal,0,Occasional
14584,2011-06-23 18:33:00,169,5,1020.06,2,3,4,9,Occasional,0,Occasional
14585,2011-10-20 14:33:00,50,1,157.05,3,1,1,5,At risk / Low value,3,Occasional
14586,2011-04-26 17:32:00,227,3,134.16,1,2,1,4,At risk / Low value,1,At risk / Low value
14587,2011-11-21 11:34:00,19,10,1577.39,4,4,4,12,Loyal,0,Occasional
14589,2010-12-03 11:42:00,372,1,39.75,1,1,1,3,At risk / Low value,1,At risk / Low value
14591,2011-11-24 13:57:00,15,4,1320.21,4,2,4,10,Loyal,0,Occasional
14592,2011-11-04 16:35:00,35,3,557.94,3,2,3,8,Occasional,0,Occasional
14593,2011-11-18 12:48:00,22,3,617.15,4,2,3,9,Occasional,0,Occasional
14594,2011-12-02 13:28:00,7,2,363.33,5,1,2,8,Occasional,3,Occasional
14595,2011-11-20 12:12:00,20,6,1740.6,4,3,4,11,Loyal,0,Occasional
14597,2011-11-28 13:13:00,11,2,866.24,5,1,3,9,Occasional,0,Occasional
14598,2011-10-26 13:19:00,44,1,221.97,3,1,1,5,At risk / Low value,3,Occasional
14600,2011-02-07 09:48:00,306,1,393.33000000000004,1,1,2,4,At risk / Low value,1,At risk / Low value
14601,2011-11-29 09:48:00,11,1,213.96,5,1,1,7,Occasional,3,Occasional
14603,2011-03-10 10:27:00,275,1,660.0,1,1,3,5,At risk / Low value,1,At risk / Low value
14606,2011-12-08 19:28:00,1,128,11633.35,5,4,5,14,VIP / High value,2,VIP / High value
14607,2011-11-24 10:35:00,16,17,10981.1,4,4,5,13,VIP / High value,2,VIP / High value
14608,2011-12-05 16:52:00,4,4,1785.15,5,2,4,11,Loyal,0,Occasional
14609,2011-09-28 12:54:00,72,4,601.56,2,2,3,7,Occasional,0,Occasional
14616,2011-04-11 09:54:00,243,3,406.08000000000004,1,2,2,5,At risk / Low value,1,At risk / Low value
14618,2011-11-30 13:45:00,9,4,538.59,5,2,3,10,Loyal,0,Occasional
14619,2011-04-14 17:13:00,239,2,379.51,1,1,2,4,At risk / Low value,1,At risk / Low value
14620,2011-05-19 14:14:00,204,3,393.28000000000003,1,2,2,5,At risk / Low value,1,At risk / Low value
14621,2011-12-08 16:22:00,1,6,1765.76,5,3,4,12,Loyal,0,Occasional
14622,2011-06-08 12:42:00,185,1,320.58000000000004,1,1,2,4,At risk / Low value,1,At risk / Low value
14623,2011-11-07 13:56:00,32,6,866.8000000000001,3,3,3,9,Occasional,0,Occasional
14624,2011-10-13 13:44:00,57,2,225.85,3,1,1,5,At risk / Low value,3,Occasional
14625,2011-06-07 15:40:00,185,5,848.48,1,3,3,7,Occasional,0,Occasional
14626,2011-12-01 08:55:00,9,7,2757.07,5,3,5,13,VIP / High value,0,Occasional
14628,2011-09-09 14:58:00,91,2,671.96,2,1,3,6,At risk / Low value,3,Occasional
14629,2011-12-05 16:55:00,4,3,935.46,5,2,4,11,Loyal,0,Occasional
14631,2011-10-20 11:17:00,51,3,1006.98,3,2,4,9,Occasional,0,Occasional
14632,2011-03-22 08:49:00,263,1,114.56,1,1,1,3,At risk / Low value,1,At risk / Low value
14633,2011-03-18 17:07:00,266,1,344.90000000000003,1,1,2,4,At risk / Low value,1,At risk / Low value
14636,2011-11-03 16:12:00,36,2,609.85,3,1,3,7,Occasional,3,Occasional
14638,2011-10-20 10:10:00,51,1,443.6,3,1,2,6,At risk / Low value,3,Occasional
14639,2011-10-18 15:06:00,52,8,2952.34,3,4,5,12,Loyal,2,VIP / High value
14640,2011-11-24 11:00:00,16,8,2024.45,4,4,5,13,VIP / High value,0,Occasional
14641,2011-11-18 10:42:00,22,1,110.46,4,1,1,6,At risk / Low value,3,Occasional
14642,2011-10-12 11:08:00,59,1,96.12,3,1,1,5,At risk / Low value,3,Occasional
14643,2011-06-22 14:41:00,170,3,668.61,2,2,3,7,Occasional,1,At risk / Low value
14644,2011-11-30 14:58:00,9,4,780.46,5,2,3,10,Loyal,0,Occasional
14645,2011-07-06 09:15:00,157,2,597.09,2,1,3,6,At risk / Low value,3,Occasional
14646,2011-12-08 12:12:00,2,77,279489.02,5,4,5,14,VIP / High value,2,VIP / High value
14647,2011-05-22 13:40:00,201,1,236.04000000000002,1,1,1,3,At risk / Low value,1,At risk / Low value
14649,2011-12-05 12:30:00,5,4,1402.59,5,2,4,11,Loyal,0,Occasional
14651,2011-10-03 15:52:00,67,2,653.75,3,1,3,7,Occasional,3,Occasional
14652,2011-09-23 14:21:00,77,1,114.18,2,1,1,4,At risk / Low value,3,Occasional
14653,2011-12-08 13:45:00,1,7,1926.65,5,3,4,12,Loyal,0,Occasional
14655,2011-12-06 10:52:00,4,5,1930.15,5,3,4,12,Loyal,0,Occasional
14656,2011-06-23 13:51:00,169,2,291.05,2,1,2,5,At risk / Low value,1,At risk / Low value
14657,2011-11-22 12:47:00,18,5,838.27,4,3,3,10,Loyal,0,Occasional
14658,2011-12-04 15:35:00,5,2,247.15,5,1,2,8,Occasional,3,Occasional
14659,2011-12-01 12:17:00,9,12,2456.53,5,4,5,14,VIP / High value,2,VIP / High value
14660,2011-09-14 11:34:00,87,2,285.74,2,1,2,5,At risk / Low value,3,Occasional
14661,2011-11-13 11:51:00,27,1,107.95,4,1,1,6,At risk / Low value,3,Occasional
14662,2011-11-11 12:13:00,29,4,741.37,4,2,3,9,Occasional,0,Occasional
14664,2011-11-20 10:59:00,20,2,636.24,4,1,3,8,Occasional,3,Occasional
14665,2011-10-10 11:54:00,61,7,1258.38,3,3,4,10,Loyal,0,Occasional
14666,2011-11-15 12:57:00,24,1,195.25,4,1,1,6,At risk / Low value,3,Occasional
14667,2011-11-29 11:30:00,11,27,9165.04,5,4,5,14,VIP / High value,2,VIP / High value
14669,2011-04-12 11:43:00,242,3,1259.24,1,2,4,7,Occasional,1,At risk / Low value
14670,2011-03-04 14:13:00,280,2,392.86,1,1,2,4,At risk / Low value,1,At risk / Low value
14672,2011-04-19 10:19:00,235,2,765.55,1,1,3,5,At risk / Low value,1,At risk / Low value
14673,2011-12-06 14:31:00,3,5,1736.4,5,3,4,12,Loyal,0,Occasional
14675,2011-11-23 12:58:00,16,1,596.36,4,1,3,8,Occasional,3,Occasional
14676,2011-11-08 13:29:00,31,8,2543.2400000000002,4,4,5,13,VIP / High value,0,Occasional
14680,2011-11-14 16:59:00,25,23,26932.34,4,4,5,13,VIP / High value,2,VIP / High value
14681,2011-09-29 15:52:00,71,3,498.95,2,2,3,7,Occasional,3,Occasional
14682,2011-06-05 12:12:00,188,2,52.0,1,1,1,3,At risk / Low value,1,At risk / Low value
14684,2011-11-14 11:33:00,26,5,1201.51,4,3,4,11,Loyal,0,Occasional
14687,2011-08-25 11:59:00,107,1,628.38,2,1,3,6,At risk / Low value,3,Occasional
14688,2011-12-02 12:26:00,8,27,5055.61,5,4,5,14,VIP / High value,2,VIP / High value
14689,2011-05-15 11:22:00,209,1,112.8,1,1,1,3,At risk / Low value,1,At risk / Low value
14690,2011-10-26 15:39:00,44,3,341.96,3,2,2,7,Occasional,3,Occasional
14691,2011-11-09 12:30:00,31,5,2114.33,4,3,5,12,Loyal,0,Occasional
14692,2011-07-25 15:08:00,137,5,582.05,2,3,3,8,Occasional,0,Occasional
14693,2011-03-20 12:50:00,265,1,172.9,1,1,1,3,At risk / Low value,1,At risk / Low value
14696,2011-12-05 13:43:00,4,9,2070.97,5,4,5,14,VIP / High value,2,VIP / High value
14697,2011-05-05 15:39:00,218,2,188.60999999999999,1,1,1,3,At risk / Low value,1,At risk / Low value
14698,2011-12-08 12:26:00,2,5,1217.27,5,3,4,12,Loyal,0,Occasional
14699,2011-05-09 14:54:00,214,1,109.13000000000001,1,1,1,3,At risk / Low value,1,At risk / Low value
14700,2011-11-07 14:40:00,32,3,2195.1,3,2,5,10,Loyal,0,Occasional
14701,2011-11-29 12:38:00,11,12,2462.94,5,4,5,14,VIP / High value,2,VIP / High value
14702,2011-12-08 19:29:00,1,18,3210.29,5,4,5,14,VIP / High value,2,VIP / High value
14703,2011-11-25 09:23:00,15,1,318.17,4,1,2,7,Occasional,3,Occasional
14704,2011-11-28 12:51:00,11,9,1493.96,5,4,4,13,VIP / High value,0,Occasional
14705,2011-05-25 12:39:00,199,1,179.0,1,1,1,3,At risk / Low value,1,At risk / Low value
14708,2011-12-07 08:21:00,3,4,1096.67,5,2,4,11,Loyal,0,Occasional
14709,2011-11-24 15:41:00,15,14,4911.14,4,4,5,13,VIP / High value,2,VIP / High value
14710,2011-11-25 14:53:00,14,4,599.48,4,2,3,9,Occasional,0,Occasional
14711,2011-11-29 14:58:00,10,12,2809.02,5,4,5,14,VIP / High value,2,VIP / High value
14712,2011-11-10 12:59:00,29,3,917.07,4,2,4,10,Loyal,0,Occasional
14713,2011-11-30 16:26:00,9,12,2660.1,5,4,5,14,VIP / High value,2,VIP / High value
14714,2011-11-15 13:07:00,24,1,160.19,4,1,1,6,At risk / Low value,3,Occasional
14715,2011-11-15 12:10:00,25,4,867.38,4,2,3,9,Occasional,0,Occasional
14716,2011-10-27 17:29:00,43,2,307.51,3,1,2,6,At risk / Low value,3,Occasional
14719,2011-12-08 12:43:00,2,6,1571.89,5,3,4,12,Loyal,0,Occasional
14720,2011-12-04 12:02:00,6,3,663.81,5,2,3,10,Loyal,0,Occasional
14722,2011-07-15 14:58:00,147,1,180.42000000000002,2,1,1,4,At risk / Low value,3,Occasional
14723,2011-11-29 15:23:00,10,6,1122.3600000000001,5,3,4,12,Loyal,0,Occasional
14725,2011-11-15 12:42:00,25,1,655.58,4,1,3,8,Occasional,3,Occasional
14727,2011-03-10 14:45:00,274,1,268.58,1,1,2,4,At risk / Low value,1,At risk / Low value
14729,2010-12-01 12:43:00,374,1,313.49,1,1,2,4,At risk / Low value,1,At risk / Low value
14730,2011-12-08 14:39:00,1,8,1897.57,5,4,4,13,VIP / High value,0,Occasional
14731,2011-10-23 15:54:00,47,3,380.02,3,2,2,7,Occasional,3,Occasional
14732,2011-12-01 14:34:00,8,10,2686.34,5,4,5,14,VIP / High value,2,VIP / High value
14733,2011-11-30 14:54:00,9,15,9451.54,5,4,5,14,VIP / High value,2,VIP / High value
14735,2011-12-06 12:09:00,4,34,5807.6900000000005,5,4,5,14,VIP / High value,2,VIP / High value
14737,2011-12-06 10:16:00,4,3,1164.55,5,2,4,11,Loyal,0,Occasional
14738,2011-10-31 12:57:00,39,9,1289.94,3,4,4,11,Loyal,0,Occasional
14739,2011-12-07 14:32:00,2,8,3899.1,5,4,5,14,VIP / High value,2,VIP / High value
14740,2011-06-01 15:17:00,191,4,1423.21,1,2,4,7,Occasional,0,Occasional
14741,2011-11-28 08:48:00,12,6,1400.34,4,3,4,11,Loyal,0,Occasional
14744,2011-11-23 12:51:00,16,9,1088.53,4,4,4,12,Loyal,0,Occasional
14745,2011-08-19 10:05:00,113,6,1167.16,2,3,4,9,Occasional,0,Occasional
14747,2011-04-06 10:17:00,248,2,294.3,1,1,2,4,At risk / Low value,1,At risk / Low value
14748,2011-11-10 18:33:00,29,6,1311.79,4,3,4,11,Loyal,0,Occasional
14752,2011-10-27 11:55:00,44,1,389.64,3,1,2,6,At risk / Low value,3,Occasional
14753,2011-09-13 14:50:00,87,1,563.15,2,1,3,6,At risk / Low value,3,Occasional
14754,2011-10-26 12:01:00,45,2,638.05,3,1,3,7,Occasional,3,Occasional
14755,2011-11-30 11:24:00,10,12,4965.38,5,4,5,14,VIP / High value,2,VIP / High value
14756,2011-11-24 18:13:00,15,1,738.96,4,1,3,8,Occasional,3,Occasional
14757,2011-09-25 14:36:00,75,1,420.5,2,1,2,5,At risk / Low value,3,Occasional
14758,2011-07-18 08:21:00,145,4,1484.06,2,2,4,8,Occasional,0,Occasional
14759,2011-12-05 12:03:00,5,3,1625.97,5,2,4,11,Loyal,0,Occasional
14760,2011-02-18 14:36:00,294,2,53.8,1,1,1,3,At risk / Low value,1,At risk / Low value
14761,2011-10-12 12:10:00,59,2,255.9,3,1,2,6,At risk / Low value,3,Occasional
14762,2011-03-21 08:20:00,264,1,300.52,1,1,2,4,At risk / Low value,1,At risk / Low value
14764,2011-10-27 10:46:00,44,2,250.55,3,1,2,6,At risk / Low value,3,Occasional
14765,2011-11-10 19:53:00,29,3,254.11,4,2,2,8,Occasional,3,Occasional
14766,2011-12-01 16:05:00,8,8,2423.07,5,4,5,14,VIP / High value,0,Occasional
14768,2011-11-22 12:54:00,17,3,139.5,4,2,1,7,Occasional,3,Occasional
14769,2011-12-07 10:24:00,3,10,10383.83,5,4,5,14,VIP / High value,2,VIP / High value
14770,2011-04-21 14:21:00,232,2,876.42,1,1,3,5,At risk / Low value,1,At risk / Low value
14772,2011-08-19 15:04:00,112,1,139.26,2,1,1,4,At risk / Low value,3,Occasional
14775,2011-10-12 15:27:00,58,3,1011.9,3,2,4,9,Occasional,0,Occasional
14776,2011-10-19 15:34:00,51,13,2195.58,3,4,5,12,Loyal,2,VIP / High value
14778,2011-08-04 15:23:00,127,2,730.86,2,1,3,6,At risk / Low value,3,Occasional
14779,2011-03-04 12:42:00,281,3,386.15,1,2,2,5,At risk / Low value,1,At risk / Low value
14780,2011-10-16 12:46:00,55,2,447.68,3,1,2,6,At risk / Low value,3,Occasional
14782,2011-01-24 11:12:00,320,1,200.10000000000002,1,1,1,3,At risk / Low value,1,At risk / Low value
14784,2011-11-13 13:30:00,26,2,289.99,4,1,2,7,Occasional,3,Occasional
14785,2011-11-29 13:21:00,10,2,77.4,5,1,1,7,Occasional,3,Occasional
14788,2011-12-02 17:06:00,7,2,679.4399999999999,5,1,3,9,Occasional,3,Occasional
14789,2011-11-11 08:59:00,29,1,197.64,4,1,1,6,At risk / Low value,3,Occasional
14790,2011-11-23 09:28:00,17,4,745.06,4,2,3,9,Occasional,0,Occasional
14793,2011-12-05 16:25:00,4,2,214.14,5,1,1,7,Occasional,3,Occasional
14794,2011-12-07 10:11:00,3,9,1272.11,5,4,4,13,VIP / High value,0,Occasional
14795,2011-06-26 13:04:00,166,1,131.45000000000002,2,1,1,4,At risk / Low value,1,At risk / Low value
14796,2011-12-08 15:31:00,1,27,7792.51,5,4,5,14,VIP / High value,2,VIP / High value
14798,2011-10-18 10:58:00,53,3,173.74,3,2,1,6,At risk / Low value,3,Occasional
14799,2011-10-19 16:16:00,51,1,157.7,3,1,1,5,At risk / Low value,3,Occasional
14800,2011-10-23 12:46:00,48,16,4228.39,3,4,5,12,Loyal,2,VIP / High value
14801,2011-10-09 15:24:00,61,1,189.34,3,1,1,5,At risk / Low value,3,Occasional
14803,2011-06-30 13:58:00,162,3,845.55,2,2,3,7,Occasional,0,Occasional
14804,2011-12-01 11:20:00,9,1,353.27,5,1,2,8,Occasional,3,Occasional
14805,2011-11-24 16:20:00,15,4,546.4,4,2,3,9,Occasional,0,Occasional
14806,2011-09-25 15:32:00,75,1,193.39000000000001,2,1,1,4,At risk / Low value,3,Occasional
14808,2011-10-31 12:21:00,40,15,2152.8,3,4,5,12,Loyal,2,VIP / High value
14810,2011-10-30 11:19:00,41,11,2085.33,3,4,5,12,Loyal,2,VIP / High value
14813,2010-12-05 11:57:00,370,2,152.88,1,1,1,3,At risk / Low value,1,At risk / Low value
14815,2011-11-03 11:36:00,37,2,778.5,3,1,3,7,Occasional,3,Occasional
14816,2011-05-26 13:16:00,197,1,271.85,1,1,2,4,At risk / Low value,1,At risk / Low value
14817,2011-05-23 13:35:00,200,2,1110.34,1,1,4,6,At risk / Low value,1,At risk / Low value
14818,2011-09-27 11:01:00,74,3,657.8,2,2,3,7,Occasional,0,Occasional
14819,2011-10-06 13:41:00,64,2,272.07,3,1,2,6,At risk / Low value,3,Occasional
14820,2011-11-18 15:41:00,21,4,507.29,4,2,3,9,Occasional,0,Occasional
14821,2010-12-08 08:43:00,367,1,48.800000000000004,1,1,1,3,At risk / Low value,1,At risk / Low value
14823,2011-06-12 13:12:00,180,3,321.43,1,2,2,5,At risk / Low value,1,At risk / Low value
14824,2011-11-29 14:20:00,10,4,1127.71,5,2,4,11,Loyal,0,Occasional
14825,2011-12-06 11:38:00,4,12,2221.01,5,4,5,14,VIP / High value,2,VIP / High value
14828,2011-05-27 10:16:00,197,3,2139.76,1,2,5,8,Occasional,0,Occasional
14829,2011-11-10 16:16:00,29,6,644.65,4,3,3,10,Loyal,0,Occasional
14830,2011-10-17 14:29:00,53,1,188.88,3,1,1,5,At risk / Low value,3,Occasional
14834,2011-11-22 10:30:00,18,8,1698.35,4,4,4,12,Loyal,0,Occasional
14836,2011-11-29 16:45:00,10,3,102.44999999999999,5,2,1,8,Occasional,3,Occasional
14837,2011-09-11 10:58:00,90,5,1641.2,2,3,4,9,Occasional,0,Occasional
14840,2011-03-17 12:00:00,268,1,62.85,1,1,1,3,At risk / Low value,1,At risk / Low value
14841,2011-10-17 15:03:00,53,6,3295.76,3,3,5,11,Loyal,0,Occasional
14842,2011-11-04 13:09:00,35,8,2456.8,3,4,5,12,Loyal,0,Occasional
14844,2011-10-07 10:41:00,64,4,3189.81,3,2,5,10,Loyal,0,Occasional
14847,2011-07-14 10:52:00,149,1,309.4,2,1,2,5,At risk / Low value,3,Occasional
14849,2011-11-18 10:58:00,22,28,7904.28,4,4,5,13,VIP / High value,2,VIP / High value
14850,2011-02-01 11:21:00,312,2,278.15,1,1,2,4,At risk / Low value,1,At risk / Low value
14851,2011-11-16 14:20:00,23,2,511.35,4,1,3,8,Occasional,3,Occasional
14852,2011-10-12 13:20:00,58,6,2836.69,3,3,5,11,Loyal,0,Occasional
14853,2011-12-01 09:44:00,9,3,463.05,5,2,2,9,Occasional,3,Occasional
14854,2011-09-22 17:00:00,78,8,2730.09,2,4,5,11,Loyal,0,Occasional
14855,2011-08-12 14:02:00,119,2,645.65,2,1,3,6,At risk / Low value,3,Occasional
14856,2011-11-03 14:53:00,36,3,1290.53,3,2,4,9,Occasional,0,Occasional
14857,2011-10-11 09:23:00,60,3,1165.65,3,2,4,9,Occasional,0,Occasional
14859,2011-11-27 11:18:00,13,5,1352.04,4,3,4,11,Loyal,0,Occasional
14860,2011-12-01 09:44:00,9,2,168.62,5,1,1,7,Occasional,3,Occasional
14861,2011-10-18 12:54:00,52,1,125.79,3,1,1,5,At risk / Low value,3,Occasional
14862,2011-11-14 10:01:00,26,2,841.1999999999999,4,1,3,8,Occasional,0,Occasional
14863,2011-11-10 15:04:00,29,1,266.76,4,1,2,7,Occasional,3,Occasional
14865,2011-12-02 16:25:00,7,2,52.2,5,1,1,7,Occasional,3,Occasional
14866,2011-11-29 11:45:00,11,13,14197.45,5,4,5,14,VIP / High value,2,VIP / High value
14867,2011-06-07 11:39:00,186,4,701.33,1,2,3,6,At risk / Low value,1,At risk / Low value
14868,2011-12-06 14:49:00,3,9,2939.64,5,4,5,14,VIP / High value,2,VIP / High value
14869,2011-12-06 10:55:00,4,3,717.7,5,2,3,10,Loyal,0,Occasional
14870,2011-03-23 10:51:00,262,1,327.25,1,1,2,4,At risk / Low value,1,At risk / Low value
14871,2011-12-06 13:42:00,3,4,501.28000000000003,5,2,3,10,Loyal,0,Occasional
14873,2011-05-13 13:52:00,210,1,519.68,1,1,3,5,At risk / Low value,1,At risk / Low value
14875,2011-11-30 14:41:00,9,5,1448.72,5,3,4,12,Loyal,0,Occasional
14878,2011-11-27 11:15:00,13,9,1476.09,4,4,4,12,Loyal,0,Occasional
14880,2011-09-23 13:42:00,77,3,690.59,2,2,3,7,Occasional,0,Occasional
14881,2011-11-20 11:06:00,20,1,255.4,4,1,2,7,Occasional,3,Occasional
14882,2011-11-13 12:47:00,27,2,589.7,4,1,3,8,Occasional,3,Occasional
14883,2011-11-21 10:23:00,19,7,756.64,4,3,3,10,Loyal,0,Occasional
14885,2011-07-31 12:05:00,132,1,765.3199999999999,2,1,3,6,At risk / Low value,3,Occasional
14886,2011-04-01 08:56:00,253,1,364.8,1,1,2,4,At risk / Low value,1,At risk / Low value
14887,2011-09-21 15:32:00,79,1,1862.0,2,1,4,7,Occasional,0,Occasional
14888,2011-05-16 14:58:00,207,1,369.2,1,1,2,4,At risk / Low value,1,At risk / Low value
14889,2011-01-07 15:19:00,336,1,135.9,1,1,1,3,At risk / Low value,1,At risk / Low value
14890,2011-03-31 11:57:00,254,1,125.65,1,1,1,3,At risk / Low value,1,At risk / Low value
14891,2011-07-14 18:08:00,148,2,554.38,2,1,3,6,At risk / Low value,3,Occasional
14893,2011-11-30 12:31:00,10,2,1237.8500000000001,5,1,4,10,Loyal,0,Occasional
14894,2011-09-15 13:51:00,85,1,655.75,2,1,3,6,At risk / Low value,3,Occasional
14895,2011-12-02 09:23:00,8,24,11020.26,5,4,5,14,VIP / High value,2,VIP / High value
14896,2011-05-19 10:20:00,205,2,468.77000000000004,1,1,2,4,At risk / Low value,1,At risk / Low value
14897,2011-12-02 10:32:00,8,4,1366.38,5,2,4,11,Loyal,0,Occasional
14898,2011-11-16 14:54:00,23,8,1194.11,4,4,4,12,Loyal,0,Occasional
14901,2011-11-28 17:09:00,11,10,1414.99,5,4,4,13,VIP / High value,0,Occasional
14902,2011-11-18 17:09:00,21,2,314.11,4,1,2,7,Occasional,3,Occasional
14903,2011-11-18 16:07:00,21,10,2729.18,4,4,5,13,VIP / High value,2,VIP / High value
14904,2011-12-07 12:55:00,2,2,1025.44,5,1,4,10,Loyal,0,Occasional
14905,2011-07-08 13:36:00,154,3,599.9,2,2,3,7,Occasional,3,Occasional
14907,2011-12-06 14:14:00,3,10,3478.85,5,4,5,14,VIP / High value,2,VIP / High value
14908,2011-09-26 12:56:00,74,1,277.8,2,1,2,5,At risk / Low value,3,Occasional
14910,2011-12-07 10:06:00,3,7,389.86,5,3,2,10,Loyal,0,Occasional
14911,2011-12-08 15:54:00,1,248,132458.73,5,4,5,14,VIP / High value,2,VIP / High value
14912,2011-11-23 12:29:00,17,3,841.52,4,2,3,9,Occasional,0,Occasional
14913,2011-11-04 08:29:00,36,4,1227.43,3,2,4,9,Occasional,0,Occasional
14915,2011-09-15 10:27:00,86,3,258.83,2,2,2,6,At risk / Low value,3,Occasional
14916,2011-09-30 09:20:00,71,5,1264.84,2,3,4,9,Occasional,0,Occasional
14918,2011-08-16 11:50:00,116,2,1610.15,2,1,4,7,Occasional,0,Occasional
14920,2011-05-11 10:32:00,213,2,977.77,1,1,4,6,At risk / Low value,1,At risk / Low value
14921,2011-11-09 13:17:00,30,2,1316.07,4,1,4,9,Occasional,0,Occasional
14923,2011-10-20 11:51:00,51,1,749.1,3,1,3,7,Occasional,3,Occasional
14924,2011-04-08 09:25:00,246,1,310.05,1,1,2,4,At risk / Low value,1,At risk / Low value
14929,2011-11-07 17:21:00,32,1,223.88,3,1,1,5,At risk / Low value,3,Occasional
14930,2011-08-23 10:31:00,109,3,2362.96,2,2,5,9,Occasional,0,Occasional
14931,2011-12-05 10:19:00,5,6,964.6800000000001,5,3,4,12,Loyal,0,Occasional
14932,2010-12-09 11:48:00,366,1,363.53,1,1,2,4,At risk / Low value,1,At risk / Low value
14934,2011-09-28 09:45:00,73,3,1888.84,2,2,4,8,Occasional,0,Occasional
14935,2011-02-15 14:44:00,297,1,1784.71,1,1,4,6,At risk / Low value,1,At risk / Low value
14936,2011-11-30 15:07:00,9,9,8117.42,5,4,5,14,VIP / High value,2,VIP / High value
14937,2011-10-14 12:29:00,57,4,1617.63,3,2,4,9,Occasional,0,Occasional
14944,2011-11-10 09:10:00,30,14,5842.95,4,4,5,13,VIP / High value,2,VIP / High value
14946,2011-11-25 13:33:00,14,1,100.9,4,1,1,6,At risk / Low value,3,Occasional
14947,2011-09-28 15:48:00,72,2,290.82,2,1,2,5,At risk / Low value,3,Occasional
14948,2011-11-16 17:16:00,23,7,1066.57,4,3,4,11,Loyal,0,Occasional
14950,2011-12-01 09:42:00,9,2,361.25,5,1,2,8,Occasional,3,Occasional
14951,2011-09-21 15:15:00,79,1,311.69,2,1,2,5,At risk / Low value,3,Occasional
14952,2011-10-24 13:50:00,46,15,7912.79,3,4,5,12,Loyal,2,VIP / High value
14953,2011-11-14 14:59:00,25,1,285.67,4,1,2,7,Occasional,3,Occasional
14954,2011-11-27 14:30:00,12,1,294.85,4,1,2,7,Occasional,3,Occasional
14957,2011-03-31 17:59:00,253,1,58.49,1,1,1,3,At risk / Low value,1,At risk / Low value
14958,2011-07-15 14:20:00,147,3,483.72999999999996,2,2,3,7,Occasional,3,Occasional
14959,2011-10-11 16:28:00,59,5,684.97,3,3,3,9,Occasional,0,Occasional
14960,2011-12-01 12:54:00,8,2,221.27,5,1,1,7,Occasional,3,Occasional
14961,2011-11-29 09:42:00,11,12,7006.58,5,4,5,14,VIP / High value,2,VIP / High value
14962,2011-03-14 09:42:00,271,1,126.7,1,1,1,3,At risk / Low value,1,At risk / Low value
14963,2011-11-30 12:16:00,10,5,1472.34,5,3,4,12,Loyal,0,Occasional
14964,2011-04-06 14:13:00,247,1,206.21,1,1,1,3,At risk / Low value,1,At risk / Low value
14965,2011-09-04 13:20:00,96,2,596.09,2,1,3,6,At risk / Low value,3,Occasional
14966,2011-11-25 12:20:00,15,1,183.02,4,1,1,6,At risk / Low value,3,Occasional
14967,2011-10-21 11:06:00,50,1,463.8,3,1,2,6,At risk / Low value,3,Occasional
14968,2011-11-09 13:58:00,30,1,147.59,4,1,1,6,At risk / Low value,3,Occasional
14970,2011-10-02 13:44:00,68,4,1592.06,3,2,4,9,Occasional,0,Occasional
14971,2011-11-04 17:07:00,35,3,1097.98,3,2,4,9,Occasional,0,Occasional
14972,2011-08-03 14:54:00,128,1,114.77,2,1,1,4,At risk / Low value,3,Occasional
14973,2011-08-24 15:51:00,107,3,1314.45,2,2,4,8,Occasional,0,Occasional
14974,2011-11-02 13:01:00,37,1,89.94,3,1,1,5,At risk / Low value,3,Occasional
14975,2011-10-13 14:08:00,57,1,279.94,3,1,2,6,At risk / Low value,3,Occasional
14976,2011-10-13 16:37:00,57,8,765.86,3,4,3,10,Loyal,0,Occasional
14978,2011-09-28 13:07:00,72,5,1921.3700000000001,2,3,4,9,Occasional,0,Occasional
14981,2011-04-07 13:45:00,246,1,102.12,1,1,1,3,At risk / Low value,1,At risk / Low value
14984,2011-11-20 14:28:00,19,2,202.37,4,1,1,6,At risk / Low value,3,Occasional
14985,2011-05-25 14:29:00,198,2,292.01,1,1,2,4,At risk / Low value,1,At risk / Low value
14987,2011-11-24 09:59:00,16,2,326.4,4,1,2,7,Occasional,3,Occasional
14988,2011-05-12 12:05:00,212,1,334.54,1,1,2,4,At risk / Low value,1,At risk / Low value
14995,2011-11-01 11:39:00,39,2,231.98000000000002,3,1,1,5,At risk / Low value,3,Occasional
14997,2011-10-24 13:28:00,46,4,540.98,3,2,3,8,Occasional,0,Occasional
14998,2011-06-22 17:30:00,170,2,414.87,2,1,2,5,At risk / Low value,1,At risk / Low value
15000,2011-10-23 11:42:00,48,1,490.52,3,1,3,7,Occasional,3,Occasional
15002,2011-08-16 10:44:00,116,4,1641.76,2,2,4,8,Occasional,0,Occasional
15004,2011-07-15 14:05:00,147,1,1220.77,2,1,4,7,Occasional,3,Occasional
15005,2011-11-24 12:25:00,16,35,6160.54,4,4,5,13,VIP / High value,2,VIP / High value
15006,2011-10-19 15:08:00,51,1,480.38,3,1,3,7,Occasional,3,Occasional
15007,2011-07-03 16:00:00,159,1,156.91,2,1,1,4,At risk / Low value,1,At risk / Low value
15009,2011-11-27 13:35:00,12,3,1259.43,4,2,4,10,Loyal,0,Occasional
15010,2011-11-04 12:42:00,36,1,308.94,3,1,2,6,At risk / Low value,3,Occasional
15012,2011-10-17 12:22:00,54,2,405.04,3,1,2,6,At risk / Low value,3,Occasional
15014,2011-10-27 20:07:00,43,2,257.67,3,1,2,6,At risk / Low value,3,Occasional
15016,2011-06-20 12:06:00,173,1,170.04,2,1,1,4,At risk / Low value,1,At risk / Low value
15017,2011-11-06 10:33:00,34,1,125.58,3,1,1,5,At risk / Low value,3,Occasional
15018,2011-11-01 12:47:00,39,4,456.26,3,2,2,7,Occasional,0,Occasional
15019,2011-03-18 12:35:00,267,1,252.81,1,1,2,4,At risk / Low value,1,At risk / Low value
15021,2011-12-01 11:53:00,9,13,1829.23,5,4,4,13,VIP / High value,2,VIP / High value
15022,2011-11-28 12:35:00,12,4,852.39,4,2,3,9,Occasional,0,Occasional
15023,2011-12-06 17:23:00,3,12,6680.81,5,4,5,14,VIP / High value,2,VIP / High value
15024,2011-11-30 12:06:00,10,10,1636.43,5,4,4,13,VIP / High value,2,VIP / High value
15025,2011-11-06 15:20:00,33,1,361.96,3,1,2,6,At risk / Low value,3,Occasional
15026,2011-09-20 13:52:00,80,3,469.0,2,2,2,6,At risk / Low value,3,Occasional
15027,2011-11-09 10:16:00,31,6,1051.95,4,3,4,11,Loyal,0,Occasional
15028,2011-12-01 14:06:00,8,4,627.13,5,2,3,10,Loyal,0,Occasional
15030,2011-09-29 10:50:00,72,2,518.28,2,1,3,6,At risk / Low value,3,Occasional
15031,2011-12-05 14:19:00,4,4,653.19,5,2,3,10,Loyal,0,Occasional
15032,2011-03-28 15:30:00,256,5,4464.1,1,3,5,9,Occasional,0,Occasional
15033,2011-12-05 12:40:00,5,11,2541.53,5,4,5,14,VIP / High value,2,VIP / High value
15034,2011-11-24 12:11:00,16,11,4243.21,4,4,5,13,VIP / High value,2,VIP / High value
15035,2011-09-11 11:08:00,90,1,252.73000000000002,2,1,2,5,At risk / Low value,3,Occasional
15036,2011-09-28 15:42:00,72,3,429.56,2,2,2,6,At risk / Low value,3,Occasional
15038,2011-10-27 14:42:00,43,7,645.84,3,3,3,9,Occasional,0,Occasional
15039,2011-11-30 11:31:00,10,52,19638.59,5,4,5,14,VIP / High value,2,VIP / High value
15041,2011-06-22 16:16:00,170,1,179.93,2,1,1,4,At risk / Low value,1,At risk / Low value
15042,2011-05-24 16:25:00,199,1,135.93,1,1,1,3,At risk / Low value,1,At risk / Low value
15043,2011-11-08 14:26:00,31,1,537.0,4,1,3,8,Occasional,3,Occasional
15044,2011-11-20 13:20:00,19,22,7563.88,4,4,5,13,VIP / High value,2,VIP / High value
15045,2011-07-11 11:33:00,152,3,633.66,2,2,3,7,Occasional,0,Occasional
15046,2011-11-30 15:50:00,9,16,4940.66,5,4,5,14,VIP / High value,2,VIP / High value
15047,2011-03-15 10:49:00,270,1,343.62,1,1,2,4,At risk / Low value,1,At risk / Low value
15048,2011-10-05 14:55:00,65,5,377.52,3,3,2,8,Occasional,0,Occasional
15049,2011-03-11 12:13:00,274,1,121.17000000000002,1,1,1,3,At risk / Low value,1,At risk / Low value
15050,2011-11-14 16:17:00,25,5,1682.77,4,3,4,11,Loyal,0,Occasional
15051,2011-11-16 15:38:00,23,3,1383.3600000000001,4,2,4,10,Loyal,0,Occasional
15052,2011-01-24 15:52:00,319,1,207.73000000000002,1,1,1,3,At risk / Low value,1,At risk / Low value
15053,2011-12-05 12:08:00,5,3,693.95,5,2,3,10,Loyal,0,Occasional
15054,2011-11-27 15:02:00,12,2,302.1,4,1,2,7,Occasional,3,Occasional
15057,2011-03-09 15:17:00,275,2,1489.5,1,1,4,6,At risk / Low value,1,At risk / Low value
15058,2011-11-14 14:57:00,25,11,2102.54,4,4,5,13,VIP / High value,2,VIP / High value
15059,2011-10-30 11:35:00,41,11,1325.82,3,4,4,11,Loyal,0,Occasional
15060,2011-12-01 13:47:00,8,4,294.25,5,2,2,9,Occasional,3,Occasional
15061,2011-12-06 12:06:00,4,55,54228.74,5,4,5,14,VIP / High value,2,VIP / High value
15062,2011-09-29 16:51:00,71,4,987.86,2,2,4,8,Occasional,0,Occasional
15063,2011-05-10 13:25:00,213,1,370.79999999999995,1,1,2,4,At risk / Low value,1,At risk / Low value
15065,2011-11-02 09:45:00,38,6,3135.98,3,3,5,11,Loyal,0,Occasional
15066,2011-11-08 09:56:00,32,2,760.59,3,1,3,7,Occasional,3,Occasional
15067,2011-09-22 13:20:00,78,3,1744.76,2,2,4,8,Occasional,0,Occasional
15068,2011-10-24 14:47:00,46,2,553.36,3,1,3,7,Occasional,3,Occasional
15069,2011-06-13 14:16:00,179,1,1109.53,1,1,4,6,At risk / Low value,1,At risk / Low value
15070,2010-12-02 11:23:00,373,1,106.2,1,1,1,3,At risk / Low value,1,At risk / Low value
15071,2011-09-07 11:43:00,94,2,982.07,2,1,4,7,Occasional,0,Occasional
15073,2011-11-30 10:44:00,10,4,612.43,5,2,3,10,Loyal,0,Occasional
15074,2011-08-26 14:45:00,105,1,735.67,2,1,3,6,At risk / Low value,3,Occasional
15075,2011-09-23 12:27:00,78,1,773.03,2,1,3,6,At risk / Low value,3,Occasional
15076,2011-06-20 08:23:00,173,1,880.85,2,1,3,6,At risk / Low value,1,At risk / Low value
15078,2011-12-02 15:41:00,7,38,9623.35,5,4,5,14,VIP / High value,2,VIP / High value
15079,2011-05-11 12:45:00,213,5,893.66,1,3,3,7,Occasional,1,At risk / Low value
15081,2011-11-17 17:08:00,22,6,487.35,4,3,3,10,Loyal,0,Occasional
15083,2011-03-28 12:18:00,257,1,88.2,1,1,1,3,At risk / Low value,1,At risk / Low value
15087,2011-03-03 10:34:00,282,1,306.94,1,1,2,4,At risk / Low value,1,At risk / Low value
15088,2011-11-18 13:14:00,21,3,1140.27,4,2,4,10,Loyal,0,Occasional
15089,2011-11-29 16:31:00,10,6,2420.84,5,3,5,13,VIP / High value,0,Occasional
15090,2011-02-04 14:03:00,308,1,381.32,1,1,2,4,At risk / Low value,1,At risk / Low value
15091,2011-10-17 10:47:00,54,2,476.96,3,1,2,6,At risk / Low value,3,Occasional
15092,2011-05-08 14:10:00,215,2,457.81,1,1,2,4,At risk / Low value,1,At risk / Low value
15093,2011-11-21 13:09:00,18,9,4410.14,4,4,5,13,VIP / High value,2,VIP / High value
15095,2011-08-28 12:01:00,104,5,1364.7,2,3,4,9,Occasional,0,Occasional
15096,2011-10-28 10:27:00,43,1,219.39000000000001,3,1,1,5,At risk / Low value,3,Occasional
15097,2011-12-05 14:03:00,4,1,248.08,5,1,2,8,Occasional,3,Occasional
15098,2011-06-10 15:39:00,182,5,649.5,1,3,3,7,Occasional,0,Occasional
15099,2011-09-16 13:13:00,84,1,410.48,2,1,2,5,At risk / Low value,3,Occasional
15100,2011-01-13 17:09:00,330,6,635.1,1,3,3,7,Occasional,1,At risk / Low value
15101,2011-12-01 10:18:00,9,3,310.03,5,2,2,9,Occasional,3,Occasional
15103,2011-11-08 14:53:00,31,2,703.36,4,1,3,8,Occasional,3,Occasional
15104,2011-06-26 11:35:00,167,3,968.64,2,2,4,8,Occasional,0,Occasional
15105,2011-11-21 16:54:00,18,7,2298.93,4,3,5,12,Loyal,0,Occasional
15106,2011-11-22 09:16:00,18,7,1407.73,4,3,4,11,Loyal,0,Occasional
15107,2011-02-01 14:46:00,311,8,247.66,1,4,2,7,Occasional,1,At risk / Low value
15108,2011-07-21 10:24:00,142,5,1291.75,2,3,4,9,Occasional,0,Occasional
15109,2011-04-13 09:53:00,241,2,463.75,1,1,2,4,At risk / Low value,1,At risk / Low value
15110,2011-11-16 11:16:00,24,7,973.2,4,3,4,11,Loyal,0,Occasional
15111,2011-11-10 16:58:00,29,3,1567.48,4,2,4,10,Loyal,0,Occasional
15113,2011-11-30 08:23:00,10,4,3339.5099999999998,5,2,5,12,Loyal,0,Occasional
15114,2011-11-09 15:05:00,30,10,2760.56,4,4,5,13,VIP / High value,2,VIP / High value
15115,2011-11-21 14:59:00,18,1,340.11,4,1,2,7,Occasional,3,Occasional
15116,2011-11-22 12:25:00,18,4,1352.75,4,2,4,10,Loyal,0,Occasional
15117,2011-11-25 08:12:00,15,6,1550.13,4,3,4,11,Loyal,0,Occasional
15118,2011-07-28 14:54:00,134,1,244.8,2,1,2,5,At risk / Low value,3,Occasional
15119,2011-04-08 09:08:00,246,1,266.4,1,1,2,4,At risk / Low value,1,At risk / Low value
15120,2011-08-02 10:05:00,130,2,343.82,2,1,2,5,At risk / Low value,3,Occasional
15121,2011-10-20 14:51:00,50,2,457.72,3,1,2,6,At risk / Low value,3,Occasional
15122,2011-09-15 16:27:00,85,6,1612.13,2,3,4,9,Occasional,0,Occasional
15123,2011-12-02 13:12:00,7,2,2199.31,5,1,5,11,Loyal,0,Occasional
15124,2011-11-17 10:09:00,23,2,184.19,4,1,1,6,At risk / Low value,3,Occasional
15125,2011-11-14 13:57:00,25,23,11117.05,4,4,5,13,VIP / High value,2,VIP / High value
15127,2011-10-05 10:30:00,66,1,406.53,3,1,2,6,At risk / Low value,3,Occasional
15128,2011-10-10 13:54:00,60,8,1419.54,3,4,4,11,Loyal,0,Occasional
15129,2011-10-20 14:40:00,50,11,3447.4,3,4,5,12,Loyal,2,VIP / High value
15130,2011-06-23 10:15:00,170,1,330.11,2,1,2,5,At risk / Low value,1,At risk / Low value
15132,2011-11-21 17:10:00,18,5,977.9300000000001,4,3,4,11,Loyal,0,Occasional
15133,2011-08-04 10:44:00,128,3,982.42,2,2,4,8,Occasional,0,Occasional
15134,2011-11-25 08:55:00,15,8,1387.99,4,4,4,12,Loyal,0,Occasional
15135,2011-04-20 15:58:00,233,2,127.15,1,1,1,3,At risk / Low value,1,At risk / Low value
15136,2011-12-07 12:26:00,3,5,1282.45,5,3,4,12,Loyal,0,Occasional
15139,2011-04-14 11:39:00,240,2,178.96,1,1,1,3,At risk / Low value,1,At risk / Low value
15140,2011-10-18 14:07:00,52,8,2350.0,3,4,5,12,Loyal,0,Occasional
15142,2011-10-24 12:51:00,46,1,498.74,3,1,3,7,Occasional,3,Occasional
15143,2011-04-28 12:03:00,226,1,259.45,1,1,2,4,At risk / Low value,1,At risk / Low value
15144,2011-12-01 15:12:00,8,18,6530.04,5,4,5,14,VIP / High value,2,VIP / High value
15145,2011-12-05 17:21:00,4,4,1194.73,5,2,4,11,Loyal,0,Occasional
15146,2011-06-28 12:09:00,165,3,1313.66,2,2,4,8,Occasional,0,Occasional
15147,2011-05-05 11:20:00,219,2,608.65,1,1,3,5,At risk / Low value,1,At risk / Low value
15148,2011-11-29 08:21:00,11,1,301.29,5,1,2,8,Occasional,3,Occasional
15149,2011-07-29 10:58:00,134,1,520.8000000000001,2,1,3,6,At risk / Low value,3,Occasional
15150,2011-11-22 12:52:00,17,11,5280.83,4,4,5,13,VIP / High value,2,VIP / High value
15152,2011-11-30 12:32:00,10,16,4684.24,5,4,5,14,VIP / High value,2,VIP / High value
15153,2011-11-08 17:09:00,31,1,329.25,4,1,2,7,Occasional,3,Occasional
15154,2011-09-26 16:43:00,74,2,224.73,2,1,1,4,At risk / Low value,3,Occasional
15156,2011-12-08 18:22:00,1,3,961.49,5,2,4,11,Loyal,0,Occasional
15157,2011-12-06 11:28:00,4,5,1869.5,5,3,4,12,Loyal,0,Occasional
15158,2011-10-25 13:53:00,45,1,401.40000000000003,3,1,2,6,At risk / Low value,3,Occasional
15159,2011-12-08 12:05:00,2,34,18573.68,5,4,5,14,VIP / High value,2,VIP / High value
15160,2010-12-17 14:15:00,357,1,158.16,1,1,1,3,At risk / Low value,1,At risk / Low value
15163,2011-11-21 13:10:00,18,2,304.47,4,1,2,7,Occasional,3,Occasional
15164,2011-10-02 12:05:00,69,3,824.58,3,2,3,8,Occasional,0,Occasional
15165,2010-12-01 14:03:00,373,1,487.75,1,1,3,5,At risk / Low value,1,At risk / Low value
15167,2011-01-23 12:41:00,321,1,158.8,1,1,1,3,At risk / Low value,1,At risk / Low value
15168,2011-11-14 11:26:00,26,1,106.56,4,1,1,6,At risk / Low value,3,Occasional
15171,2011-01-19 12:39:00,325,2,1034.5,1,1,4,6,At risk / Low value,1,At risk / Low value
15172,2011-12-01 11:51:00,9,5,1624.05,5,3,4,12,Loyal,0,Occasional
15174,2011-01-21 09:06:00,323,1,135.75,1,1,1,3,At risk / Low value,1,At risk / Low value
15175,2011-09-29 11:31:00,72,1,224.14,2,1,1,4,At risk / Low value,3,Occasional
15178,2011-03-24 15:12:00,260,1,40.5,1,1,1,3,At risk / Low value,1,At risk / Low value
15179,2011-11-21 12:53:00,18,7,2186.2,4,3,5,12,Loyal,0,Occasional
15180,2010-12-07 14:57:00,367,1,87.5,1,1,1,3,At risk / Low value,1,At risk / Low value
15181,2011-10-04 13:58:00,66,5,680.28,3,3,3,9,Occasional,0,Occasional
15182,2011-07-08 13:37:00,154,2,622.85,2,1,3,6,At risk / Low value,3,Occasional
15184,2011-11-10 13:41:00,29,2,402.2,4,1,2,7,Occasional,3,Occasional
15185,2011-09-30 14:06:00,70,1,310.62,3,1,2,6,At risk / Low value,3,Occasional
15186,2011-11-25 14:58:00,14,2,411.41,4,1,2,7,Occasional,3,Occasional
15187,2011-12-08 11:56:00,2,18,4670.08,5,4,5,14,VIP / High value,2,VIP / High value
15189,2011-12-08 13:22:00,1,53,15802.14,5,4,5,14,VIP / High value,2,VIP / High value
15192,2011-08-12 11:41:00,120,3,1044.32,2,2,4,8,Occasional,0,Occasional
15193,2011-10-10 08:23:00,61,1,499.32,3,1,3,7,Occasional,3,Occasional
15194,2011-12-06 15:10:00,3,22,7521.17,5,4,5,14,VIP / High value,2,VIP / High value
15195,2011-12-07 12:20:00,3,1,3861.0,5,1,5,11,Loyal,0,Occasional
15197,2011-12-01 08:14:00,9,5,656.44,5,3,3,11,Loyal,0,Occasional
15198,2011-09-08 14:42:00,92,2,193.64,2,1,1,4,At risk / Low value,3,Occasional
15199,2011-10-11 15:12:00,59,4,1268.7,3,2,4,9,Occasional,0,Occasional
15201,2011-09-22 09:53:00,79,11,927.84,2,4,4,10,Loyal,0,Occasional
15203,2011-11-14 08:16:00,26,6,1827.8,4,3,4,11,Loyal,0,Occasional
15204,2010-12-17 13:49:00,357,1,316.58,1,1,2,4,At risk / Low value,1,At risk / Low value
15205,2011-09-15 19:36:00,85,3,648.8299999999999,2,2,3,7,Occasional,0,Occasional
15206,2011-11-29 13:41:00,10,4,420.29999999999995,5,2,2,9,Occasional,0,Occasional
15208,2011-12-08 17:24:00,1,6,867.62,5,3,3,11,Loyal,0,Occasional
15210,2011-04-28 16:11:00,225,1,331.18,1,1,2,4,At risk / Low value,1,At risk / Low value
15211,2011-10-10 13:31:00,60,2,894.4100000000001,3,1,3,7,Occasional,0,Occasional
15212,2011-04-14 13:12:00,239,2,88.94999999999999,1,1,1,3,At risk / Low value,1,At risk / Low value
15213,2011-01-25 12:25:00,319,3,325.05,1,2,2,5,At risk / Low value,1,At risk / Low value
15214,2011-12-08 12:07:00,2,8,1661.44,5,4,4,13,VIP / High value,0,Occasional
15215,2011-10-26 12:28:00,45,6,615.99,3,3,3,9,Occasional,0,Occasional
15216,2011-09-13 11:41:00,88,1,96.6,2,1,1,4,At risk / Low value,3,Occasional
15218,2011-11-29 11:48:00,11,11,5756.89,5,4,5,14,VIP / High value,2,VIP / High value
15219,2011-06-16 16:57:00,176,1,305.75,1,1,2,4,At risk / Low value,1,At risk / Low value
15220,2011-10-19 12:39:00,52,7,1758.92,3,3,4,10,Loyal,0,Occasional
15221,2010-12-08 13:08:00,366,2,114.1,1,1,1,3,At risk / Low value,1,At risk / Low value
15222,2011-01-25 08:03:00,319,1,585.0,1,1,3,5,At risk / Low value,1,At risk / Low value
15223,2011-04-28 11:31:00,226,3,454.90000000000003,1,2,2,5,At risk / Low value,1,At risk / Low value
15224,2010-12-16 15:02:00,358,3,310.48,1,2,2,5,At risk / Low value,1,At risk / Low value
15225,2011-04-19 14:51:00,234,1,409.40000000000003,1,1,2,4,At risk / Low value,1,At risk / Low value
15226,2011-02-02 11:41:00,311,1,154.41,1,1,1,3,At risk / Low value,1,At risk / Low value
15227,2011-11-03 11:59:00,37,5,1219.4,3,3,4,10,Loyal,0,Occasional
15228,2011-10-04 13:56:00,66,5,3376.96,3,3,5,11,Loyal,0,Occasional
15230,2011-04-14 14:39:00,239,2,429.6,1,1,2,4,At risk / Low value,1,At risk / Low value
15232,2011-08-18 16:27:00,113,2,612.06,2,1,3,6,At risk / Low value,3,Occasional
15234,2011-03-08 08:53:00,277,1,197.0,1,1,1,3,At risk / Low value,1,At risk / Low value
15235,2011-05-06 09:44:00,218,12,2247.51,1,4,5,10,Loyal,2,VIP / High value
15236,2011-02-14 10:52:00,299,1,321.05,1,1,2,4,At risk / Low value,1,At risk / Low value
15237,2011-12-08 09:46:00,2,4,1412.32,5,2,4,11,Loyal,0,Occasional
15238,2011-11-10 14:28:00,29,5,1056.54,4,3,4,11,Loyal,0,Occasional
15239,2011-11-29 14:14:00,10,3,764.34,5,2,3,10,Loyal,0,Occasional
15240,2011-10-26 09:50:00,45,7,1685.57,3,3,4,10,Loyal,0,Occasional
15241,2011-10-04 09:05:00,67,9,1738.59,3,4,4,11,Loyal,0,Occasional
15243,2011-09-26 14:12:00,74,1,316.68,2,1,2,5,At risk / Low value,3,Occasional
15244,2011-10-05 13:19:00,65,2,631.57,3,1,3,7,Occasional,3,Occasional
15245,2011-07-28 18:56:00,134,3,2515.84,2,2,5,9,Occasional,0,Occasional
15246,2011-04-15 14:45:00,238,2,514.15,1,1,3,5,At risk / Low value,1,At risk / Low value
15247,2011-08-09 12:52:00,122,1,356.0,2,1,2,5,At risk / Low value,3,Occasional
15249,2011-11-08 11:45:00,32,15,6657.36,3,4,5,12,Loyal,2,VIP / High value
15251,2011-11-30 15:02:00,9,15,10327.11,5,4,5,14,VIP / High value,2,VIP / High value
15252,2011-11-03 13:30:00,36,2,740.78,3,1,3,7,Occasional,3,Occasional
15253,2011-11-23 16:22:00,16,6,915.3,4,3,3,10,Loyal,0,Occasional
15254,2011-08-04 15:04:00,127,1,300.36,2,1,2,5,At risk / Low value,3,Occasional
15255,2011-10-04 12:43:00,67,1,890.85,3,1,3,7,Occasional,3,Occasional
15256,2011-07-14 11:47:00,149,1,98.45,2,1,1,4,At risk / Low value,3,Occasional
15257,2011-03-03 13:57:00,281,2,232.14999999999998,1,1,1,3,At risk / Low value,1,At risk / Low value
15258,2011-06-24 12:30:00,169,2,623.16,2,1,3,6,At risk / Low value,1,At risk / Low value
15260,2011-08-31 13:55:00,100,8,1780.77,2,4,4,10,Loyal,0,Occasional
15261,2011-07-27 15:20:00,135,1,254.82,2,1,2,5,At risk / Low value,3,Occasional
15262,2011-01-20 12:16:00,324,1,178.95000000000002,1,1,1,3,At risk / Low value,1,At risk / Low value
15263,2011-08-25 10:26:00,107,1,156.51,2,1,1,4,At risk / Low value,3,Occasional
15264,2011-10-06 13:49:00,64,1,393.74,3,1,2,6,At risk / Low value,3,Occasional
15265,2011-07-11 14:46:00,151,2,1506.1200000000001,2,1,4,7,Occasional,0,Occasional
15266,2011-01-05 13:40:00,338,1,119.3,1,1,1,3,At risk / Low value,1,At risk / Low value
15267,2011-11-17 15:59:00,22,5,1717.36,4,3,4,11,Loyal,0,Occasional
15269,2011-11-16 09:32:00,24,1,408.8,4,1,2,7,Occasional,3,Occasional
15270,2011-11-24 09:24:00,16,9,2298.2,4,4,5,13,VIP / High value,2,VIP / High value
15271,2011-12-02 14:11:00,7,16,2472.09,5,4,5,14,VIP / High value,2,VIP / High value
15272,2011-10-13 12:59:00,57,2,721.94,3,1,3,7,Occasional,3,Occasional
15274,2011-12-05 16:57:00,4,2,716.57,5,1,3,9,Occasional,3,Occasional
15275,2011-11-08 17:54:00,31,2,609.19,4,1,3,8,Occasional,3,Occasional
15276,2011-10-04 16:39:00,66,1,128.63,3,1,1,5,At risk / Low value,3,Occasional
15277,2011-10-24 10:08:00,47,1,255.89999999999998,3,1,2,6,At risk / Low value,3,Occasional
15279,2010-12-20 10:48:00,355,2,277.40999999999997,1,1,2,4,At risk / Low value,1,At risk / Low value
15280,2011-06-20 17:14:00,172,1,113.12,2,1,1,4,At risk / Low value,1,At risk / Low value
15281,2011-10-12 09:10:00,59,12,2239.9500000000003,3,4,5,12,Loyal,2,VIP / High value
15286,2011-10-21 11:08:00,50,1,240.55,3,1,1,5,At risk / Low value,3,Occasional
15287,2011-11-17 15:34:00,22,3,485.24,4,2,3,9,Occasional,3,Occasional
15288,2011-10-27 16:58:00,43,5,2306.52,3,3,5,11,Loyal,0,Occasional
15289,2011-11-10 13:49:00,29,4,935.1,4,2,4,10,Loyal,0,Occasional
15290,2011-12-05 11:39:00,5,21,7803.7699999999995,5,4,5,14,VIP / High value,2,VIP / High value
15291,2011-11-14 11:02:00,26,20,4596.51,4,4,5,13,VIP / High value,2,VIP / High value
15292,2011-05-22 15:00:00,201,1,178.39,1,1,1,3,At risk / Low value,1,At risk / Low value
15296,2011-10-26 16:33:00,44,10,3610.31,3,4,5,12,Loyal,2,VIP / High value
15297,2011-11-29 16:32:00,10,4,635.04,5,2,3,10,Loyal,0,Occasional
15298,2011-12-07 17:17:00,2,14,3774.1,5,4,5,14,VIP / High value,2,VIP / High value
15299,2011-10-03 14:19:00,67,11,3787.09,3,4,5,12,Loyal,2,VIP / High value
15300,2011-10-06 17:08:00,64,1,496.44,3,1,3,7,Occasional,3,Occasional
15301,2011-10-20 09:57:00,51,14,5007.72,3,4,5,12,Loyal,2,VIP / High value
15303,2011-02-22 13:59:00,290,1,574.02,1,1,3,5,At risk / Low value,1,At risk / Low value
15304,2011-10-10 10:23:00,61,10,680.3,3,4,3,10,Loyal,0,Occasional
15306,2011-10-06 12:56:00,64,3,1174.35,3,2,4,9,Occasional,0,Occasional
15307,2011-09-05 11:38:00,96,1,205.3,2,1,1,4,At risk / Low value,3,Occasional
15308,2011-03-14 12:24:00,271,2,302.27,1,1,2,4,At risk / Low value,1,At risk / Low value
15311,2011-12-09 12:00:00,1,118,59284.19,5,4,5,14,VIP / High value,2,VIP / High value
15312,2011-09-25 13:10:00,75,5,921.1,2,3,4,9,Occasional,0,Occasional
15313,2011-08-21 16:02:00,110,1,52.0,2,1,1,4,At risk / Low value,3,Occasional
15314,2011-05-24 14:39:00,199,1,327.97,1,1,2,4,At risk / Low value,1,At risk / Low value
15315,2011-10-06 12:51:00,64,3,551.54,3,2,3,8,Occasional,0,Occasional
15316,2011-01-17 11:34:00,327,1,165.0,1,1,1,3,At risk / Low value,1,At risk / Low value
15318,2011-12-06 11:30:00,4,1,312.62,5,1,2,8,Occasional,3,Occasional
15319,2011-03-01 12:48:00,284,1,204.5,1,1,1,3,At risk / Low value,1,At risk / Low value
15320,2011-10-26 13:27:00,44,1,267.13,3,1,2,6,At risk / Low value,3,Occasional
15321,2011-10-21 13:58:00,49,4,2663.48,3,2,5,10,Loyal,0,Occasional
15322,2011-10-06 20:38:00,64,2,602.97,3,1,3,7,Occasional,3,Occasional
15325,2011-08-28 11:55:00,104,1,161.74,2,1,1,4,At risk / Low value,3,Occasional
15326,2011-01-10 11:38:00,334,1,311.71,1,1,2,4,At risk / Low value,1,At risk / Low value
15327,2011-10-18 11:55:00,53,1,208.75,3,1,1,5,At risk / Low value,3,Occasional
15329,2011-11-04 12:56:00,35,5,1005.5,3,3,4,10,Loyal,0,Occasional
15330,2011-11-07 17:50:00,32,2,714.96,3,1,3,7,Occasional,3,Occasional
15332,2010-12-08 14:43:00,366,4,1661.06,1,2,4,7,Occasional,1,At risk / Low value
15333,2011-05-15 13:27:00,208,1,1028.56,1,1,4,6,At risk / Low value,1,At risk / Low value
15334,2011-07-06 11:22:00,157,3,350.82,2,2,2,6,At risk / Low value,3,Occasional
15335,2011-10-17 12:50:00,54,1,170.22,3,1,1,5,At risk / Low value,3,Occasional
15339,2011-10-04 12:51:00,66,3,557.57,3,2,3,8,Occasional,0,Occasional
15341,2011-09-20 09:40:00,81,1,2020.52,2,1,5,8,Occasional,0,Occasional
15342,2011-08-15 16:20:00,116,2,391.76,2,1,2,5,At risk / Low value,3,Occasional
15343,2011-09-13 13:55:00,87,1,364.5,2,1,2,5,At risk / Low value,3,Occasional
15344,2011-12-09 10:45:00,1,5,476.58,5,3,2,10,Loyal,0,Occasional
15345,2011-11-04 13:24:00,35,2,367.69,3,1,2,6,At risk / Low value,3,Occasional
15346,2011-01-11 11:18:00,333,1,252.42000000000002,1,1,2,4,At risk / Low value,1,At risk / Low value
15347,2010-12-08 15:25:00,366,1,201.60000000000002,1,1,1,3,At risk / Low value,1,At risk / Low value
15348,2011-09-28 13:17:00,72,1,158.04,2,1,1,4,At risk / Low value,3,Occasional
15349,2011-07-04 16:06:00,158,2,463.90999999999997,2,1,2,5,At risk / Low value,3,Occasional
15350,2010-12-01 13:33:00,373,1,115.65,1,1,1,3,At risk / Low value,1,At risk / Low value
15351,2011-11-27 12:52:00,12,10,1836.69,4,4,4,12,Loyal,2,VIP / High value
15353,2011-03-30 12:15:00,255,2,770.12,1,1,3,5,At risk / Low value,1,At risk / Low value
15355,2011-11-10 13:44:00,29,2,277.05,4,1,2,7,Occasional,3,Occasional
15356,2011-11-08 13:11:00,31,10,2718.03,4,4,5,13,VIP / High value,2,VIP / High value
15358,2011-12-05 09:04:00,5,29,8235.65,5,4,5,14,VIP / High value,2,VIP / High value
15360,2011-10-31 09:35:00,40,1,427.93,3,1,2,6,At risk / Low value,3,Occasional
15361,2010-12-13 09:52:00,362,1,418.92,1,1,2,4,At risk / Low value,1,At risk / Low value
15363,2011-04-12 15:48:00,241,2,318.05,1,1,2,4,At risk / Low value,1,At risk / Low value
15364,2011-09-05 09:46:00,96,2,913.19,2,1,3,6,At risk / Low value,0,Occasional
15365,2011-11-14 08:29:00,26,9,1330.45,4,4,4,12,Loyal,0,Occasional
15366,2011-09-25 15:01:00,75,2,602.51,2,1,3,6,At risk / Low value,3,Occasional
15367,2011-10-13 14:13:00,57,5,1867.69,3,3,4,10,Loyal,0,Occasional
15368,2011-11-18 14:42:00,21,1,446.94000000000005,4,1,2,7,Occasional,3,Occasional
15370,2011-10-30 10:58:00,41,8,2360.55,3,4,5,12,Loyal,0,Occasional
15372,2011-07-25 16:39:00,137,1,2007.3999999999999,2,1,4,7,Occasional,0,Occasional
15373,2011-12-01 15:05:00,8,13,2213.11,5,4,5,14,VIP / High value,2,VIP / High value
15374,2011-08-03 09:59:00,129,1,168.0,2,1,1,4,At risk / Low value,3,Occasional
15376,2011-10-30 15:04:00,40,3,1221.56,3,2,4,9,Occasional,0,Occasional
15379,2011-06-23 13:13:00,169,8,3631.8900000000003,2,4,5,11,Loyal,0,Occasional
15380,2011-12-01 12:13:00,9,6,1682.3600000000001,5,3,4,12,Loyal,0,Occasional
15381,2011-05-10 11:55:00,214,2,596.85,1,1,3,5,At risk / Low value,1,At risk / Low value
15382,2011-11-25 10:58:00,15,8,5927.86,4,4,5,13,VIP / High value,2,VIP / High value
15384,2011-06-23 10:57:00,170,3,635.76,2,2,3,7,Occasional,1,At risk / Low value
15385,2011-10-30 15:11:00,40,1,316.88,3,1,2,6,At risk / Low value,3,Occasional
15386,2011-06-06 13:47:00,186,1,394.14,1,1,2,4,At risk / Low value,1,At risk / Low value
15388,2011-03-14 13:53:00,270,1,140.54,1,1,1,3,At risk / Low value,1,At risk / Low value
15389,2011-06-20 16:18:00,172,1,500.0,2,1,3,6,At risk / Low value,1,At risk / Low value
15392,2011-12-05 11:01:00,5,5,1515.73,5,3,4,12,Loyal,0,Occasional
15393,2011-11-23 16:48:00,16,2,231.86,4,1,1,6,At risk / Low value,3,Occasional
15394,2011-11-30 11:49:00,10,4,2183.54,5,2,5,12,Loyal,0,Occasional
15395,2011-01-18 12:40:00,326,1,107.45,1,1,1,3,At risk / Low value,1,At risk / Low value
15396,2011-08-19 10:56:00,113,1,288.18,2,1,2,5,At risk / Low value,3,Occasional
15397,2011-02-23 09:25:00,290,1,94.0,1,1,1,3,At risk / Low value,1,At risk / Low value
15398,2011-11-23 16:47:00,16,3,1339.63,4,2,4,10,Loyal,0,Occasional
15399,2011-12-08 13:04:00,1,3,815.77,5,2,3,10,Loyal,0,Occasional
15400,2011-09-08 13:57:00,92,6,666.7,2,3,3,8,Occasional,0,Occasional
15402,2011-07-14 12:17:00,149,2,626.77,2,1,3,6,At risk / Low value,3,Occasional
15405,2011-06-03 14:44:00,189,1,349.1,1,1,2,4,At risk / Low value,1,At risk / Low value
15406,2011-11-21 16:14:00,18,4,426.61,4,2,2,8,Occasional,0,Occasional
15407,2011-11-06 11:55:00,34,4,1046.74,3,2,4,9,Occasional,0,Occasional
15408,2011-03-20 15:02:00,264,1,267.18,1,1,2,4,At risk / Low value,1,At risk / Low value
15410,2011-09-16 14:47:00,84,8,3450.84,2,4,5,11,Loyal,2,VIP / High value
15411,2011-11-13 15:19:00,26,5,1336.43,4,3,4,11,Loyal,0,Occasional
15412,2011-06-21 15:24:00,171,1,190.53,2,1,1,4,At risk / Low value,1,At risk / Low value
15414,2011-11-30 09:50:00,10,3,774.9000000000001,5,2,3,10,Loyal,0,Occasional
15415,2011-01-30 14:13:00,313,1,559.61,1,1,3,5,At risk / Low value,1,At risk / Low value
15416,2011-10-06 09:38:00,65,5,3974.37,3,3,5,11,Loyal,0,Occasional
15417,2011-09-15 15:26:00,85,1,508.8,2,1,3,6,At risk / Low value,3,Occasional
15419,2011-11-15 09:23:00,25,1,135.86,4,1,1,6,At risk / Low value,3,Occasional
15421,2011-10-12 09:20:00,59,4,950.36,3,2,4,9,Occasional,0,Occasional
15422,2011-01-20 16:17:00,323,2,97.7,1,1,1,3,At risk / Low value,1,At risk / Low value
15423,2011-11-01 14:01:00,38,1,43.5,3,1,1,5,At risk / Low value,3,Occasional
15424,2011-03-30 13:02:00,254,2,383.34,1,1,2,4,At risk / Low value,1,At risk / Low value
15426,2011-11-20 15:36:00,19,7,1386.58,4,3,4,11,Loyal,0,Occasional
15427,2011-11-06 14:29:00,33,3,1430.54,3,2,4,9,Occasional,0,Occasional
15428,2011-11-24 16:54:00,15,1,93.78,4,1,1,6,At risk / Low value,3,Occasional
15429,2011-11-13 12:28:00,27,3,364.90000000000003,4,2,2,8,Occasional,3,Occasional
15432,2011-11-16 16:30:00,23,1,171.19,4,1,1,6,At risk / Low value,3,Occasional
15433,2011-09-21 16:24:00,79,3,417.87,2,2,2,6,At risk / Low value,3,Occasional
15434,2011-12-01 13:33:00,8,6,997.48,5,3,4,12,Loyal,0,Occasional
15435,2011-11-17 16:39:00,22,1,149.29,4,1,1,6,At risk / Low value,3,Occasional
15436,2011-11-27 16:05:00,12,3,1067.75,4,2,4,10,Loyal,0,Occasional
15437,2011-03-22 13:11:00,262,1,200.16,1,1,1,3,At risk / Low value,1,At risk / Low value
15438,2011-07-31 14:19:00,131,1,156.57999999999998,2,1,1,4,At risk / Low value,3,Occasional
15440,2011-10-16 12:16:00,55,3,383.68,3,2,2,7,Occasional,3,Occasional
15442,2011-04-05 12:24:00,249,1,594.0,1,1,3,5,At risk / Low value,1,At risk / Low value
15443,2011-12-08 10:40:00,2,8,3188.84,5,4,5,14,VIP / High value,2,VIP / High value
15444,2011-11-30 17:37:00,9,2,1411.21,5,1,4,10,Loyal,0,Occasional
15445,2011-03-20 15:06:00,264,1,113.5,1,1,1,3,At risk / Low value,1,At risk / Low value
15447,2011-01-13 11:26:00,331,1,155.17,1,1,1,3,At risk / Low value,1,At risk / Low value
15448,2011-01-31 10:42:00,313,1,494.64,1,1,3,5,At risk / Low value,1,At risk / Low value
15449,2011-11-13 15:02:00,26,5,971.22,4,3,4,11,Loyal,0,Occasional
15450,2011-11-09 17:11:00,30,1,429.84,4,1,2,7,Occasional,3,Occasional
15452,2011-11-10 12:13:00,30,3,528.48,4,2,3,9,Occasional,0,Occasional
15453,2011-12-08 10:59:00,2,7,1371.77,5,3,4,12,Loyal,0,Occasional
15454,2010-12-12 14:21:00,362,1,179.1,1,1,1,3,At risk / Low value,1,At risk / Low value
15456,2011-03-01 13:51:00,283,3,434.59000000000003,1,2,2,5,At risk / Low value,1,At risk / Low value
15457,2011-03-22 15:31:00,262,1,237.07,1,1,1,3,At risk / Low value,1,At risk / Low value
15458,2011-11-14 13:08:00,25,1,161.64,4,1,1,6,At risk / Low value,3,Occasional
15460,2010-12-20 16:08:00,354,1,214.26,1,1,1,3,At risk / Low value,1,At risk / Low value
15462,2011-09-06 13:11:00,94,3,234.6,2,2,1,5,At risk / Low value,3,Occasional
15463,2011-11-10 12:57:00,29,1,126.14,4,1,1,6,At risk / Low value,3,Occasional
15464,2011-01-05 15:56:00,338,1,1044.65,1,1,4,6,At risk / Low value,1,At risk / Low value
15465,2011-11-20 10:11:00,20,24,6945.0199999999995,4,4,5,13,VIP / High value,2,VIP / High value
15466,2011-09-15 14:08:00,85,1,334.53,2,1,2,5,At risk / Low value,3,Occasional
15467,2011-11-30 14:17:00,9,4,511.88,5,2,3,10,Loyal,0,Occasional
15468,2011-11-04 13:11:00,35,5,438.46,3,3,2,8,Occasional,0,Occasional
15469,2011-10-27 19:16:00,43,4,504.5,3,2,3,8,Occasional,0,Occasional
15471,2011-12-07 14:12:00,2,1,454.48,5,1,2,8,Occasional,3,Occasional
15472,2011-08-18 15:17:00,113,1,371.56,2,1,2,5,At risk / Low value,3,Occasional
15473,2011-11-25 15:15:00,14,10,1465.2,4,4,4,12,Loyal,0,Occasional
15475,2011-09-23 15:20:00,77,1,454.10999999999996,2,1,2,5,At risk / Low value,3,Occasional
15478,2011-10-30 14:19:00,40,2,1399.92,3,1,4,8,Occasional,0,Occasional
15480,2011-08-15 14:32:00,116,1,905.5,2,1,3,6,At risk / Low value,3,Occasional
15482,2011-11-24 10:46:00,16,16,6393.52,4,4,5,13,VIP / High value,2,VIP / High value
15483,2011-07-01 13:07:00,161,4,225.26,2,2,1,5,At risk / Low value,1,At risk / Low value
15484,2011-12-08 15:03:00,1,5,3559.21,5,3,5,13,VIP / High value,0,Occasional
15485,2011-11-09 14:31:00,30,3,2564.5,4,2,5,11,Loyal,0,Occasional
15488,2011-09-08 10:11:00,93,1,91.32000000000001,2,1,1,4,At risk / Low value,3,Occasional
15489,2011-11-17 08:53:00,23,4,1090.03,4,2,4,10,Loyal,0,Occasional
15491,2011-09-05 15:56:00,95,7,3090.85,2,3,5,10,Loyal,0,Occasional
15492,2011-11-11 14:53:00,28,2,659.4599999999999,4,1,3,8,Occasional,3,Occasional
15493,2011-11-07 12:04:00,33,7,1918.86,3,3,4,10,Loyal,0,Occasional
15494,2011-11-18 14:51:00,21,2,1280.58,4,1,4,9,Occasional,0,Occasional
15497,2011-11-22 11:51:00,18,3,1259.7,4,2,4,10,Loyal,0,Occasional
15498,2011-12-09 10:28:00,1,35,12396.46,5,4,5,14,VIP / High value,2,VIP / High value
15500,2011-12-01 13:47:00,8,4,1131.56,5,2,4,11,Loyal,0,Occasional
15502,2011-11-24 12:48:00,16,23,5541.46,4,4,5,13,VIP / High value,2,VIP / High value
15503,2010-12-12 10:57:00,363,1,141.04,1,1,1,3,At risk / Low value,1,At risk / Low value
15504,2011-09-19 13:45:00,81,1,52.83,2,1,1,4,At risk / Low value,3,Occasional
15505,2011-10-18 07:56:00,53,7,3497.14,3,3,5,11,Loyal,0,Occasional
15506,2011-11-17 12:11:00,23,3,972.08,4,2,4,10,Loyal,0,Occasional
15507,2011-06-21 11:19:00,172,1,475.86,2,1,2,5,At risk / Low value,1,At risk / Low value
15508,2011-06-03 15:43:00,189,6,1000.27,1,3,4,8,Occasional,0,Occasional
15510,2011-01-13 12:10:00,331,1,250.0,1,1,2,4,At risk / Low value,1,At risk / Low value
15511,2011-11-28 09:43:00,12,5,900.53,4,3,3,10,Loyal,0,Occasional
15512,2011-07-07 10:20:00,156,2,121.0,2,1,1,4,At risk / Low value,1,At risk / Low value
15513,2011-11-08 16:21:00,31,22,14520.08,4,4,5,13,VIP / High value,2,VIP / High value
15514,2011-11-27 14:40:00,12,13,2907.45,4,4,5,13,VIP / High value,2,VIP / High value
15516,2011-10-26 10:51:00,45,3,62.43,3,2,1,6,At risk / Low value,3,Occasional
15517,2011-04-20 14:02:00,233,1,267.03,1,1,2,4,At risk / Low value,1,At risk / Low value
15518,2011-10-06 13:05:00,64,13,1890.99,3,4,4,11,Loyal,2,VIP / High value
15520,2011-12-08 10:58:00,2,1,343.5,5,1,2,8,Occasional,3,Occasional
15521,2011-11-03 13:52:00,36,13,2574.65,3,4,5,12,Loyal,2,VIP / High value
15522,2011-11-07 11:26:00,33,2,397.99,3,1,2,6,At risk / Low value,3,Occasional
15523,2011-09-16 16:29:00,84,1,412.01000000000005,2,1,2,5,At risk / Low value,3,Occasional
15524,2011-11-15 12:09:00,25,1,440.0,4,1,2,7,Occasional,3,Occasional
15525,2011-12-07 15:39:00,2,4,719.47,5,2,3,10,Loyal,0,Occasional
15526,2011-11-06 15:04:00,33,2,148.44,3,1,1,5,At risk / Low value,3,Occasional
15527,2011-11-21 12:17:00,19,10,2347.57,4,4,5,13,VIP / High value,2,VIP / High value
15528,2011-03-30 16:14:00,254,1,229.33,1,1,1,3,At risk / Low value,1,At risk / Low value
15529,2011-11-17 11:29:00,23,12,3935.15,4,4,5,13,VIP / High value,2,VIP / High value
15530,2011-11-18 12:25:00,22,4,1497.31,4,2,4,10,Loyal,0,Occasional
15531,2011-12-01 18:43:00,8,2,1972.39,5,1,4,10,Loyal,0,Occasional
15532,2011-11-14 14:51:00,25,6,1500.88,4,3,4,11,Loyal,0,Occasional
15533,2011-11-20 15:35:00,19,5,746.92,4,3,3,10,Loyal,0,Occasional
15535,2011-06-19 16:02:00,173,7,426.4,2,3,2,7,Occasional,0,Occasional
15537,2011-06-29 13:10:00,163,1,110.92,2,1,1,4,At risk / Low value,1,At risk / Low value
15539,2011-12-02 13:36:00,7,1,538.46,5,1,3,9,Occasional,3,Occasional
15540,2011-11-28 13:51:00,11,1,213.3,5,1,1,7,Occasional,3,Occasional
15541,2011-08-17 14:58:00,114,1,85.13000000000001,2,1,1,4,At risk / Low value,3,Occasional
15543,2011-02-24 15:26:00,288,1,127.86,1,1,1,3,At risk / Low value,1,At risk / Low value
15544,2011-12-01 09:16:00,9,11,3542.51,5,4,5,14,VIP / High value,2,VIP / High value
15545,2011-10-16 13:24:00,54,2,288.96999999999997,3,1,2,6,At risk / Low value,3,Occasional
15547,2011-12-02 12:52:00,7,14,4910.6,5,4,5,14,VIP / High value,2,VIP / High value
15549,2011-09-23 16:22:00,77,4,1643.96,2,2,4,8,Occasional,0,Occasional
15550,2011-12-05 15:38:00,4,4,575.63,5,2,3,10,Loyal,0,Occasional
15551,2011-11-03 12:37:00,37,1,436.06,3,1,2,6,At risk / Low value,3,Occasional
15552,2011-05-06 14:47:00,217,1,90.12,1,1,1,3,At risk / Low value,1,At risk / Low value
15553,2011-10-10 14:02:00,60,1,428.93,3,1,2,6,At risk / Low value,3,Occasional
15554,2011-03-07 09:00:00,278,1,217.2,1,1,1,3,At risk / Low value,1,At risk / Low value
15555,2011-11-27 16:19:00,12,20,4747.89,4,4,5,13,VIP / High value,2,VIP / High value
15556,2011-11-15 16:08:00,24,1,279.77,4,1,2,7,Occasional,3,Occasional
15557,2011-11-11 12:46:00,29,1,468.91,4,1,2,7,Occasional,3,Occasional
15561,2011-11-28 11:07:00,12,5,722.74,4,3,3,10,Loyal,0,Occasional
15562,2010-12-23 09:55:00,352,1,134.55,1,1,1,3,At risk / Low value,1,At risk / Low value
15563,2011-12-01 09:36:00,9,7,1319.69,5,3,4,12,Loyal,0,Occasional
15565,2011-10-20 14:33:00,50,2,173.16,3,1,1,5,At risk / Low value,3,Occasional
15567,2011-11-21 10:48:00,19,1,186.01,4,1,1,6,At risk / Low value,3,Occasional
15568,2011-12-07 11:27:00,3,3,758.29,5,2,3,10,Loyal,0,Occasional
15569,2011-08-28 10:15:00,104,5,1375.71,2,3,4,9,Occasional,0,Occasional
15570,2011-12-02 14:47:00,7,13,4093.27,5,4,5,14,VIP / High value,2,VIP / High value
15571,2011-11-28 10:02:00,12,4,650.4300000000001,4,2,3,9,Occasional,0,Occasional
15572,2011-12-05 10:09:00,5,7,2533.42,5,3,5,13,VIP / High value,0,Occasional
15573,2011-11-08 11:38:00,32,2,591.1899999999999,3,1,3,7,Occasional,3,Occasional
15574,2011-06-15 12:01:00,178,4,675.64,1,2,3,6,At risk / Low value,0,Occasional
15576,2011-11-02 12:03:00,38,1,921.37,3,1,4,8,Occasional,3,Occasional
15577,2011-07-11 17:03:00,151,3,258.88,2,2,2,6,At risk / Low value,3,Occasional
15578,2011-06-30 13:03:00,162,1,127.1,2,1,1,4,At risk / Low value,1,At risk / Low value
15579,2011-10-02 12:45:00,69,2,327.6,3,1,2,6,At risk / Low value,3,Occasional
15581,2011-08-11 09:38:00,121,14,3425.77,2,4,5,11,Loyal,2,VIP / High value
15582,2011-11-15 09:55:00,25,3,682.9100000000001,4,2,3,9,Occasional,0,Occasional
15584,2011-11-16 10:55:00,24,5,718.36,4,3,3,10,Loyal,0,Occasional
15585,2011-06-16 08:38:00,177,1,455.3,1,1,2,4,At risk / Low value,1,At risk / Low value
15587,2011-10-20 13:37:00,50,4,913.6800000000001,3,2,3,8,Occasional,0,Occasional
15589,2011-04-01 11:22:00,253,4,456.58,1,2,2,5,At risk / Low value,1,At risk / Low value
15592,2011-10-24 08:59:00,47,1,388.58,3,1,2,6,At risk / Low value,3,Occasional
15593,2011-09-30 11:46:00,71,1,199.8,2,1,1,4,At risk / Low value,3,Occasional
15594,2011-11-24 08:53:00,16,6,1767.53,4,3,4,11,Loyal,0,Occasional
15596,2011-08-31 10:55:00,101,9,1343.34,2,4,4,10,Loyal,0,Occasional
15597,2011-11-10 11:46:00,30,2,315.71999999999997,4,1,2,7,Occasional,3,Occasional
15598,2011-11-04 13:14:00,35,3,235.68,3,2,1,6,At risk / Low value,3,Occasional
15599,2011-11-13 11:44:00,27,2,761.74,4,1,3,8,Occasional,3,Occasional
15601,2011-11-28 15:15:00,11,17,6745.36,5,4,5,14,VIP / High value,2,VIP / High value
15602,2011-12-01 14:14:00,8,15,1083.63,5,4,4,13,VIP / High value,2,VIP / High value
15603,2011-09-22 10:04:00,79,1,48.480000000000004,2,1,1,4,At risk / Low value,3,Occasional
15604,2011-10-18 14:47:00,52,1,216.39,3,1,1,5,At risk / Low value,3,Occasional
15605,2011-11-03 14:17:00,36,5,1198.23,3,3,4,10,Loyal,0,Occasional
15606,2011-10-13 13:32:00,57,11,2422.64,3,4,5,12,Loyal,2,VIP / High value
15607,2011-01-07 12:44:00,337,1,104.76,1,1,1,3,At risk / Low value,1,At risk / Low value
15608,2011-11-11 13:20:00,28,4,1093.68,4,2,4,10,Loyal,0,Occasional
15609,2011-06-10 09:55:00,183,2,270.03000000000003,1,1,2,4,At risk / Low value,1,At risk / Low value
15610,2011-10-19 10:36:00,52,1,112.46000000000001,3,1,1,5,At risk / Low value,3,Occasional
15611,2011-11-30 12:36:00,10,15,1568.39,5,4,4,13,VIP / High value,2,VIP / High value
15612,2011-11-03 14:52:00,36,2,195.15,3,1,1,5,At risk / Low value,3,Occasional
15615,2011-11-29 14:42:00,10,27,10360.04,5,4,5,14,VIP / High value,2,VIP / High value
15618,2011-11-07 08:34:00,33,5,747.031,3,3,3,9,Occasional,0,Occasional
15619,2011-11-29 08:14:00,11,1,336.40000000000003,5,1,2,8,Occasional,3,Occasional
15620,2011-10-20 19:17:00,50,6,1524.4,3,3,4,10,Loyal,0,Occasional
15621,2011-12-05 14:01:00,4,6,1158.77,5,3,4,12,Loyal,0,Occasional
15622,2011-12-06 14:57:00,3,16,3224.53,5,4,5,14,VIP / High value,2,VIP / High value
15623,2011-07-21 17:26:00,141,1,301.03,2,1,2,5,At risk / Low value,3,Occasional
15624,2011-08-15 11:38:00,117,4,588.13,2,2,3,7,Occasional,0,Occasional
15625,2011-08-31 16:13:00,100,8,1504.56,2,4,4,10,Loyal,0,Occasional
15626,2011-09-26 10:03:00,75,2,675.8,2,1,3,6,At risk / Low value,3,Occasional
15628,2011-12-05 10:24:00,5,10,2865.64,5,4,5,14,VIP / High value,2,VIP / High value
15630,2011-10-25 15:36:00,45,3,1180.4,3,2,4,9,Occasional,0,Occasional
15632,2011-11-24 09:51:00,16,10,3147.31,4,4,5,13,VIP / High value,2,VIP / High value
15634,2011-11-22 16:28:00,17,1,243.55,4,1,1,6,At risk / Low value,3,Occasional
15636,2011-09-11 11:17:00,90,2,724.76,2,1,3,6,At risk / Low value,3,Occasional
15637,2011-10-18 08:28:00,53,1,223.36,3,1,1,5,At risk / Low value,3,Occasional
15639,2011-07-28 14:30:00,134,1,425.32,2,1,2,5,At risk / Low value,3,Occasional
15640,2011-12-05 14:35:00,4,17,12336.74,5,4,5,14,VIP / High value,2,VIP / High value
15641,2011-08-26 14:04:00,105,4,1887.2,2,2,4,8,Occasional,0,Occasional
15643,2011-06-13 17:19:00,179,6,647.4,1,3,3,7,Occasional,0,Occasional
15644,2011-06-26 14:54:00,166,4,803.54,2,2,3,7,Occasional,0,Occasional
15645,2011-11-21 11:55:00,19,1,612.01,4,1,3,8,Occasional,3,Occasional
15646,2011-07-05 09:53:00,158,4,425.14000000000004,2,2,2,6,At risk / Low value,3,Occasional
15648,2011-05-19 15:53:00,204,4,582.0500000000001,1,2,3,6,At risk / Low value,1,At risk / Low value
15649,2011-01-07 13:34:00,336,2,816.0,1,1,3,5,At risk / Low value,1,At risk / Low value
15651,2011-11-03 08:41:00,37,3,646.3,3,2,3,8,Occasional,0,Occasional
15652,2011-09-09 14:22:00,91,1,337.74,2,1,2,5,At risk / Low value,3,Occasional
15653,2011-09-08 10:49:00,93,2,877.4399999999999,2,1,3,6,At risk / Low value,3,Occasional
15654,2011-11-30 13:08:00,9,2,922.53,5,1,4,10,Loyal,0,Occasional
15655,2011-04-20 16:28:00,233,2,511.32,1,1,3,5,At risk / Low value,1,At risk / Low value
15656,2011-10-25 14:56:00,45,4,748.5,3,2,3,8,Occasional,0,Occasional
15657,2011-11-17 12:19:00,23,1,30.0,4,1,1,6,At risk / Low value,3,Occasional
15658,2011-06-02 15:22:00,190,8,958.9,1,4,4,9,Occasional,0,Occasional
15659,2011-10-27 09:23:00,44,1,306.45,3,1,2,6,At risk / Low value,3,Occasional
15660,2011-11-14 16:58:00,25,12,1552.01,4,4,4,12,Loyal,2,VIP / High value
15661,2011-01-26 13:56:00,317,2,309.8,1,1,2,4,At risk / Low value,1,At risk / Low value
15663,2011-08-25 15:50:00,106,1,138.14,2,1,1,4,At risk / Low value,3,Occasional
15664,2011-10-20 10:57:00,51,2,358.63,3,1,2,6,At risk / Low value,3,Occasional
15665,2011-06-24 14:57:00,168,2,2222.21,2,1,5,8,Occasional,0,Occasional
15667,2011-10-31 10:56:00,40,1,301.32,3,1,2,6,At risk / Low value,3,Occasional
15668,2011-05-06 10:39:00,218,1,76.32000000000001,1,1,1,3,At risk / Low value,1,At risk / Low value
15669,2011-10-30 16:03:00,40,5,677.69,3,3,3,9,Occasional,0,Occasional
15670,2011-02-16 10:50:00,297,1,173.05,1,1,1,3,At risk / Low value,1,At risk / Low value
15671,2011-11-21 12:43:00,19,10,2635.4900000000002,4,4,5,13,VIP / High value,2,VIP / High value
15673,2011-09-12 16:12:00,88,4,2726.23,2,2,5,9,Occasional,0,Occasional
15674,2011-09-27 15:17:00,73,8,1744.02,2,4,4,10,Loyal,0,Occasional
15675,2011-09-19 13:48:00,81,3,323.69,2,2,2,6,At risk / Low value,3,Occasional
15676,2011-11-30 17:39:00,9,5,3324.09,5,3,5,13,VIP / High value,0,Occasional
15677,2011-10-21 15:36:00,49,1,657.23,3,1,3,7,Occasional,3,Occasional
15678,2011-10-18 09:25:00,53,1,352.7,3,1,2,6,At risk / Low value,3,Occasional
15679,2011-11-15 16:19:00,24,4,781.28,4,2,3,9,Occasional,0,Occasional
15680,2011-11-30 13:46:00,9,3,1333.68,5,2,4,11,Loyal,0,Occasional
15681,2011-11-21 13:25:00,18,6,946.36,4,3,4,11,Loyal,0,Occasional
15683,2011-08-14 12:56:00,117,1,193.75,2,1,1,4,At risk / Low value,3,Occasional
15687,2011-12-01 08:33:00,9,11,2981.5,5,4,5,14,VIP / High value,2,VIP / High value
15689,2011-08-12 09:37:00,120,2,254.1,2,1,2,5,At risk / Low value,3,Occasional
15690,2011-12-05 15:59:00,4,2,239.76,5,1,1,7,Occasional,3,Occasional
15691,2011-04-01 15:13:00,252,1,136.8,1,1,1,3,At risk / Low value,1,At risk / Low value
15692,2011-11-11 14:12:00,28,1,191.04,4,1,1,6,At risk / Low value,3,Occasional
15694,2011-12-09 09:44:00,1,15,6423.6,5,4,5,14,VIP / High value,2,VIP / High value
15695,2011-03-18 08:32:00,267,2,409.98,1,1,2,4,At risk / Low value,1,At risk / Low value
15696,2011-11-06 14:02:00,33,12,2619.11,3,4,5,12,Loyal,2,VIP / High value
15699,2011-11-22 08:26:00,18,1,309.65,4,1,2,7,Occasional,3,Occasional
15700,2011-06-20 16:53:00,172,3,664.03,2,2,3,7,Occasional,1,At risk / Low value
15701,2011-12-07 14:39:00,2,4,1529.0,5,2,4,11,Loyal,0,Occasional
15703,2011-03-20 10:51:00,265,1,211.5,1,1,1,3,At risk / Low value,1,At risk / Low value
15704,2011-07-22 13:35:00,140,4,2293.62,2,2,5,9,Occasional,0,Occasional
15705,2011-05-22 15:37:00,201,1,143.1,1,1,1,3,At risk / Low value,1,At risk / Low value
15706,2011-10-11 10:14:00,60,7,1001.8100000000001,3,3,4,10,Loyal,0,Occasional
15707,2011-11-04 14:35:00,35,4,916.98,3,2,3,8,Occasional,0,Occasional
15708,2011-10-30 10:54:00,41,11,3200.73,3,4,5,12,Loyal,2,VIP / High value
15709,2011-03-01 10:38:00,284,1,133.25,1,1,1,3,At risk / Low value,1,At risk / Low value
15712,2011-11-30 14:09:00,9,5,1072.3600000000001,5,3,4,12,Loyal,0,Occasional
15713,2011-07-19 13:34:00,143,3,346.75,2,2,2,6,At risk / Low value,3,Occasional
15714,2011-11-28 11:26:00,12,2,330.03000000000003,4,1,2,7,Occasional,3,Occasional
15716,2011-07-17 11:59:00,146,4,1101.1100000000001,2,2,4,8,Occasional,0,Occasional
15717,2011-04-19 13:21:00,234,1,150.3,1,1,1,3,At risk / Low value,1,At risk / Low value
15719,2011-11-07 12:29:00,33,14,5028.42,3,4,5,12,Loyal,2,VIP / High value
15720,2011-11-15 14:48:00,24,1,598.73,4,1,3,8,Occasional,3,Occasional
15721,2011-11-28 12:14:00,12,1,471.40000000000003,4,1,2,7,Occasional,3,Occasional
15722,2011-11-04 11:43:00,36,6,2169.86,3,3,5,11,Loyal,0,Occasional
15723,2010-12-10 11:12:00,365,1,190.7,1,1,1,3,At risk / Low value,1,At risk / Low value
15724,2011-05-22 14:40:00,201,3,212.3,1,2,1,4,At risk / Low value,1,At risk / Low value
15725,2011-11-24 14:51:00,15,1,415.25,4,1,2,7,Occasional,3,Occasional
15727,2011-11-23 12:36:00,17,7,5159.06,4,3,5,12,Loyal,2,VIP / High value
15729,2011-05-25 16:43:00,198,2,62.0,1,1,1,3,At risk / Low value,1,At risk / Low value
15730,2011-10-05 12:31:00,66,4,1108.38,3,2,4,9,Occasional,0,Occasional
15732,2011-05-11 14:24:00,212,2,294.12,1,1,2,4,At risk / Low value,1,At risk / Low value
15733,2011-03-02 09:05:00,283,1,162.3,1,1,1,3,At risk / Low value,1,At risk / Low value
15734,2011-08-17 10:50:00,115,2,1339.45,2,1,4,7,Occasional,0,Occasional
15737,2011-11-25 11:21:00,15,12,1121.21,4,4,4,12,Loyal,2,VIP / High value
15738,2011-11-21 08:26:00,19,19,4788.77,4,4,5,13,VIP / High value,2,VIP / High value
15739,2011-10-04 13:42:00,66,1,449.12,3,1,2,6,At risk / Low value,3,Occasional
15740,2011-10-21 14:29:00,49,1,154.88,3,1,1,5,At risk / Low value,3,Occasional
15743,2011-11-23 17:19:00,16,4,775.96,4,2,3,9,Occasional,0,Occasional
15744,2011-09-23 09:52:00,78,1,34.8,2,1,1,4,At risk / Low value,3,Occasional
15745,2011-12-01 11:18:00,9,6,1071.24,5,3,4,12,Loyal,0,Occasional
15746,2011-07-28 15:27:00,134,2,182.96,2,1,1,4,At risk / Low value,3,Occasional
15747,2011-11-27 12:26:00,13,3,946.64,4,2,4,10,Loyal,0,Occasional
15748,2011-10-30 12:51:00,40,1,144.36,3,1,1,5,At risk / Low value,3,Occasional
15749,2011-04-18 13:20:00,235,4,21535.9,1,2,5,8,Occasional,2,VIP / High value
15750,2011-12-07 12:34:00,3,9,2448.8,5,4,5,14,VIP / High value,2,VIP / High value
15752,2011-10-31 11:37:00,40,8,2618.15,3,4,5,12,Loyal,0,Occasional
15753,2011-02-08 12:41:00,305,1,79.2,1,1,1,3,At risk / Low value,1,At risk / Low value
15754,2011-10-20 11:44:00,51,4,455.67,3,2,2,7,Occasional,0,Occasional
15755,2011-12-08 18:59:00,1,8,2318.88,5,4,5,14,VIP / High value,0,Occasional
15756,2011-10-09 13:30:00,61,4,528.01,3,2,3,8,Occasional,0,Occasional
15757,2011-10-05 12:14:00,66,2,714.42,3,1,3,7,Occasional,3,Occasional
15758,2011-11-15 10:48:00,25,1,205.25,4,1,1,6,At risk / Low value,3,Occasional
15759,2011-05-05 15:13:00,218,3,253.04,1,2,2,5,At risk / Low value,1,At risk / Low value
15762,2011-10-05 16:15:00,65,2,583.75,3,1,3,7,Occasional,3,Occasional
15763,2011-11-08 09:44:00,32,3,1048.67,3,2,4,9,Occasional,0,Occasional
15764,2011-09-19 16:16:00,81,10,3245.47,2,4,5,11,Loyal,2,VIP / High value
15766,2011-10-06 17:03:00,64,1,315.06,3,1,2,6,At risk / Low value,3,Occasional
15768,2011-08-16 10:48:00,116,4,581.8299999999999,2,2,3,7,Occasional,0,Occasional
15769,2011-12-02 13:52:00,7,29,51823.72,5,4,5,14,VIP / High value,2,VIP / High value
15773,2011-12-04 12:48:00,6,1,635.6800000000001,5,1,3,9,Occasional,3,Occasional
15774,2011-10-02 12:04:00,69,1,270.8,3,1,2,6,At risk / Low value,3,Occasional
15775,2011-04-08 12:56:00,245,1,104.9,1,1,1,3,At risk / Low value,1,At risk / Low value
15776,2011-07-29 13:46:00,133,1,241.62,2,1,1,4,At risk / Low value,3,Occasional
15777,2011-04-12 16:43:00,241,5,1021.61,1,3,4,8,Occasional,1,At risk / Low value
15780,2011-06-09 12:01:00,184,3,475.28000000000003,1,2,2,5,At risk / Low value,1,At risk / Low value
15781,2011-11-14 14:57:00,25,4,333.56,4,2,2,8,Occasional,3,Occasional
15782,2011-11-30 10:49:00,10,4,2593.94,5,2,5,12,Loyal,0,Occasional
15783,2011-11-29 09:50:00,11,1,246.3,5,1,2,8,Occasional,3,Occasional
15785,2011-11-10 12:08:00,30,8,2303.75,4,4,5,13,VIP / High value,0,Occasional
15786,2011-10-27 10:53:00,44,5,4821.0,3,3,5,11,Loyal,0,Occasional
15787,2011-11-13 14:55:00,26,3,933.26,4,2,4,10,Loyal,0,Occasional
15789,2010-12-16 14:35:00,358,1,351.3,1,1,2,4,At risk / Low value,1,At risk / Low value
15790,2011-11-29 14:53:00,10,1,218.75,5,1,1,7,Occasional,3,Occasional
15791,2011-10-27 10:14:00,44,3,1604.44,3,2,4,9,Occasional,0,Occasional
15793,2011-11-30 15:08:00,9,4,948.96,5,2,4,11,Loyal,0,Occasional
15795,2011-07-13 10:43:00,150,1,610.01,2,1,3,6,At risk / Low value,3,Occasional
15796,2011-12-08 19:55:00,1,10,2663.6600000000003,5,4,5,14,VIP / High value,2,VIP / High value
15797,2011-08-18 17:04:00,113,4,2207.4,2,2,5,9,Occasional,0,Occasional
15799,2011-09-25 12:46:00,76,3,884.14,2,2,3,7,Occasional,0,Occasional
15800,2011-08-24 14:23:00,107,2,696.89,2,1,3,6,At risk / Low value,3,Occasional
15801,2011-10-24 13:52:00,46,4,1042.19,3,2,4,9,Occasional,0,Occasional
15803,2011-10-19 14:56:00,51,1,415.82000000000005,3,1,2,6,At risk / Low value,3,Occasional
15804,2011-12-09 12:31:00,1,19,3848.55,5,4,5,14,VIP / High value,2,VIP / High value
15805,2011-11-16 16:32:00,23,20,5411.87,4,4,5,13,VIP / High value,2,VIP / High value
15806,2011-10-24 14:35:00,46,3,784.58,3,2,3,8,Occasional,0,Occasional
15807,2011-10-20 14:10:00,50,3,903.9,3,2,3,8,Occasional,0,Occasional
15808,2011-02-06 14:33:00,306,5,3641.07,1,3,5,9,Occasional,1,At risk / Low value
15809,2011-11-04 12:05:00,36,6,399.21,3,3,2,8,Occasional,0,Occasional
15810,2011-09-22 09:38:00,79,7,1145.43,2,3,4,9,Occasional,0,Occasional
15811,2011-11-22 15:29:00,17,9,2171.32,4,4,5,13,VIP / High value,2,VIP / High value
15812,2011-08-24 14:19:00,107,5,1801.14,2,3,4,9,Occasional,0,Occasional
15813,2011-05-16 08:13:00,208,2,1303.9099999999999,1,1,4,6,At risk / Low value,1,At risk / Low value
15814,2011-12-06 15:01:00,3,6,1842.73,5,3,4,12,Loyal,0,Occasional
15815,2011-10-07 12:42:00,64,5,2100.6,3,3,5,11,Loyal,0,Occasional
15819,2011-10-21 14:50:00,49,4,1905.45,3,2,4,9,Occasional,0,Occasional
15820,2011-01-24 12:00:00,320,1,206.98,1,1,1,3,At risk / Low value,1,At risk / Low value
15821,2011-10-26 15:48:00,44,2,570.96,3,1,3,7,Occasional,3,Occasional
15822,2011-12-06 14:50:00,3,2,885.47,5,1,3,9,Occasional,0,Occasional
15825,2011-06-20 13:27:00,172,1,532.94,2,1,3,6,At risk / Low value,1,At risk / Low value
15826,2011-10-19 13:24:00,51,4,1649.3600000000001,3,2,4,9,Occasional,0,Occasional
15827,2011-09-27 15:35:00,73,20,1641.48,2,4,4,10,Loyal,2,VIP / High value
15829,2011-09-01 16:45:00,99,2,636.14,2,1,3,6,At risk / Low value,3,Occasional
15830,2011-11-10 13:35:00,29,2,547.7,4,1,3,8,Occasional,3,Occasional
15831,2011-10-12 13:14:00,58,4,740.64,3,2,3,8,Occasional,0,Occasional
15832,2011-03-30 15:29:00,254,1,836.79,1,1,3,5,At risk / Low value,1,At risk / Low value
15834,2011-09-30 14:41:00,70,6,2076.3,3,3,5,11,Loyal,0,Occasional
15835,2011-10-26 15:47:00,44,4,954.09,3,2,4,9,Occasional,0,Occasional
15836,2011-10-25 15:37:00,45,2,117.47,3,1,1,5,At risk / Low value,3,Occasional
15837,2011-10-06 09:01:00,65,1,391.98,3,1,2,6,At risk / Low value,3,Occasional
15838,2011-11-28 14:00:00,11,21,33350.76,5,4,5,14,VIP / High value,2,VIP / High value
15839,2011-11-14 13:25:00,25,5,1020.74,4,3,4,11,Loyal,0,Occasional
15840,2011-10-12 09:08:00,59,3,345.66,3,2,2,7,Occasional,3,Occasional
15841,2011-10-06 18:31:00,64,6,1209.1,3,3,4,10,Loyal,0,Occasional
15843,2011-02-09 10:19:00,304,1,118.95000000000002,1,1,1,3,At risk / Low value,1,At risk / Low value
15844,2011-10-24 15:19:00,46,1,130.73999999999998,3,1,1,5,At risk / Low value,3,Occasional
15845,2011-11-22 09:42:00,18,10,3650.87,4,4,5,13,VIP / High value,2,VIP / High value
15847,2011-11-01 14:41:00,38,2,389.27,3,1,2,6,At risk / Low value,3,Occasional
15850,2011-11-20 14:14:00,19,2,234.88,4,1,1,6,At risk / Low value,3,Occasional
15852,2011-06-06 11:22:00,187,2,160.71,1,1,1,3,At risk / Low value,1,At risk / Low value
15853,2011-10-19 10:38:00,52,1,110.8,3,1,1,5,At risk / Low value,3,Occasional
15854,2011-12-05 13:39:00,4,12,2969.12,5,4,5,14,VIP / High value,2,VIP / High value
15855,2011-07-26 10:20:00,137,5,712.24,2,3,3,8,Occasional,0,Occasional
15856,2011-12-05 17:09:00,4,31,15929.74,5,4,5,14,VIP / High value,2,VIP / High value
15857,2011-11-21 12:18:00,19,1,297.0,4,1,2,7,Occasional,3,Occasional
15858,2011-11-24 12:48:00,16,5,1427.57,4,3,4,11,Loyal,0,Occasional
15860,2011-10-30 11:25:00,41,8,965.16,3,4,4,11,Loyal,0,Occasional
15861,2011-11-27 15:59:00,12,9,2981.92,4,4,5,13,VIP / High value,2,VIP / High value
15862,2011-12-01 13:28:00,8,4,832.88,5,2,3,10,Loyal,0,Occasional
15863,2011-11-14 12:49:00,26,2,68.84,4,1,1,6,At risk / Low value,3,Occasional
15864,2011-11-17 13:32:00,22,8,1769.7800000000002,4,4,4,12,Loyal,0,Occasional
15865,2011-10-30 12:43:00,41,3,895.13,3,2,3,8,Occasional,0,Occasional
15866,2011-08-30 14:09:00,101,1,211.89,2,1,1,4,At risk / Low value,3,Occasional
15867,2011-12-04 13:37:00,5,16,3795.29,5,4,5,14,VIP / High value,2,VIP / High value
15869,2011-03-07 17:23:00,277,2,149.64,1,1,1,3,At risk / Low value,1,At risk / Low value
15870,2011-11-07 10:58:00,33,1,351.44,3,1,2,6,At risk / Low value,3,Occasional
15872,2011-11-25 11:55:00,15,2,316.25,4,1,2,7,Occasional,3,Occasional
15874,2011-10-07 12:58:00,63,9,4330.67,3,4,5,12,Loyal,2,VIP / High value
15877,2011-12-08 11:57:00,2,3,437.83,5,2,2,9,Occasional,3,Occasional
15880,2010-12-05 13:09:00,369,2,299.03,1,1,2,4,At risk / Low value,1,At risk / Low value
15881,2011-01-31 16:59:00,312,8,438.24,1,4,2,7,Occasional,1,At risk / Low value
15882,2011-05-25 11:35:00,199,5,495.36,1,3,3,7,Occasional,1,At risk / Low value
15883,2011-12-07 17:05:00,2,2,396.48,5,1,2,8,Occasional,3,Occasional
15885,2011-09-08 10:43:00,93,3,379.35,2,2,2,6,At risk / Low value,3,Occasional
15886,2011-10-10 14:25:00,60,1,181.09,3,1,1,5,At risk / Low value,3,Occasional
15888,2011-09-21 09:44:00,80,2,141.27,2,1,1,4,At risk / Low value,3,Occasional
15889,2011-07-06 11:10:00,157,2,420.07,2,1,2,5,At risk / Low value,3,Occasional
15891,2011-04-27 12:35:00,227,1,511.68,1,1,3,5,At risk / Low value,1,At risk / Low value
15894,2011-03-31 13:50:00,253,2,258.25,1,1,2,4,At risk / Low value,1,At risk / Low value
15895,2011-07-13 10:27:00,150,1,179.17,2,1,1,4,At risk / Low value,3,Occasional
15897,2011-05-29 13:50:00,194,2,208.59,1,1,1,3,At risk / Low value,1,At risk / Low value
15898,2011-12-08 15:23:00,1,6,1379.63,5,3,4,12,Loyal,0,Occasional
15899,2010-12-06 10:36:00,369,1,56.25,1,1,1,3,At risk / Low value,1,At risk / Low value
15900,2011-11-16 12:19:00,24,1,337.28,4,1,2,7,Occasional,3,Occasional
15901,2011-11-23 12:43:00,17,3,351.73,4,2,2,8,Occasional,3,Occasional
15903,2011-11-30 08:08:00,10,8,5126.34,5,4,5,14,VIP / High value,2,VIP / High value
15904,2011-12-01 14:50:00,8,1,164.68,5,1,1,7,Occasional,3,Occasional
15906,2011-11-20 12:24:00,20,8,1521.79,4,4,4,12,Loyal,0,Occasional
15907,2011-12-06 12:21:00,4,3,882.72,5,2,3,10,Loyal,0,Occasional
15909,2011-06-19 10:38:00,174,1,191.94,2,1,1,4,At risk / Low value,1,At risk / Low value
15910,2011-12-09 10:51:00,1,8,1228.88,5,4,4,13,VIP / High value,0,Occasional
15912,2011-06-14 14:29:00,178,2,264.62,1,1,2,4,At risk / Low value,1,At risk / Low value
15916,2011-11-23 13:46:00,16,10,1466.01,4,4,4,12,Loyal,0,Occasional
15917,2011-04-06 10:40:00,248,1,123.1,1,1,1,3,At risk / Low value,1,At risk / Low value
15918,2011-06-02 11:42:00,191,2,334.23,1,1,2,4,At risk / Low value,1,At risk / Low value
15919,2011-11-20 11:28:00,20,2,525.69,4,1,3,8,Occasional,3,Occasional
15920,2011-07-08 15:31:00,154,4,167.5,2,2,1,5,At risk / Low value,3,Occasional
15921,2011-06-20 11:03:00,173,1,323.03000000000003,2,1,2,5,At risk / Low value,1,At risk / Low value
15922,2010-12-02 13:05:00,372,2,363.6,1,1,2,4,At risk / Low value,1,At risk / Low value
15923,2010-12-02 12:16:00,373,1,127.08,1,1,1,3,At risk / Low value,1,At risk / Low value
15925,2011-05-29 15:35:00,194,1,207.15,1,1,1,3,At risk / Low value,1,At risk / Low value
15930,2011-10-03 14:52:00,67,1,426.63,3,1,2,6,At risk / Low value,3,Occasional
15932,2011-12-05 17:13:00,4,11,2461.85,5,4,5,14,VIP / High value,2,VIP / High value
15933,2011-11-18 13:14:00,21,3,1107.46,4,2,4,10,Loyal,0,Occasional
15935,2011-04-14 13:27:00,239,2,416.86,1,1,2,4,At risk / Low value,1,At risk / Low value
15937,2011-10-06 15:48:00,64,1,145.35,3,1,1,5,At risk / Low value,3,Occasional
15938,2011-08-19 12:56:00,112,5,404.58,2,3,2,7,Occasional,0,Occasional
15939,2011-09-11 11:30:00,90,16,6102.26,2,4,5,11,Loyal,2,VIP / High value
15940,2011-02-01 16:21:00,311,2,31.799999999999997,1,1,1,3,At risk / Low value,1,At risk / Low value
15942,2011-07-29 09:01:00,134,1,337.44,2,1,2,5,At risk / Low value,3,Occasional
15944,2011-03-08 10:33:00,277,1,325.1,1,1,2,4,At risk / Low value,1,At risk / Low value
15945,2010-12-09 13:14:00,365,1,181.0,1,1,1,3,At risk / Low value,1,At risk / Low value
15947,2011-09-18 10:46:00,83,1,1708.24,2,1,4,7,Occasional,0,Occasional
15948,2011-12-01 15:32:00,8,2,955.24,5,1,4,10,Loyal,0,Occasional
15949,2011-11-23 09:09:00,17,2,364.72,4,1,2,7,Occasional,3,Occasional
15950,2011-12-08 10:34:00,2,5,1684.46,5,3,4,12,Loyal,0,Occasional
15951,2011-12-08 18:57:00,1,3,669.57,5,2,3,10,Loyal,0,Occasional
15952,2011-11-06 11:18:00,34,4,781.91,3,2,3,8,Occasional,0,Occasional
15953,2011-11-24 15:32:00,15,10,1632.4299999999998,4,4,4,12,Loyal,2,VIP / High value
15955,2011-11-15 14:15:00,24,16,4389.81,4,4,5,13,VIP / High value,2,VIP / High value
15957,2011-11-08 12:14:00,32,1,428.89,3,1,2,6,At risk / Low value,3,Occasional
15958,2011-09-26 13:41:00,74,1,104.35,2,1,1,4,At risk / Low value,3,Occasional
15963,2011-11-20 11:33:00,20,2,470.76,4,1,2,7,Occasional,3,Occasional
15965,2011-11-22 16:44:00,17,4,808.87,4,2,3,9,Occasional,0,Occasional
15967,2011-11-16 15:41:00,23,2,397.68,4,1,2,7,Occasional,3,Occasional
15969,2011-12-07 11:06:00,3,4,582.9,5,2,3,10,Loyal,0,Occasional
15970,2011-02-09 12:08:00,304,1,314.1,1,1,2,4,At risk / Low value,1,At risk / Low value
15971,2011-11-22 12:50:00,18,12,4199.85,4,4,5,13,VIP / High value,2,VIP / High value
15973,2011-04-18 09:39:00,236,3,99.77000000000002,1,2,1,4,At risk / Low value,1,At risk / Low value
15974,2011-10-31 13:13:00,39,8,3429.55,3,4,5,12,Loyal,2,VIP / High value
15975,2011-09-16 13:33:00,84,1,371.01,2,1,2,5,At risk / Low value,3,Occasional
15976,2011-06-27 13:00:00,165,2,427.64,2,1,2,5,At risk / Low value,1,At risk / Low value
15977,2011-11-22 13:29:00,17,2,1054.73,4,1,4,9,Occasional,0,Occasional
15978,2011-09-23 15:21:00,77,1,1098.78,2,1,4,7,Occasional,3,Occasional
15980,2011-09-12 09:41:00,89,3,2398.86,2,2,5,9,Occasional,0,Occasional
15981,2011-11-15 08:00:00,25,8,3408.48,4,4,5,13,VIP / High value,2,VIP / High value
15983,2011-11-17 17:34:00,22,4,1465.12,4,2,4,10,Loyal,0,Occasional
15984,2011-12-07 12:16:00,3,11,2759.93,5,4,5,14,VIP / High value,2,VIP / High value
15985,2011-08-08 16:31:00,123,3,1037.42,2,2,4,8,Occasional,0,Occasional
15986,2011-11-09 15:17:00,30,1,168.12,4,1,1,6,At risk / Low value,3,Occasional
15987,2011-11-27 15:38:00,12,7,1432.77,4,3,4,11,Loyal,0,Occasional
15988,2011-11-20 13:23:00,19,1,156.78,4,1,1,6,At risk / Low value,3,Occasional
15990,2011-10-26 15:58:00,44,2,792.11,3,1,3,7,Occasional,3,Occasional
15992,2011-12-06 11:00:00,4,1,41.989999999999995,5,1,1,7,Occasional,3,Occasional
15993,2011-12-01 10:45:00,9,10,2736.92,5,4,5,14,VIP / High value,2,VIP / High value
15994,2011-10-16 12:28:00,55,1,414.27,3,1,2,6,At risk / Low value,3,Occasional
15996,2011-09-12 15:14:00,88,7,1016.6800000000001,2,3,4,9,Occasional,0,Occasional
15998,2011-11-03 12:45:00,37,6,3074.42,3,3,5,11,Loyal,0,Occasional
16000,2011-12-07 12:17:00,3,3,12393.7,5,2,5,12,Loyal,0,Occasional
16003,2011-11-10 09:57:00,30,5,2735.37,4,3,5,12,Loyal,0,Occasional
16005,2011-11-27 13:47:00,12,4,578.71,4,2,3,9,Occasional,0,Occasional
16006,2011-05-12 13:12:00,211,1,101.4,1,1,1,3,At risk / Low value,1,At risk / Low value
16007,2011-10-23 11:05:00,48,4,1693.81,3,2,4,9,Occasional,0,Occasional
16008,2011-11-16 10:32:00,24,3,478.78,4,2,3,9,Occasional,3,Occasional
16009,2011-11-17 16:51:00,22,4,972.11,4,2,4,10,Loyal,0,Occasional
16010,2011-04-08 10:14:00,246,3,392.4,1,2,2,5,At risk / Low value,1,At risk / Low value
16011,2011-12-01 16:31:00,8,16,3352.96,5,4,5,14,VIP / High value,2,VIP / High value
16012,2011-11-04 13:25:00,35,3,1415.29,3,2,4,9,Occasional,0,Occasional
16013,2011-12-06 10:36:00,4,54,33366.25,5,4,5,14,VIP / High value,2,VIP / High value
16014,2011-11-04 11:23:00,36,4,637.58,3,2,3,8,Occasional,0,Occasional
16015,2011-12-06 10:58:00,4,4,689.6999999999999,5,2,3,10,Loyal,0,Occasional
16016,2011-12-06 14:35:00,3,10,1440.06,5,4,4,13,VIP / High value,0,Occasional
16017,2011-10-23 12:56:00,47,1,211.88,3,1,1,5,At risk / Low value,3,Occasional
16018,2011-10-31 14:13:00,39,2,408.90000000000003,3,1,2,6,At risk / Low value,3,Occasional
16019,2011-12-08 10:06:00,2,10,3450.2400000000002,5,4,5,14,VIP / High value,2,VIP / High value
16020,2011-11-23 11:18:00,17,3,851.01,4,2,3,9,Occasional,0,Occasional
16022,2011-03-24 13:16:00,260,1,602.63,1,1,3,5,At risk / Low value,1,At risk / Low value
16023,2011-10-24 16:34:00,46,3,719.81,3,2,3,8,Occasional,0,Occasional
16024,2011-11-27 13:26:00,12,1,251.03,4,1,2,7,Occasional,3,Occasional
16025,2011-11-10 11:45:00,30,1,439.65999999999997,4,1,2,7,Occasional,3,Occasional
16026,2011-10-27 13:53:00,43,1,236.09,3,1,1,5,At risk / Low value,3,Occasional
16027,2011-09-09 10:47:00,92,7,852.12,2,3,3,8,Occasional,0,Occasional
16029,2011-11-01 10:27:00,39,76,53168.69,3,4,5,12,Loyal,2,VIP / High value
16030,2011-02-03 11:28:00,310,1,331.24,1,1,2,4,At risk / Low value,1,At risk / Low value
16031,2011-09-08 13:07:00,92,2,547.9,2,1,3,6,At risk / Low value,3,Occasional
16033,2011-12-04 12:44:00,6,27,8690.03,5,4,5,14,VIP / High value,2,VIP / High value
16034,2011-05-27 16:17:00,196,3,437.7,1,2,2,5,At risk / Low value,1,At risk / Low value
16036,2011-09-13 14:53:00,87,2,758.92,2,1,3,6,At risk / Low value,3,Occasional
16037,2011-03-15 09:13:00,270,3,855.02,1,2,3,6,At risk / Low value,1,At risk / Low value
16038,2011-12-02 12:40:00,8,4,454.33000000000004,5,2,2,9,Occasional,0,Occasional
16040,2011-10-05 13:47:00,65,3,1313.55,3,2,4,9,Occasional,0,Occasional
16041,2011-11-09 12:25:00,31,3,3166.4,4,2,5,11,Loyal,0,Occasional
16042,2011-11-17 17:50:00,22,7,1127.57,4,3,4,11,Loyal,0,Occasional
16043,2011-11-02 12:50:00,38,4,773.99,3,2,3,8,Occasional,0,Occasional
16045,2011-08-12 12:41:00,120,4,1340.7,2,2,4,8,Occasional,0,Occasional
16048,2011-09-15 10:12:00,86,3,243.69000000000003,2,2,2,6,At risk / Low value,3,Occasional
16049,2011-10-30 13:19:00,40,3,1074.81,3,2,4,9,Occasional,0,Occasional
16050,2011-06-19 11:44:00,174,1,137.9,2,1,1,4,At risk / Low value,1,At risk / Low value
16052,2011-10-16 15:13:00,54,1,362.06,3,1,2,6,At risk / Low value,3,Occasional
16053,2011-11-07 11:21:00,33,2,1511.95,3,1,4,8,Occasional,0,Occasional
16054,2011-07-17 13:08:00,145,1,783.9,2,1,3,6,At risk / Low value,3,Occasional
16055,2011-05-03 09:26:00,221,1,134.8,1,1,1,3,At risk / Low value,1,At risk / Low value
16056,2011-10-25 15:19:00,45,1,650.75,3,1,3,7,Occasional,3,Occasional
16057,2011-12-05 16:36:00,4,10,2140.2200000000003,5,4,5,14,VIP / High value,2,VIP / High value
16059,2011-10-05 09:56:00,66,6,1453.16,3,3,4,10,Loyal,0,Occasional
16062,2011-11-30 12:15:00,10,4,1153.62,5,2,4,11,Loyal,0,Occasional
16063,2011-03-24 14:56:00,260,1,335.32,1,1,2,4,At risk / Low value,1,At risk / Low value
16065,2010-12-09 13:03:00,365,1,367.14,1,1,2,4,At risk / Low value,1,At risk / Low value
16066,2011-11-23 11:54:00,17,5,1521.04,4,3,4,11,Loyal,0,Occasional
16070,2011-11-17 15:50:00,22,2,852.15,4,1,3,8,Occasional,0,Occasional
16071,2011-10-26 11:14:00,45,1,326.24,3,1,2,6,At risk / Low value,3,Occasional
16072,2011-02-24 14:32:00,288,1,584.3199999999999,1,1,3,5,At risk / Low value,1,At risk / Low value
16073,2011-02-21 12:33:00,292,2,94.35,1,1,1,3,At risk / Low value,1,At risk / Low value
16076,2011-12-06 14:59:00,3,11,2173.53,5,4,5,14,VIP / High value,2,VIP / High value
16078,2011-03-01 09:47:00,284,1,79.2,1,1,1,3,At risk / Low value,1,At risk / Low value
16079,2011-11-23 12:48:00,17,3,1352.0,4,2,4,10,Loyal,0,Occasional
16080,2011-09-19 10:42:00,82,3,176.6,2,2,1,5,At risk / Low value,3,Occasional
16081,2011-10-14 13:06:00,56,5,2799.42,3,3,5,11,Loyal,0,Occasional
16083,2011-08-31 10:47:00,101,2,1317.62,2,1,4,7,Occasional,0,Occasional
16084,2011-02-13 16:05:00,299,1,436.18,1,1,2,4,At risk / Low value,1,At risk / Low value
16085,2011-11-16 13:24:00,23,5,981.51,4,3,4,11,Loyal,0,Occasional
16086,2011-10-11 13:09:00,59,6,1119.31,3,3,4,10,Loyal,0,Occasional
16091,2011-07-08 08:45:00,155,2,315.06,2,1,2,5,At risk / Low value,3,Occasional
16092,2011-09-02 11:46:00,99,5,779.36,2,3,3,8,Occasional,0,Occasional
16093,2011-08-25 11:09:00,107,1,17.0,2,1,1,4,At risk / Low value,3,Occasional
16094,2011-11-28 12:45:00,12,6,1041.83,4,3,4,11,Loyal,0,Occasional
16096,2011-03-20 13:38:00,264,1,320.62,1,1,2,4,At risk / Low value,1,At risk / Low value
16097,2011-04-13 13:47:00,240,1,185.04999999999998,1,1,1,3,At risk / Low value,1,At risk / Low value
16098,2011-09-13 09:59:00,88,7,2005.63,2,3,4,9,Occasional,0,Occasional
16099,2011-10-20 13:13:00,50,3,731.9,3,2,3,8,Occasional,0,Occasional
16101,2011-11-30 16:54:00,9,3,1245.96,5,2,4,11,Loyal,0,Occasional
16102,2011-10-28 13:19:00,42,3,1842.14,3,2,4,9,Occasional,0,Occasional
16103,2011-12-02 14:16:00,7,6,1429.64,5,3,4,12,Loyal,0,Occasional
16104,2011-10-09 10:23:00,62,1,298.21,3,1,2,6,At risk / Low value,3,Occasional
16105,2011-04-05 10:13:00,249,1,336.96,1,1,2,4,At risk / Low value,1,At risk / Low value
16106,2011-10-05 10:37:00,66,1,108.38,3,1,1,5,At risk / Low value,3,Occasional
16107,2011-11-22 09:40:00,18,7,3204.1600000000003,4,3,5,12,Loyal,0,Occasional
16108,2011-09-16 11:51:00,85,2,816.1,2,1,3,6,At risk / Low value,3,Occasional
16109,2011-05-05 09:17:00,219,2,611.88,1,1,3,5,At risk / Low value,1,At risk / Low value
16110,2011-10-25 14:35:00,45,3,1320.95,3,2,4,9,Occasional,0,Occasional
16112,2011-07-19 14:28:00,143,4,195.73999999999998,2,2,1,5,At risk / Low value,3,Occasional
16113,2011-06-09 16:16:00,183,1,161.38,1,1,1,3,At risk / Low value,1,At risk / Low value
16114,2011-06-22 10:13:00,171,1,135.75000000000003,2,1,1,4,At risk / Low value,1,At risk / Low value
16115,2011-11-30 11:32:00,10,8,1660.8799999999999,5,4,4,13,VIP / High value,0,Occasional
16116,2011-05-18 09:23:00,206,2,592.88,1,1,3,5,At risk / Low value,1,At risk / Low value
16117,2011-06-03 11:42:00,190,1,232.21,1,1,1,3,At risk / Low value,1,At risk / Low value
16119,2011-12-01 15:11:00,8,2,423.36,5,1,2,8,Occasional,3,Occasional
16120,2011-10-11 14:22:00,59,5,1294.14,3,3,4,10,Loyal,0,Occasional
16121,2011-10-13 12:59:00,57,2,854.66,3,1,3,7,Occasional,0,Occasional
16122,2011-09-27 15:34:00,73,4,684.4200000000001,2,2,3,7,Occasional,0,Occasional
16123,2011-10-19 09:18:00,52,1,307.78,3,1,2,6,At risk / Low value,3,Occasional
16124,2011-01-27 16:05:00,316,2,187.15,1,1,1,3,At risk / Low value,1,At risk / Low value
16125,2010-12-07 15:48:00,367,1,289.35,1,1,2,4,At risk / Low value,1,At risk / Low value
16126,2011-11-10 16:03:00,29,4,6287.77,4,2,5,11,Loyal,0,Occasional
16127,2011-10-31 13:58:00,39,1,656.25,3,1,3,7,Occasional,3,Occasional
16128,2011-11-22 11:14:00,18,5,1880.22,4,3,4,11,Loyal,0,Occasional
16131,2011-10-19 11:53:00,52,6,3506.54,3,3,5,11,Loyal,0,Occasional
16133,2011-12-06 11:24:00,4,46,14305.66,5,4,5,14,VIP / High value,2,VIP / High value
16134,2011-11-18 10:05:00,22,3,603.69,4,2,3,9,Occasional,0,Occasional
16135,2011-03-22 12:30:00,263,1,517.55,1,1,3,5,At risk / Low value,1,At risk / Low value
16136,2011-10-11 09:10:00,60,3,709.38,3,2,3,8,Occasional,0,Occasional
16139,2011-11-21 08:37:00,19,3,635.41,4,2,3,9,Occasional,0,Occasional
16140,2011-10-18 10:59:00,53,4,703.77,3,2,3,8,Occasional,0,Occasional
16141,2011-09-12 13:11:00,88,1,620.4,2,1,3,6,At risk / Low value,3,Occasional
16142,2011-04-04 10:16:00,250,1,535.34,1,1,3,5,At risk / Low value,1,At risk / Low value
16143,2011-12-06 14:13:00,3,7,2419.84,5,3,5,13,VIP / High value,0,Occasional
16144,2011-04-07 10:09:00,247,1,175.2,1,1,1,3,At risk / Low value,1,At risk / Low value
16145,2011-12-01 10:33:00,9,18,3741.98,5,4,5,14,VIP / High value,2,VIP / High value
16146,2011-07-05 14:20:00,157,3,734.13,2,2,3,7,Occasional,0,Occasional
16147,2011-07-29 09:57:00,134,1,375.0,2,1,2,5,At risk / Low value,3,Occasional
16148,2011-02-16 14:01:00,296,1,76.32000000000001,1,1,1,3,At risk / Low value,1,At risk / Low value
16149,2011-12-05 11:29:00,5,2,280.52,5,1,2,8,Occasional,3,Occasional
16150,2011-11-01 09:29:00,39,10,1906.07,3,4,4,11,Loyal,2,VIP / High value
16152,2011-03-16 09:47:00,269,1,1829.04,1,1,4,6,At risk / Low value,1,At risk / Low value
16153,2011-10-21 10:50:00,50,5,1824.23,3,3,4,10,Loyal,0,Occasional
16156,2011-12-01 12:42:00,9,13,2994.62,5,4,5,14,VIP / High value,2,VIP / High value
16157,2011-11-24 11:41:00,16,4,644.24,4,2,3,9,Occasional,0,Occasional
16159,2011-03-03 12:27:00,282,1,348.2,1,1,2,4,At risk / Low value,1,At risk / Low value
16160,2011-10-06 18:30:00,64,4,1009.4499999999999,3,2,4,9,Occasional,0,Occasional
16161,2011-12-08 12:10:00,2,26,5311.08,5,4,5,14,VIP / High value,2,VIP / High value
16162,2011-04-01 15:03:00,252,1,37.4,1,1,1,3,At risk / Low value,1,At risk / Low value
16163,2011-04-28 19:43:00,225,3,441.59999999999997,1,2,2,5,At risk / Low value,1,At risk / Low value
16164,2011-11-22 15:04:00,17,4,802.53,4,2,3,9,Occasional,0,Occasional
16168,2011-11-29 12:45:00,11,28,3770.6,5,4,5,14,VIP / High value,2,VIP / High value
16169,2011-12-01 15:28:00,8,4,1822.97,5,2,4,11,Loyal,0,Occasional
16170,2011-10-20 08:21:00,51,7,1880.4199999999998,3,3,4,10,Loyal,0,Occasional
16171,2011-10-11 14:51:00,59,1,73.2,3,1,1,5,At risk / Low value,3,Occasional
16172,2011-09-05 13:22:00,95,5,1140.21,2,3,4,9,Occasional,0,Occasional
16173,2011-11-24 10:53:00,16,7,1406.57,4,3,4,11,Loyal,0,Occasional
16174,2011-08-05 13:26:00,126,3,1009.5500000000001,2,2,4,8,Occasional,0,Occasional
16175,2011-09-06 14:32:00,94,4,1037.59,2,2,4,8,Occasional,0,Occasional
16177,2011-10-20 12:57:00,50,1,331.95,3,1,2,6,At risk / Low value,3,Occasional
16178,2011-07-24 16:05:00,138,1,197.9,2,1,1,4,At risk / Low value,3,Occasional
16179,2011-10-10 09:41:00,61,1,215.83,3,1,1,5,At risk / Low value,3,Occasional
16180,2011-08-31 16:28:00,100,10,10217.48,2,4,5,11,Loyal,2,VIP / High value
16181,2011-09-27 13:38:00,73,1,305.54,2,1,2,5,At risk / Low value,3,Occasional
16182,2011-09-28 13:23:00,72,4,6617.65,2,2,5,9,Occasional,0,Occasional
16183,2011-10-03 14:59:00,67,1,338.71000000000004,3,1,2,6,At risk / Low value,3,Occasional
16184,2011-10-06 17:43:00,64,7,1155.54,3,3,4,10,Loyal,0,Occasional
16185,2011-11-23 09:41:00,17,2,529.41,4,1,3,8,Occasional,3,Occasional
16186,2011-11-17 12:43:00,23,13,3991.94,4,4,5,13,VIP / High value,2,VIP / High value
16187,2011-11-08 09:50:00,32,17,6841.24,3,4,5,12,Loyal,2,VIP / High value
16188,2011-10-26 12:19:00,45,4,981.86,3,2,4,9,Occasional,0,Occasional
16189,2011-11-24 11:47:00,16,2,215.48,4,1,1,6,At risk / Low value,3,Occasional
16190,2011-10-30 15:59:00,40,1,215.08,3,1,1,5,At risk / Low value,3,Occasional
16191,2011-12-07 11:26:00,3,25,4913.32,5,4,5,14,VIP / High value,2,VIP / High value
16193,2011-04-17 11:45:00,237,1,314.45,1,1,2,4,At risk / Low value,1,At risk / Low value
16198,2011-09-25 14:58:00,75,1,400.68100000000004,2,1,2,5,At risk / Low value,3,Occasional
16200,2011-12-05 14:40:00,4,2,1068.8700000000001,5,1,4,10,Loyal,0,Occasional
16201,2011-12-06 16:02:00,3,5,1821.52,5,3,4,12,Loyal,0,Occasional
16202,2010-12-14 10:43:00,361,1,365.27,1,1,2,4,At risk / Low value,1,At risk / Low value
16203,2011-10-12 12:31:00,59,5,589.15,3,3,3,9,Occasional,0,Occasional
16204,2011-11-16 13:40:00,23,1,384.18,4,1,2,7,Occasional,3,Occasional
16205,2011-11-09 09:32:00,31,4,757.63,4,2,3,9,Occasional,0,Occasional
16206,2011-10-16 10:41:00,55,4,537.0600000000001,3,2,3,8,Occasional,0,Occasional
16207,2011-11-14 13:51:00,25,1,394.38,4,1,2,7,Occasional,3,Occasional
16208,2011-10-26 11:36:00,45,2,664.26,3,1,3,7,Occasional,3,Occasional
16209,2011-09-12 11:58:00,89,5,2262.62,2,3,5,10,Loyal,0,Occasional
16210,2011-12-08 12:36:00,2,18,21086.3,5,4,5,14,VIP / High value,2,VIP / High value
16211,2011-09-19 16:23:00,81,2,542.77,2,1,3,6,At risk / Low value,3,Occasional
16212,2011-11-20 13:00:00,19,3,681.19,4,2,3,9,Occasional,0,Occasional
16213,2011-09-22 10:03:00,79,1,159.0,2,1,1,4,At risk / Low value,3,Occasional
16214,2011-06-22 11:30:00,171,3,1062.75,2,2,4,8,Occasional,0,Occasional
16215,2011-09-20 10:18:00,81,1,242.35,2,1,1,4,At risk / Low value,3,Occasional
16216,2011-03-17 15:34:00,267,1,914.9300000000001,1,1,3,5,At risk / Low value,1,At risk / Low value
16217,2011-04-18 13:31:00,235,4,259.39000000000004,1,2,2,5,At risk / Low value,1,At risk / Low value
16218,2011-11-10 09:59:00,30,8,3054.87,4,4,5,13,VIP / High value,2,VIP / High value
16221,2011-11-03 11:43:00,37,3,860.86,3,2,3,8,Occasional,0,Occasional
16222,2011-01-25 13:38:00,318,1,773.5500000000001,1,1,3,5,At risk / Low value,1,At risk / Low value
16224,2011-10-13 17:51:00,57,4,1295.3,3,2,4,9,Occasional,0,Occasional
16225,2011-10-26 08:30:00,45,5,1096.32,3,3,4,10,Loyal,0,Occasional
16226,2011-05-20 14:41:00,203,3,255.12,1,2,2,5,At risk / Low value,1,At risk / Low value
16227,2011-05-04 16:27:00,219,2,308.32000000000005,1,1,2,4,At risk / Low value,1,At risk / Low value
16229,2011-09-13 17:16:00,87,2,1010.6,2,1,4,7,Occasional,0,Occasional
16230,2011-06-03 10:06:00,190,2,542.03,1,1,3,5,At risk / Low value,1,At risk / Low value
16232,2011-11-07 11:12:00,33,5,983.23,3,3,4,10,Loyal,0,Occasional
16233,2011-09-29 17:27:00,71,5,422.13,2,3,2,7,Occasional,0,Occasional
16235,2011-10-30 10:56:00,41,6,858.41,3,3,3,9,Occasional,0,Occasional
16236,2011-09-22 14:10:00,78,1,432.2,2,1,2,5,At risk / Low value,3,Occasional
16239,2011-10-14 08:29:00,57,3,372.9,3,2,2,7,Occasional,3,Occasional
16240,2011-12-01 14:02:00,8,5,3693.81,5,3,5,13,VIP / High value,0,Occasional
16241,2011-11-30 11:08:00,10,13,2590.31,5,4,5,14,VIP / High value,2,VIP / High value
16242,2011-12-01 15:12:00,8,8,3574.91,5,4,5,14,VIP / High value,2,VIP / High value
16243,2011-11-06 12:32:00,34,2,409.1,3,1,2,6,At risk / Low value,3,Occasional
16244,2011-05-12 10:18:00,212,2,1522.75,1,1,4,6,At risk / Low value,1,At risk / Low value
16245,2011-11-16 10:14:00,24,5,1352.3600000000001,4,3,4,11,Loyal,0,Occasional
16247,2011-06-22 14:23:00,170,1,114.56,2,1,1,4,At risk / Low value,1,At risk / Low value
16248,2011-10-09 11:32:00,62,1,152.94,3,1,1,5,At risk / Low value,3,Occasional
16249,2011-10-18 10:07:00,53,5,1800.07,3,3,4,10,Loyal,0,Occasional
16250,2011-03-23 15:07:00,261,2,389.44,1,1,2,4,At risk / Low value,1,At risk / Low value
16253,2011-11-08 11:23:00,32,3,3665.62,3,2,5,10,Loyal,0,Occasional
16255,2011-11-23 12:40:00,17,10,2609.3,4,4,5,13,VIP / High value,2,VIP / High value
16256,2011-03-27 12:14:00,258,2,732.63,1,1,3,5,At risk / Low value,1,At risk / Low value
16257,2011-06-16 10:11:00,177,1,46.95,1,1,1,3,At risk / Low value,1,At risk / Low value
16258,2011-10-25 13:30:00,45,5,5203.51,3,3,5,11,Loyal,0,Occasional
16260,2011-10-20 09:40:00,51,1,1035.45,3,1,4,8,Occasional,3,Occasional
16261,2011-11-22 17:23:00,17,4,728.54,4,2,3,9,Occasional,0,Occasional
16265,2011-11-30 16:41:00,9,11,5423.15,5,4,5,14,VIP / High value,2,VIP / High value
16266,2011-09-27 12:08:00,74,7,861.89,2,3,3,8,Occasional,0,Occasional
16268,2011-09-29 18:30:00,71,2,667.65,2,1,3,6,At risk / Low value,3,Occasional
16270,2010-12-21 14:26:00,353,1,1141.24,1,1,4,6,At risk / Low value,1,At risk / Low value
16271,2011-12-07 12:45:00,3,6,1398.69,5,3,4,12,Loyal,0,Occasional
16272,2011-08-15 10:54:00,117,1,411.7,2,1,2,5,At risk / Low value,3,Occasional
16274,2010-12-01 15:35:00,373,1,351.75,1,1,2,4,At risk / Low value,1,At risk / Low value
16275,2011-05-27 12:41:00,197,1,559.87,1,1,3,5,At risk / Low value,1,At risk / Low value
16276,2011-06-16 09:34:00,177,1,810.6000000000001,1,1,3,5,At risk / Low value,1,At risk / Low value
16278,2011-11-16 16:09:00,23,3,537.83,4,2,3,9,Occasional,0,Occasional
16279,2011-11-18 15:00:00,21,4,1489.88,4,2,4,10,Loyal,0,Occasional
16281,2011-09-28 14:57:00,72,1,2062.06,2,1,5,8,Occasional,0,Occasional
16282,2011-01-04 11:42:00,340,1,168.3,1,1,1,3,At risk / Low value,1,At risk / Low value
16283,2011-12-04 12:08:00,6,7,1531.51,5,3,4,12,Loyal,0,Occasional
16284,2011-11-08 16:12:00,31,2,812.68,4,1,3,8,Occasional,3,Occasional
16287,2011-06-23 09:08:00,170,1,142.5,2,1,1,4,At risk / Low value,1,At risk / Low value
16292,2011-08-14 14:30:00,117,2,280.9,2,1,2,5,At risk / Low value,3,Occasional
16293,2011-12-01 09:13:00,9,12,2236.7400000000002,5,4,5,14,VIP / High value,2,VIP / High value
16295,2011-11-30 08:17:00,10,4,1328.55,5,2,4,11,Loyal,0,Occasional
16297,2011-05-11 11:15:00,213,4,275.4,1,2,2,5,At risk / Low value,1,At risk / Low value
16298,2011-11-17 11:59:00,23,3,598.2,4,2,3,9,Occasional,0,Occasional
16302,2011-08-24 09:25:00,108,2,212.82,2,1,1,4,At risk / Low value,3,Occasional
16303,2011-11-14 10:49:00,26,4,5305.83,4,2,5,11,Loyal,0,Occasional
16305,2011-07-24 12:18:00,139,1,361.21999999999997,2,1,2,5,At risk / Low value,3,Occasional
16306,2011-05-10 12:12:00,214,9,602.27,1,4,3,8,Occasional,0,Occasional
16308,2011-11-02 11:24:00,38,4,2560.0,3,2,5,10,Loyal,0,Occasional
16309,2011-09-09 12:26:00,92,3,686.67,2,2,3,7,Occasional,0,Occasional
16311,2011-11-22 08:54:00,18,2,616.26,4,1,3,8,Occasional,3,Occasional
16313,2011-12-06 13:02:00,3,2,274.15000000000003,5,1,2,8,Occasional,3,Occasional
16315,2011-01-13 11:57:00,331,1,226.37,1,1,1,3,At risk / Low value,1,At risk / Low value
16316,2011-10-06 13:48:00,64,12,2755.56,3,4,5,12,Loyal,2,VIP / High value
16317,2011-08-12 12:46:00,120,3,1341.65,2,2,4,8,Occasional,0,Occasional
16318,2011-11-04 13:05:00,35,1,328.15,3,1,2,6,At risk / Low value,3,Occasional
16319,2011-05-06 11:27:00,218,1,404.40000000000003,1,1,2,4,At risk / Low value,1,At risk / Low value
16320,2011-06-20 15:25:00,172,2,1038.46,2,1,4,7,Occasional,1,At risk / Low value
16321,2011-09-28 14:55:00,72,7,230.70000000000002,2,3,1,6,At risk / Low value,0,Occasional
16322,2011-12-08 15:41:00,1,2,326.75,5,1,2,8,Occasional,3,Occasional
16323,2011-05-27 14:48:00,196,1,207.50000000000003,1,1,1,3,At risk / Low value,1,At risk / Low value
16324,2011-08-03 12:58:00,128,3,408.59000000000003,2,2,2,6,At risk / Low value,3,Occasional
16325,2011-10-26 16:29:00,44,5,510.54,3,3,3,9,Occasional,0,Occasional
16326,2011-12-04 10:11:00,6,15,3014.2200000000003,5,4,5,14,VIP / High value,2,VIP / High value
16327,2011-11-25 13:23:00,14,6,3820.27,4,3,5,12,Loyal,0,Occasional
16330,2011-11-22 12:24:00,18,4,242.21,4,2,1,7,Occasional,3,Occasional
16332,2011-11-11 14:22:00,28,8,1572.8,4,4,4,12,Loyal,0,Occasional
16333,2011-12-02 12:19:00,8,22,26626.8,5,4,5,14,VIP / High value,2,VIP / High value
16337,2011-11-03 10:03:00,37,1,151.05,3,1,1,5,At risk / Low value,3,Occasional
16338,2011-07-05 13:56:00,157,1,214.79999999999998,2,1,1,4,At risk / Low value,1,At risk / Low value
16339,2011-02-28 13:41:00,284,1,94.05,1,1,1,3,At risk / Low value,1,At risk / Low value
16340,2011-08-24 14:53:00,107,1,534.31,2,1,3,6,At risk / Low value,3,Occasional
16341,2011-11-15 09:12:00,25,6,1959.38,4,3,4,11,Loyal,0,Occasional
16342,2011-09-25 14:36:00,75,4,322.41,2,2,2,6,At risk / Low value,3,Occasional
16343,2011-11-23 17:45:00,16,2,328.58,4,1,2,7,Occasional,3,Occasional
16344,2011-07-04 15:50:00,158,1,101.10000000000001,2,1,1,4,At risk / Low value,1,At risk / Low value
16345,2011-10-26 16:03:00,44,1,565.46,3,1,3,7,Occasional,3,Occasional
16347,2011-11-28 13:14:00,11,2,847.45,5,1,3,9,Occasional,0,Occasional
16348,2011-11-07 15:44:00,32,7,1415.65,3,3,4,10,Loyal,0,Occasional
16349,2011-02-22 12:40:00,291,1,53.5,1,1,1,3,At risk / Low value,1,At risk / Low value
16350,2011-11-18 15:53:00,21,5,1100.47,4,3,4,11,Loyal,0,Occasional
16351,2011-01-11 10:26:00,333,1,153.9,1,1,1,3,At risk / Low value,1,At risk / Low value
16352,2011-11-22 10:32:00,18,2,494.44,4,1,3,8,Occasional,3,Occasional
16353,2011-12-06 12:23:00,4,23,6675.71,5,4,5,14,VIP / High value,2,VIP / High value
16354,2011-10-07 14:28:00,63,2,395.8,3,1,2,6,At risk / Low value,3,Occasional
16356,2011-05-26 11:51:00,198,4,210.32000000000002,1,2,1,4,At risk / Low value,1,At risk / Low value
16357,2011-11-06 16:04:00,33,3,658.88,3,2,3,8,Occasional,0,Occasional
16358,2011-12-08 15:09:00,1,5,2024.95,5,3,5,13,VIP / High value,0,Occasional
16359,2011-12-02 17:04:00,7,12,1460.3700000000001,5,4,4,13,VIP / High value,2,VIP / High value
16360,2011-12-05 12:16:00,5,8,3349.57,5,4,5,14,VIP / High value,2,VIP / High value
16361,2011-11-30 12:32:00,10,4,891.21,5,2,3,10,Loyal,0,Occasional
16362,2011-11-07 13:01:00,32,9,627.29,3,4,3,10,Loyal,0,Occasional
16363,2011-10-17 14:14:00,53,1,109.36000000000001,3,1,1,5,At risk / Low value,3,Occasional
16364,2011-11-28 11:27:00,12,2,705.79,4,1,3,8,Occasional,3,Occasional
16365,2011-11-22 11:24:00,18,9,1540.42,4,4,4,12,Loyal,0,Occasional
16366,2011-11-21 08:19:00,19,1,327.3,4,1,2,7,Occasional,3,Occasional
16367,2011-11-02 13:13:00,37,2,800.67,3,1,3,7,Occasional,3,Occasional
16368,2011-12-07 13:12:00,2,2,479.91,5,1,3,9,Occasional,3,Occasional
16369,2011-11-21 16:25:00,18,3,1545.41,4,2,4,10,Loyal,0,Occasional
16370,2011-09-18 15:55:00,82,4,1301.91,2,2,4,8,Occasional,0,Occasional
16372,2011-11-06 13:08:00,33,2,355.73,3,1,2,6,At risk / Low value,3,Occasional
16374,2011-10-04 15:21:00,66,2,466.73,3,1,2,6,At risk / Low value,3,Occasional
16376,2011-12-01 11:38:00,9,3,965.47,5,2,4,11,Loyal,0,Occasional
16377,2011-03-17 15:41:00,267,1,676.2,1,1,3,5,At risk / Low value,1,At risk / Low value
16378,2011-04-06 15:07:00,247,3,362.95,1,2,2,5,At risk / Low value,1,At risk / Low value
16379,2011-12-05 15:38:00,4,5,2131.9,5,3,5,13,VIP / High value,0,Occasional
16380,2011-10-09 15:40:00,61,1,1743.1499999999999,3,1,4,8,Occasional,0,Occasional
16383,2011-09-26 12:45:00,75,2,643.76,2,1,3,6,At risk / Low value,3,Occasional
16384,2011-09-11 11:19:00,90,2,584.5,2,1,3,6,At risk / Low value,3,Occasional
16385,2011-10-10 13:12:00,60,3,554.86,3,2,3,8,Occasional,0,Occasional
16386,2011-11-11 12:28:00,29,2,302.57,4,1,2,7,Occasional,3,Occasional
16387,2011-01-21 11:34:00,323,1,94.36,1,1,1,3,At risk / Low value,1,At risk / Low value
16389,2011-10-17 14:41:00,53,5,1362.27,3,3,4,10,Loyal,0,Occasional
16392,2011-03-15 12:11:00,270,1,217.89,1,1,1,3,At risk / Low value,1,At risk / Low value
16393,2011-12-07 12:51:00,2,20,2935.8,5,4,5,14,VIP / High value,2,VIP / High value
16394,2011-10-20 19:16:00,50,9,1412.06,3,4,4,11,Loyal,0,Occasional
16395,2011-10-10 12:50:00,61,5,1482.06,3,3,4,10,Loyal,0,Occasional
16398,2011-07-18 10:14:00,145,4,1631.15,2,2,4,8,Occasional,0,Occasional
16399,2011-11-20 16:12:00,19,2,408.02,4,1,2,7,Occasional,3,Occasional
16400,2011-09-06 12:27:00,95,1,303.93,2,1,2,5,At risk / Low value,3,Occasional
16401,2011-12-08 18:15:00,1,20,4061.24,5,4,5,14,VIP / High value,2,VIP / High value
16402,2011-03-20 12:25:00,265,2,293.45,1,1,2,4,At risk / Low value,1,At risk / Low value
16403,2011-02-10 16:40:00,302,2,161.04999999999998,1,1,1,3,At risk / Low value,1,At risk / Low value
16404,2011-09-30 14:55:00,70,1,443.05,3,1,2,6,At risk / Low value,3,Occasional
16405,2011-02-10 15:24:00,302,2,167.25,1,1,1,3,At risk / Low value,1,At risk / Low value
16406,2011-11-21 11:57:00,19,1,154.35,4,1,1,6,At risk / Low value,3,Occasional
16407,2011-11-27 11:05:00,13,10,2079.68,4,4,5,13,VIP / High value,2,VIP / High value
16409,2011-11-03 16:45:00,36,5,2022.98,3,3,5,11,Loyal,0,Occasional
16411,2011-11-20 13:23:00,19,2,211.7,4,1,1,6,At risk / Low value,3,Occasional
16412,2011-10-17 12:35:00,54,1,135.99,3,1,1,5,At risk / Low value,3,Occasional
16413,2011-10-14 12:08:00,57,1,262.2,3,1,2,6,At risk / Low value,3,Occasional
16414,2011-11-18 09:42:00,22,2,126.25,4,1,1,6,At risk / Low value,3,Occasional
16415,2011-10-26 13:35:00,44,1,200.27,3,1,1,5,At risk / Low value,3,Occasional
16416,2011-11-13 12:50:00,27,4,1026.99,4,2,4,10,Loyal,0,Occasional
16418,2011-10-26 12:39:00,45,3,631.12,3,2,3,8,Occasional,0,Occasional
16419,2011-08-19 12:33:00,113,7,945.96,2,3,4,9,Occasional,0,Occasional
16422,2011-11-22 14:00:00,17,75,33805.69,4,4,5,13,VIP / High value,2,VIP / High value
16423,2011-11-15 09:21:00,25,1,346.12,4,1,2,7,Occasional,3,Occasional
16424,2011-06-01 13:40:00,191,2,82.56,1,1,1,3,At risk / Low value,1,At risk / Low value
16425,2011-02-10 14:30:00,302,1,302.7,1,1,2,4,At risk / Low value,1,At risk / Low value
16426,2011-12-07 14:01:00,2,10,1863.76,5,4,4,13,VIP / High value,2,VIP / High value
16427,2011-03-21 17:10:00,263,2,241.06,1,1,1,3,At risk / Low value,1,At risk / Low value
16429,2011-08-25 13:54:00,106,1,284.55,2,1,2,5,At risk / Low value,3,Occasional
16430,2011-10-13 14:47:00,57,1,300.85,3,1,2,6,At risk / Low value,3,Occasional
16431,2011-05-10 14:09:00,213,3,623.28,1,2,3,6,At risk / Low value,1,At risk / Low value
16432,2011-10-06 13:59:00,64,1,287.4,3,1,2,6,At risk / Low value,3,Occasional
16433,2011-11-11 14:09:00,28,1,184.26,4,1,1,6,At risk / Low value,3,Occasional
16434,2011-11-10 14:28:00,29,7,1511.8,4,3,4,11,Loyal,0,Occasional
16438,2011-12-04 10:51:00,6,5,798.35,5,3,3,11,Loyal,0,Occasional
16440,2011-12-02 12:02:00,8,5,3640.67,5,3,5,13,VIP / High value,0,Occasional
16441,2011-10-03 17:48:00,67,2,381.2,3,1,2,6,At risk / Low value,3,Occasional
16442,2011-12-08 11:43:00,2,3,609.3,5,2,3,10,Loyal,0,Occasional
16444,2011-10-24 13:50:00,46,5,638.77,3,3,3,9,Occasional,0,Occasional
16445,2011-11-06 12:32:00,34,1,230.51,3,1,1,5,At risk / Low value,3,Occasional
16446,2011-12-09 09:27:00,1,3,2.8999999999941792,5,2,1,8,Occasional,3,Occasional
16447,2011-07-27 12:45:00,136,1,255.91,2,1,2,5,At risk / Low value,3,Occasional
16448,2011-05-25 16:28:00,198,1,182.99,1,1,1,3,At risk / Low value,1,At risk / Low value
16449,2011-06-02 11:07:00,191,3,674.69,1,2,3,6,At risk / Low value,1,At risk / Low value
16450,2011-07-13 11:47:00,150,1,311.92,2,1,2,5,At risk / Low value,3,Occasional
16451,2011-09-13 09:17:00,88,1,266.97,2,1,2,5,At risk / Low value,3,Occasional
16455,2011-10-07 12:17:00,64,7,1841.18,3,3,4,10,Loyal,0,Occasional
16456,2011-09-01 13:50:00,99,5,2158.18,2,3,5,10,Loyal,0,Occasional
16457,2011-05-05 13:19:00,218,1,208.36,1,1,1,3,At risk / Low value,1,At risk / Low value
16458,2011-12-07 09:34:00,3,18,3482.7400000000002,5,4,5,14,VIP / High value,2,VIP / High value
16460,2011-11-11 13:46:00,28,3,811.23,4,2,3,9,Occasional,0,Occasional
16461,2011-06-15 12:07:00,178,1,142.92,1,1,1,3,At risk / Low value,1,At risk / Low value
16462,2011-10-06 18:16:00,64,4,102.0,3,2,1,6,At risk / Low value,3,Occasional
16463,2011-11-18 14:01:00,21,7,1383.7,4,3,4,11,Loyal,0,Occasional
16464,2011-11-20 12:11:00,20,3,1298.66,4,2,4,10,Loyal,0,Occasional
16466,2011-11-06 11:35:00,34,7,1595.96,3,3,4,10,Loyal,0,Occasional
16468,2011-09-26 14:13:00,74,1,74.9,2,1,1,4,At risk / Low value,3,Occasional
16469,2011-11-16 12:25:00,24,4,625.42,4,2,3,9,Occasional,0,Occasional
16470,2011-10-19 12:11:00,52,5,747.82,3,3,3,9,Occasional,0,Occasional
16471,2011-03-10 09:41:00,275,1,223.95000000000002,1,1,1,3,At risk / Low value,1,At risk / Low value
16473,2011-06-28 09:10:00,165,4,314.86,2,2,2,6,At risk / Low value,1,At risk / Low value
16474,2011-12-02 13:02:00,7,11,1750.6200000000001,5,4,4,13,VIP / High value,2,VIP / High value
16475,2011-09-12 14:37:00,88,4,544.3,2,2,3,7,Occasional,0,Occasional
16477,2011-10-07 09:44:00,64,7,2494.46,3,3,5,11,Loyal,0,Occasional
16478,2011-11-14 15:51:00,25,3,331.0,4,2,2,8,Occasional,3,Occasional
16479,2011-11-29 13:40:00,10,2,300.83,5,1,2,8,Occasional,3,Occasional
16480,2011-09-25 11:40:00,76,1,769.29,2,1,3,6,At risk / Low value,3,Occasional
16482,2011-11-24 12:33:00,16,1,220.62,4,1,1,6,At risk / Low value,3,Occasional
16483,2011-05-31 13:08:00,192,1,139.35,1,1,1,3,At risk / Low value,1,At risk / Low value
16484,2011-06-19 12:06:00,174,3,379.4,2,2,2,6,At risk / Low value,1,At risk / Low value
16485,2011-09-23 15:50:00,77,1,363.65,2,1,2,5,At risk / Low value,3,Occasional
16488,2011-11-06 13:42:00,33,4,492.2,3,2,3,8,Occasional,0,Occasional
16491,2011-10-24 10:18:00,47,1,731.5,3,1,3,7,Occasional,3,Occasional
16493,2011-09-28 11:13:00,73,6,1329.66,2,3,4,9,Occasional,0,Occasional
16494,2011-02-16 12:49:00,297,1,826.53,1,1,3,5,At risk / Low value,1,At risk / Low value
16495,2011-12-06 13:20:00,3,3,648.26,5,2,3,10,Loyal,0,Occasional
16496,2011-12-01 10:31:00,9,4,1562.22,5,2,4,11,Loyal,0,Occasional
16497,2011-10-21 10:55:00,50,6,2965.69,3,3,5,11,Loyal,0,Occasional
16498,2011-07-01 15:07:00,161,3,86.12,2,2,1,5,At risk / Low value,1,At risk / Low value
16499,2010-12-14 15:20:00,360,5,319.1,1,3,2,6,At risk / Low value,1,At risk / Low value
16500,2011-12-05 12:04:00,5,6,400.86,5,3,2,10,Loyal,0,Occasional
16503,2011-08-25 11:46:00,107,5,1421.43,2,3,4,9,Occasional,0,Occasional
16504,2011-11-14 15:18:00,25,1,465.88,4,1,2,7,Occasional,3,Occasional
16505,2011-11-08 12:14:00,32,1,777.6,3,1,3,7,Occasional,3,Occasional
16506,2011-11-20 12:17:00,20,2,90.30000000000001,4,1,1,6,At risk / Low value,3,Occasional
16509,2011-02-16 09:25:00,297,1,363.7,1,1,2,4,At risk / Low value,1,At risk / Low value
16510,2010-12-02 13:39:00,372,1,248.1,1,1,2,4,At risk / Low value,1,At risk / Low value
16511,2011-11-18 10:41:00,22,3,918.33,4,2,4,10,Loyal,0,Occasional
16513,2011-12-05 10:18:00,5,4,874.59,5,2,3,10,Loyal,0,Occasional
16515,2011-10-18 13:10:00,52,5,1624.14,3,3,4,10,Loyal,0,Occasional
16516,2011-11-09 14:59:00,30,1,101.69999999999999,4,1,1,6,At risk / Low value,3,Occasional
16517,2011-03-07 13:50:00,277,1,162.7,1,1,1,3,At risk / Low value,1,At risk / Low value
16518,2011-10-09 15:04:00,61,3,480.92,3,2,3,8,Occasional,3,Occasional
16519,2011-11-14 15:41:00,25,2,215.07999999999998,4,1,1,6,At risk / Low value,3,Occasional
16520,2011-06-06 13:24:00,186,4,1036.6200000000001,1,2,4,7,Occasional,0,Occasional
16523,2011-12-08 09:06:00,2,28,9295.67,5,4,5,14,VIP / High value,2,VIP / High value
16525,2011-12-07 15:07:00,2,29,11895.57,5,4,5,14,VIP / High value,2,VIP / High value
16526,2011-06-21 12:02:00,172,1,290.36,2,1,2,5,At risk / Low value,1,At risk / Low value
16527,2011-09-19 16:21:00,81,1,228.06,2,1,1,4,At risk / Low value,3,Occasional
16528,2011-12-06 12:45:00,4,1,244.41,5,1,2,8,Occasional,3,Occasional
16529,2011-06-02 17:23:00,190,1,455.25,1,1,2,4,At risk / Low value,1,At risk / Low value
16531,2011-11-17 16:29:00,22,7,1244.59,4,3,4,11,Loyal,0,Occasional
16532,2011-11-22 11:08:00,18,3,6748.8,4,2,5,11,Loyal,0,Occasional
16533,2011-11-20 13:08:00,19,5,1014.19,4,3,4,11,Loyal,0,Occasional
16535,2011-12-04 15:18:00,5,1,593.75,5,1,3,9,Occasional,3,Occasional
16536,2011-08-24 13:20:00,107,2,538.17,2,1,3,6,At risk / Low value,3,Occasional
16539,2011-12-07 08:41:00,3,4,1388.81,5,2,4,11,Loyal,0,Occasional
16542,2011-10-17 10:47:00,54,1,119.62,3,1,1,5,At risk / Low value,3,Occasional
16545,2011-06-28 10:37:00,165,1,339.3,2,1,2,5,At risk / Low value,1,At risk / Low value
16549,2011-11-29 15:06:00,10,10,4034.9,5,4,5,14,VIP / High value,2,VIP / High value
16550,2011-08-23 11:12:00,109,9,2266.25,2,4,5,11,Loyal,0,Occasional
16551,2011-09-05 09:38:00,96,3,922.12,2,2,4,8,Occasional,0,Occasional
16552,2011-04-11 10:04:00,243,2,379.73,1,1,2,4,At risk / Low value,1,At risk / Low value
16553,2011-06-29 15:42:00,163,14,5664.57,2,4,5,11,Loyal,2,VIP / High value
16554,2011-12-06 14:52:00,3,7,641.55,5,3,3,11,Loyal,0,Occasional
16555,2011-11-04 14:31:00,35,2,285.89,3,1,2,6,At risk / Low value,3,Occasional
16556,2011-10-04 11:36:00,67,7,3313.79,3,3,5,11,Loyal,0,Occasional
16557,2011-11-15 14:04:00,24,2,281.85,4,1,2,7,Occasional,3,Occasional
16558,2011-12-09 10:20:00,1,24,8257.04,5,4,5,14,VIP / High value,2,VIP / High value
16560,2011-11-18 17:05:00,21,3,816.51,4,2,3,9,Occasional,0,Occasional
16561,2011-12-04 11:50:00,6,2,511.12,5,1,3,9,Occasional,3,Occasional
16563,2011-10-17 11:51:00,54,1,1077.74,3,1,4,8,Occasional,3,Occasional
16565,2010-12-10 15:21:00,364,1,173.7,1,1,1,3,At risk / Low value,1,At risk / Low value
16566,2011-11-24 16:34:00,15,6,614.01,4,3,3,10,Loyal,0,Occasional
16567,2011-05-29 13:57:00,194,2,865.6,1,1,3,5,At risk / Low value,1,At risk / Low value
16569,2011-12-06 15:32:00,3,1,124.2,5,1,1,7,Occasional,3,Occasional
16570,2011-12-01 08:56:00,9,15,3622.95,5,4,5,14,VIP / High value,2,VIP / High value
16571,2011-12-06 14:07:00,3,5,1285.22,5,3,4,12,Loyal,0,Occasional
16572,2011-08-04 16:34:00,127,4,999.7,2,2,4,8,Occasional,0,Occasional
16573,2011-09-27 11:17:00,74,4,648.41,2,2,3,7,Occasional,0,Occasional
16574,2011-09-29 13:39:00,71,1,451.44,2,1,2,5,At risk / Low value,3,Occasional
16581,2011-07-07 15:50:00,155,2,70.44,2,1,1,4,At risk / Low value,1,At risk / Low value
16582,2011-08-18 17:02:00,113,1,313.62,2,1,2,5,At risk / Low value,3,Occasional
16583,2010-12-01 12:03:00,374,1,233.45,1,1,1,3,At risk / Low value,1,At risk / Low value
16584,2011-09-20 13:45:00,80,3,908.03,2,2,3,7,Occasional,0,Occasional
16586,2011-04-05 09:32:00,249,1,463.95,1,1,2,4,At risk / Low value,1,At risk / Low value
16587,2011-04-21 15:51:00,232,1,225.15,1,1,1,3,At risk / Low value,1,At risk / Low value
16589,2011-09-29 14:50:00,71,3,459.24,2,2,2,6,At risk / Low value,3,Occasional
16591,2011-10-02 10:43:00,69,1,213.5,3,1,1,5,At risk / Low value,3,Occasional
16592,2011-12-05 13:49:00,4,19,4073.28,5,4,5,14,VIP / High value,2,VIP / High value
16593,2011-10-20 12:41:00,51,3,330.03,3,2,2,7,Occasional,3,Occasional
16594,2011-09-25 14:08:00,75,1,181.09,2,1,1,4,At risk / Low value,3,Occasional
16595,2011-10-09 13:15:00,61,1,360.16,3,1,2,6,At risk / Low value,3,Occasional
16596,2011-11-24 10:02:00,16,2,250.15,4,1,2,7,Occasional,3,Occasional
16597,2011-12-05 15:44:00,4,1,90.04,5,1,1,7,Occasional,3,Occasional
16598,2011-03-07 13:42:00,277,2,140.7,1,1,1,3,At risk / Low value,1,At risk / Low value
16600,2011-12-05 16:00:00,4,6,813.52,5,3,3,11,Loyal,0,Occasional
16601,2011-10-30 11:09:00,41,1,242.7,3,1,1,5,At risk / Low value,3,Occasional
16602,2011-11-08 16:18:00,31,2,494.72999999999996,4,1,3,8,Occasional,3,Occasional
16603,2011-09-26 10:06:00,75,2,482.47,2,1,3,6,At risk / Low value,3,Occasional
16607,2011-11-22 10:24:00,18,16,3038.67,4,4,5,13,VIP / High value,2,VIP / High value
16609,2011-11-24 13:32:00,15,9,5450.96,4,4,5,13,VIP / High value,2,VIP / High value
16610,2011-05-04 13:13:00,219,1,75.66,1,1,1,3,At risk / Low value,1,At risk / Low value
16611,2011-06-06 15:46:00,186,2,120.99000000000001,1,1,1,3,At risk / Low value,1,At risk / Low value
16612,2011-11-07 07:38:00,33,4,1187.66,3,2,4,9,Occasional,0,Occasional
16613,2011-09-30 15:52:00,70,1,618.59,3,1,3,7,Occasional,3,Occasional
16614,2011-06-10 11:36:00,183,1,506.19,1,1,3,5,At risk / Low value,1,At risk / Low value
16616,2011-11-24 16:31:00,15,2,500.42,4,1,3,8,Occasional,3,Occasional
16617,2011-04-18 10:35:00,236,1,151.85,1,1,1,3,At risk / Low value,1,At risk / Low value
16618,2011-11-08 13:52:00,31,6,2630.64,4,3,5,12,Loyal,0,Occasional
16619,2011-03-31 12:20:00,254,2,204.41,1,1,1,3,At risk / Low value,1,At risk / Low value
16620,2011-12-06 12:19:00,4,2,178.96,5,1,1,7,Occasional,3,Occasional
16621,2011-10-19 11:38:00,52,4,813.48,3,2,3,8,Occasional,0,Occasional
16623,2011-04-08 10:09:00,246,1,129.45,1,1,1,3,At risk / Low value,1,At risk / Low value
16624,2011-09-20 12:39:00,81,2,810.5699999999999,2,1,3,6,At risk / Low value,3,Occasional
16625,2011-03-10 12:50:00,275,1,333.08,1,1,2,4,At risk / Low value,1,At risk / Low value
16626,2011-12-09 11:56:00,1,20,4379.65,5,4,5,14,VIP / High value,2,VIP / High value
16627,2011-09-21 14:38:00,79,1,322.8,2,1,2,5,At risk / Low value,3,Occasional
16628,2011-11-10 12:45:00,30,6,2183.04,4,3,5,12,Loyal,0,Occasional
16629,2011-09-27 10:34:00,74,2,408.63,2,1,2,5,At risk / Low value,3,Occasional
16633,2011-11-22 13:41:00,17,7,2878.15,4,3,5,12,Loyal,0,Occasional
16634,2011-05-01 12:09:00,223,2,217.9,1,1,1,3,At risk / Low value,1,At risk / Low value
16637,2011-11-07 13:17:00,32,5,1124.59,3,3,4,10,Loyal,0,Occasional
16638,2011-11-17 11:09:00,23,11,1676.47,4,4,4,12,Loyal,2,VIP / High value
16639,2011-11-14 13:47:00,25,4,1169.38,4,2,4,10,Loyal,0,Occasional
16641,2011-08-26 12:49:00,106,1,231.10000000000002,2,1,1,4,At risk / Low value,3,Occasional
16642,2011-12-05 11:31:00,5,3,679.83,5,2,3,10,Loyal,0,Occasional
16643,2011-04-08 08:24:00,246,1,487.51,1,1,3,5,At risk / Low value,1,At risk / Low value
16644,2011-06-15 12:39:00,178,2,833.78,1,1,3,5,At risk / Low value,1,At risk / Low value
16647,2011-06-23 11:47:00,170,2,214.06,2,1,1,4,At risk / Low value,1,At risk / Low value
16648,2011-11-01 09:52:00,39,2,270.85999999999996,3,1,2,6,At risk / Low value,3,Occasional
16650,2011-09-29 09:51:00,72,1,518.42,2,1,3,6,At risk / Low value,3,Occasional
16652,2011-10-17 11:43:00,54,11,6654.26,3,4,5,12,Loyal,2,VIP / High value
16653,2011-11-23 14:51:00,16,3,1166.92,4,2,4,10,Loyal,0,Occasional
16654,2011-07-21 15:23:00,141,5,594.97,2,3,3,8,Occasional,0,Occasional
16655,2011-11-22 11:25:00,18,6,3789.52,4,3,5,12,Loyal,0,Occasional
16656,2011-11-17 14:43:00,22,21,8568.24,4,4,5,13,VIP / High value,2,VIP / High value
16657,2011-11-30 11:48:00,10,4,874.43,5,2,3,10,Loyal,0,Occasional
16658,2010-12-06 13:47:00,368,1,123.24,1,1,1,3,At risk / Low value,1,At risk / Low value
16659,2011-06-03 15:03:00,189,1,39.12,1,1,1,3,At risk / Low value,1,At risk / Low value
16660,2011-11-23 14:53:00,16,5,810.4499999999999,4,3,3,10,Loyal,0,Occasional
16665,2010-12-12 14:03:00,362,1,135.39999999999998,1,1,1,3,At risk / Low value,1,At risk / Low value
16666,2011-11-20 14:01:00,19,1,118.98,4,1,1,6,At risk / Low value,3,Occasional
16667,2011-10-02 15:26:00,68,2,567.1800000000001,3,1,3,7,Occasional,3,Occasional
16668,2011-11-24 17:43:00,15,6,306.71999999999997,4,3,2,9,Occasional,0,Occasional
16669,2011-11-16 12:26:00,24,4,1344.88,4,2,4,10,Loyal,0,Occasional
16670,2011-11-23 09:34:00,17,17,4022.46,4,4,5,13,VIP / High value,2,VIP / High value
16671,2011-11-11 13:40:00,28,3,1692.27,4,2,4,10,Loyal,0,Occasional
16672,2011-12-07 16:29:00,2,23,8093.59,5,4,5,14,VIP / High value,2,VIP / High value
16674,2011-10-16 11:31:00,55,2,304.24,3,1,2,6,At risk / Low value,3,Occasional
16676,2011-11-06 12:01:00,34,5,1558.72,3,3,4,10,Loyal,0,Occasional
16678,2011-12-07 12:17:00,3,17,3013.83,5,4,5,14,VIP / High value,2,VIP / High value
16679,2010-12-08 13:51:00,366,1,129.75,1,1,1,3,At risk / Low value,1,At risk / Low value
16680,2011-10-27 17:35:00,43,1,183.7,3,1,1,5,At risk / Low value,3,Occasional
16681,2011-09-28 11:11:00,73,6,1770.34,2,3,4,9,Occasional,0,Occasional
16682,2011-12-05 12:13:00,5,5,1028.0,5,3,4,12,Loyal,0,Occasional
16684,2011-12-05 14:06:00,4,31,65892.08,5,4,5,14,VIP / High value,2,VIP / High value
16685,2011-10-09 13:58:00,61,2,324.24,3,1,2,6,At risk / Low value,3,Occasional
16686,2011-10-23 13:49:00,47,9,2940.53,3,4,5,12,Loyal,2,VIP / High value
16688,2011-12-08 15:24:00,1,4,1260.86,5,2,4,11,Loyal,0,Occasional
16689,2011-09-25 11:39:00,76,3,303.26,2,2,2,6,At risk / Low value,3,Occasional
16690,2011-10-27 10:58:00,44,3,208.63,3,2,1,6,At risk / Low value,3,Occasional
16692,2011-03-28 14:46:00,256,2,1276.0,1,1,4,6,At risk / Low value,1,At risk / Low value
16693,2011-10-02 11:10:00,69,2,477.86,3,1,2,6,At risk / Low value,3,Occasional
16696,2011-07-27 14:23:00,135,4,657.9000000000001,2,2,3,7,Occasional,0,Occasional
16697,2011-04-12 17:12:00,241,1,112.75,1,1,1,3,At risk / Low value,1,At risk / Low value
16698,2011-04-27 10:52:00,227,2,1998.0,1,1,4,6,At risk / Low value,1,At risk / Low value
16700,2011-12-01 11:00:00,9,17,5040.0,5,4,5,14,VIP / High value,2,VIP / High value
16701,2011-12-01 11:10:00,9,18,5150.2699999999995,5,4,5,14,VIP / High value,2,VIP / High value
16705,2011-12-09 12:08:00,1,29,13946.130000000001,5,4,5,14,VIP / High value,2,VIP / High value
16706,2011-11-02 13:50:00,37,3,531.35,3,2,3,8,Occasional,0,Occasional
16708,2011-10-25 12:20:00,46,1,656.63,3,1,3,7,Occasional,3,Occasional
16709,2011-09-16 10:56:00,85,5,3029.87,2,3,5,10,Loyal,0,Occasional
16710,2011-11-20 14:50:00,19,10,2467.99,4,4,5,13,VIP / High value,2,VIP / High value
16711,2011-12-06 16:32:00,3,5,1651.03,5,3,4,12,Loyal,0,Occasional
16712,2011-11-30 13:48:00,9,11,3611.31,5,4,5,14,VIP / High value,2,VIP / High value
16713,2011-11-21 12:36:00,19,21,6827.88,4,4,5,13,VIP / High value,2,VIP / High value
16714,2011-05-05 11:09:00,219,4,879.0600000000001,1,2,3,6,At risk / Low value,1,At risk / Low value
16715,2011-09-22 18:15:00,78,1,301.71999999999997,2,1,2,5,At risk / Low value,3,Occasional
16716,2011-03-18 10:03:00,267,3,319.8000000000001,1,2,2,5,At risk / Low value,1,At risk / Low value
16717,2011-11-30 17:42:00,9,9,3263.06,5,4,5,14,VIP / High value,2,VIP / High value
16718,2010-12-05 13:03:00,369,1,606.0500000000001,1,1,3,5,At risk / Low value,1,At risk / Low value
16719,2011-11-25 09:27:00,15,8,1753.72,4,4,4,12,Loyal,0,Occasional
16720,2011-11-13 16:22:00,26,1,152.95,4,1,1,6,At risk / Low value,3,Occasional
16721,2011-03-22 16:08:00,262,1,292.47,1,1,2,4,At risk / Low value,1,At risk / Low value
16722,2011-11-22 13:28:00,17,16,4711.21,4,4,5,13,VIP / High value,2,VIP / High value
16723,2011-09-09 13:01:00,91,2,576.4,2,1,3,6,At risk / Low value,3,Occasional
16725,2011-02-10 16:52:00,302,8,752.32,1,4,3,8,Occasional,1,At risk / Low value
16726,2011-11-13 14:53:00,26,5,1358.74,4,3,4,11,Loyal,0,Occasional
16727,2010-12-10 13:48:00,364,1,256.32,1,1,2,4,At risk / Low value,1,At risk / Low value
16728,2011-10-24 14:36:00,46,4,1048.28,3,2,4,9,Occasional,0,Occasional
16729,2011-11-03 19:11:00,36,26,7041.69,3,4,5,12,Loyal,2,VIP / High value
16730,2011-10-18 14:11:00,52,4,702.79,3,2,3,8,Occasional,0,Occasional
16732,2011-11-08 09:54:00,32,1,603.75,3,1,3,7,Occasional,3,Occasional
16734,2011-10-18 13:44:00,52,3,646.76,3,2,3,8,Occasional,0,Occasional
16735,2011-09-22 11:49:00,79,7,2216.06,2,3,5,10,Loyal,0,Occasional
16737,2011-10-17 13:03:00,53,1,417.59999999999997,3,1,2,6,At risk / Low value,3,Occasional
16738,2011-02-15 09:46:00,298,1,3.75,1,1,1,3,At risk / Low value,1,At risk / Low value
16739,2011-06-20 17:15:00,172,2,312.55,2,1,2,5,At risk / Low value,1,At risk / Low value
16743,2011-11-10 13:13:00,29,8,2166.88,4,4,5,13,VIP / High value,0,Occasional
16744,2011-11-28 13:06:00,11,7,1291.91,5,3,4,12,Loyal,0,Occasional
16745,2011-09-14 11:58:00,87,18,7157.1,2,4,5,11,Loyal,2,VIP / High value
16746,2011-12-05 12:33:00,5,19,6676.76,5,4,5,14,VIP / High value,2,VIP / High value
16747,2011-11-14 13:37:00,25,4,826.96,4,2,3,9,Occasional,0,Occasional
16748,2011-11-22 10:17:00,18,5,1515.9,4,3,4,11,Loyal,0,Occasional
16750,2011-10-26 12:48:00,45,5,623.93,3,3,3,9,Occasional,0,Occasional
16751,2011-11-09 10:48:00,31,1,1764.72,4,1,4,9,Occasional,0,Occasional
16752,2010-12-02 12:18:00,373,1,207.5,1,1,1,3,At risk / Low value,1,At risk / Low value
16753,2011-10-12 13:14:00,58,1,223.92000000000002,3,1,1,5,At risk / Low value,3,Occasional
16754,2010-12-02 17:38:00,372,1,2002.4,1,1,4,6,At risk / Low value,1,At risk / Low value
16755,2011-08-17 13:21:00,114,5,1463.23,2,3,4,9,Occasional,0,Occasional
16756,2011-05-09 09:33:00,215,1,239.4,1,1,1,3,At risk / Low value,1,At risk / Low value
16757,2011-01-25 11:59:00,319,1,106.83000000000001,1,1,1,3,At risk / Low value,1,At risk / Low value
16758,2011-10-05 14:47:00,65,1,369.34000000000003,3,1,2,6,At risk / Low value,3,Occasional
16759,2011-12-02 12:42:00,8,4,772.84,5,2,3,10,Loyal,0,Occasional
16761,2011-09-04 11:15:00,97,1,316.62,2,1,2,5,At risk / Low value,3,Occasional
16762,2011-11-20 11:43:00,20,3,1207.24,4,2,4,10,Loyal,0,Occasional
16763,2011-06-07 14:24:00,185,2,594.9,1,1,3,5,At risk / Low value,1,At risk / Low value
16764,2011-12-06 11:41:00,4,18,2749.9500000000003,5,4,5,14,VIP / High value,2,VIP / High value
16765,2011-02-18 15:41:00,294,1,34.0,1,1,1,3,At risk / Low value,1,At risk / Low value
16766,2011-03-11 15:22:00,273,2,1145.6,1,1,4,6,At risk / Low value,1,At risk / Low value
16767,2011-11-09 09:42:00,31,11,5575.56,4,4,5,13,VIP / High value,2,VIP / High value
16768,2011-10-23 10:38:00,48,5,458.04,3,3,2,8,Occasional,0,Occasional
16769,2011-03-24 13:41:00,260,1,361.54,1,1,2,4,At risk / Low value,1,At risk / Low value
16770,2011-10-13 12:21:00,58,6,731.9,3,3,3,9,Occasional,0,Occasional
16771,2011-11-06 13:28:00,33,5,2242.61,3,3,5,11,Loyal,0,Occasional
16773,2011-10-13 14:37:00,57,1,171.59,3,1,1,5,At risk / Low value,3,Occasional
16774,2011-10-03 12:41:00,68,5,654.92,3,3,3,9,Occasional,0,Occasional
16775,2011-11-29 15:22:00,10,11,1691.51,5,4,4,13,VIP / High value,2,VIP / High value
16776,2011-10-10 13:04:00,60,1,371.54,3,1,2,6,At risk / Low value,3,Occasional
16777,2011-09-20 13:41:00,80,2,222.62,2,1,1,4,At risk / Low value,3,Occasional
16778,2011-09-26 13:48:00,74,2,245.94,2,1,2,5,At risk / Low value,3,Occasional
16779,2011-12-07 14:54:00,2,28,10436.05,5,4,5,14,VIP / High value,2,VIP / High value
16780,2011-08-31 16:09:00,100,2,422.24,2,1,2,5,At risk / Low value,3,Occasional
16781,2010-12-09 15:18:00,365,2,294.65,1,1,2,4,At risk / Low value,1,At risk / Low value
16782,2011-11-29 13:20:00,10,19,2230.3,5,4,5,14,VIP / High value,2,VIP / High value
16784,2011-11-20 12:20:00,20,1,107.6,4,1,1,6,At risk / Low value,3,Occasional
16788,2011-08-08 14:53:00,123,2,594.39,2,1,3,6,At risk / Low value,3,Occasional
16789,2011-12-01 15:12:00,8,1,80.8,5,1,1,7,Occasional,3,Occasional
16790,2011-12-06 11:53:00,4,8,1520.1200000000001,5,4,4,13,VIP / High value,0,Occasional
16791,2011-11-10 19:12:00,29,8,1690.28,4,4,4,12,Loyal,0,Occasional
16792,2011-03-02 14:41:00,282,2,110.38000000000001,1,1,1,3,At risk / Low value,1,At risk / Low value
16793,2011-10-13 15:08:00,57,1,243.84,3,1,2,6,At risk / Low value,3,Occasional
16794,2011-12-08 17:54:00,1,12,1175.3,5,4,4,13,VIP / High value,2,VIP / High value
16795,2010-12-09 14:08:00,365,1,414.88,1,1,2,4,At risk / Low value,1,At risk / Low value
16796,2011-09-11 14:01:00,89,1,305.62,2,1,2,5,At risk / Low value,3,Occasional
16800,2011-11-28 14:06:00,11,1,1162.65,5,1,4,10,Loyal,3,Occasional
16801,2011-06-29 15:33:00,163,5,842.33,2,3,3,8,Occasional,0,Occasional
16803,2011-10-05 14:28:00,65,1,332.3,3,1,2,6,At risk / Low value,3,Occasional
16804,2011-11-16 16:43:00,23,3,536.99,4,2,3,9,Occasional,0,Occasional
16805,2011-06-19 11:23:00,174,2,460.59,2,1,2,5,At risk / Low value,1,At risk / Low value
16806,2011-08-28 15:27:00,103,4,762.16,2,2,3,7,Occasional,0,Occasional
16807,2011-07-20 12:00:00,143,3,1121.59,2,2,4,8,Occasional,0,Occasional
16808,2011-09-01 19:34:00,99,2,288.42,2,1,2,5,At risk / Low value,3,Occasional
16809,2011-11-16 15:45:00,23,6,912.74,4,3,3,10,Loyal,0,Occasional
16810,2011-05-31 15:32:00,192,2,275.64,1,1,2,4,At risk / Low value,1,At risk / Low value
16811,2011-12-05 11:39:00,5,2,547.07,5,1,3,9,Occasional,3,Occasional
16812,2010-12-14 12:35:00,361,1,479.35,1,1,3,5,At risk / Low value,1,At risk / Low value
16813,2011-12-01 14:03:00,8,10,1652.18,5,4,4,13,VIP / High value,2,VIP / High value
16814,2011-11-25 13:27:00,14,22,6408.2,4,4,5,13,VIP / High value,2,VIP / High value
16816,2011-08-28 14:16:00,103,4,417.06,2,2,2,6,At risk / Low value,0,Occasional
16817,2011-12-07 11:03:00,3,13,1446.95,5,4,4,13,VIP / High value,2,VIP / High value
16818,2011-11-29 10:41:00,11,13,3317.97,5,4,5,14,VIP / High value,2,VIP / High value
16820,2011-09-05 12:06:00,96,1,497.61,2,1,3,6,At risk / Low value,3,Occasional
16823,2011-04-26 15:00:00,227,1,358.38,1,1,2,4,At risk / Low value,1,At risk / Low value
16824,2011-11-24 12:38:00,16,2,460.64,4,1,2,7,Occasional,3,Occasional
16825,2011-11-01 11:51:00,39,2,775.1800000000001,3,1,3,7,Occasional,3,Occasional
16826,2011-10-19 14:05:00,51,1,341.7,3,1,2,6,At risk / Low value,3,Occasional
16828,2011-09-07 15:10:00,93,2,128.5,2,1,1,4,At risk / Low value,3,Occasional
16829,2011-07-06 10:48:00,157,1,197.22,2,1,1,4,At risk / Low value,1,At risk / Low value
16830,2011-11-01 11:35:00,39,1,325.91,3,1,2,6,At risk / Low value,3,Occasional
16832,2011-06-08 15:36:00,184,3,199.15,1,2,1,4,At risk / Low value,1,At risk / Low value
16833,2011-12-08 14:39:00,1,4,1106.53,5,2,4,11,Loyal,0,Occasional
16834,2011-04-26 09:37:00,228,1,413.46,1,1,2,4,At risk / Low value,1,At risk / Low value
16835,2011-08-03 13:50:00,128,2,180.85,2,1,1,4,At risk / Low value,3,Occasional
16836,2011-10-31 10:05:00,40,2,251.87,3,1,2,6,At risk / Low value,3,Occasional
16837,2011-11-08 14:27:00,31,12,3167.73,4,4,5,13,VIP / High value,2,VIP / High value
16838,2011-05-26 13:13:00,197,3,582.9,1,2,3,6,At risk / Low value,1,At risk / Low value
16839,2011-12-01 09:03:00,9,39,15357.78,5,4,5,14,VIP / High value,2,VIP / High value
16841,2011-11-03 11:51:00,37,7,1774.62,3,3,4,10,Loyal,0,Occasional
16842,2011-10-06 17:38:00,64,4,1260.44,3,2,4,9,Occasional,0,Occasional
16843,2011-10-28 09:06:00,43,17,10183.82,3,4,5,12,Loyal,2,VIP / High value
16846,2011-10-20 13:55:00,50,1,214.32,3,1,1,5,At risk / Low value,3,Occasional
16847,2011-10-27 13:29:00,43,1,193.44,3,1,1,5,At risk / Low value,3,Occasional
16848,2011-10-18 08:42:00,53,1,281.42,3,1,2,6,At risk / Low value,3,Occasional
16849,2011-06-06 09:16:00,187,1,124.57,1,1,1,3,At risk / Low value,1,At risk / Low value
16850,2011-01-10 11:09:00,334,1,332.41,1,1,2,4,At risk / Low value,1,At risk / Low value
16851,2011-12-05 13:32:00,4,3,342.45,5,2,2,9,Occasional,3,Occasional
16852,2011-11-29 13:22:00,10,2,144.91000000000003,5,1,1,7,Occasional,3,Occasional
16855,2011-11-16 12:03:00,24,2,328.4,4,1,2,7,Occasional,3,Occasional
16856,2011-11-25 08:59:00,15,1,35.400000000000006,4,1,1,6,At risk / Low value,3,Occasional
16858,2010-12-08 14:52:00,366,2,345.89000000000004,1,1,2,4,At risk / Low value,1,At risk / Low value
16859,2011-08-25 14:12:00,106,5,473.14,2,3,2,7,Occasional,0,Occasional
16861,2011-10-11 09:05:00,60,3,151.65,3,2,1,6,At risk / Low value,3,Occasional
16863,2011-11-10 15:23:00,29,4,481.35,4,2,3,9,Occasional,0,Occasional
16866,2011-07-22 10:06:00,141,3,207.73999999999998,2,2,1,5,At risk / Low value,3,Occasional
16869,2011-11-17 12:02:00,23,5,797.3199999999999,4,3,3,10,Loyal,0,Occasional
16871,2011-11-17 19:27:00,22,7,2761.4900000000002,4,3,5,12,Loyal,0,Occasional
16872,2011-09-23 16:05:00,77,3,680.02,2,2,3,7,Occasional,0,Occasional
16873,2011-12-05 12:05:00,5,10,7066.31,5,4,5,14,VIP / High value,2,VIP / High value
16875,2011-10-06 19:20:00,64,9,2023.47,3,4,5,12,Loyal,0,Occasional
16877,2011-11-27 13:47:00,12,6,846.62,4,3,3,10,Loyal,0,Occasional
16880,2011-11-09 11:33:00,31,7,1491.43,4,3,4,11,Loyal,0,Occasional
16881,2011-10-04 10:33:00,67,1,432.0,3,1,2,6,At risk / Low value,3,Occasional
16882,2011-10-04 10:42:00,67,3,705.12,3,2,3,8,Occasional,0,Occasional
16883,2011-06-05 12:51:00,187,2,272.48,1,1,2,4,At risk / Low value,1,At risk / Low value
16884,2011-11-02 11:52:00,38,2,429.84000000000003,3,1,2,6,At risk / Low value,3,Occasional
16885,2011-11-24 13:40:00,15,3,450.41,4,2,2,8,Occasional,3,Occasional
16887,2011-11-04 14:07:00,35,1,192.32999999999998,3,1,1,5,At risk / Low value,3,Occasional
16889,2011-05-29 11:05:00,195,3,1578.67,1,2,4,7,Occasional,0,Occasional
16891,2011-12-08 11:15:00,2,5,742.43,5,3,3,11,Loyal,0,Occasional
16892,2011-12-08 13:18:00,1,7,489.49,5,3,3,11,Loyal,0,Occasional
16893,2010-12-08 12:06:00,367,1,145.93,1,1,1,3,At risk / Low value,1,At risk / Low value
16895,2011-10-06 12:15:00,65,1,202.27,3,1,1,5,At risk / Low value,3,Occasional
16897,2011-02-13 15:45:00,299,3,213.03,1,2,1,4,At risk / Low value,1,At risk / Low value
16898,2011-11-13 15:44:00,26,4,436.68,4,2,2,8,Occasional,0,Occasional
16899,2011-12-02 12:03:00,8,6,1271.06,5,3,4,12,Loyal,0,Occasional
16900,2011-11-28 10:50:00,12,5,187.6900000000001,4,3,1,8,Occasional,3,Occasional
16902,2011-08-15 14:17:00,116,1,1706.88,2,1,4,7,Occasional,0,Occasional
16903,2011-11-10 15:32:00,29,1,363.2,4,1,2,7,Occasional,3,Occasional
16904,2011-12-05 13:10:00,4,16,3653.75,5,4,5,14,VIP / High value,2,VIP / High value
16905,2011-12-04 14:01:00,5,8,3020.65,5,4,5,14,VIP / High value,2,VIP / High value
16906,2011-09-19 11:49:00,82,4,559.59,2,2,3,7,Occasional,0,Occasional
16907,2011-11-10 18:04:00,29,5,928.76,4,3,4,11,Loyal,0,Occasional
16909,2011-10-06 18:06:00,64,2,364.14,3,1,2,6,At risk / Low value,3,Occasional
16910,2011-12-05 12:51:00,4,8,1508.96,5,4,4,13,VIP / High value,0,Occasional
16912,2011-11-16 15:51:00,23,14,2508.87,4,4,5,13,VIP / High value,2,VIP / High value
16913,2011-02-22 12:56:00,290,1,113.44,1,1,1,3,At risk / Low value,1,At risk / Low value
16914,2011-11-03 15:27:00,36,1,183.76,3,1,1,5,At risk / Low value,3,Occasional
16915,2011-11-30 16:39:00,9,6,621.6800000000001,5,3,3,11,Loyal,0,Occasional
16916,2011-11-16 12:08:00,24,2,562.41,4,1,3,8,Occasional,3,Occasional
16917,2011-03-08 11:55:00,277,1,391.52,1,1,2,4,At risk / Low value,1,At risk / Low value
16918,2011-10-21 12:50:00,50,7,1043.34,3,3,4,10,Loyal,0,Occasional
16919,2011-07-06 13:35:00,156,11,2592.25,2,4,5,11,Loyal,2,VIP / High value
16921,2011-10-09 16:22:00,61,1,154.18,3,1,1,5,At risk / Low value,3,Occasional
16923,2011-11-27 13:00:00,12,26,6488.3,4,4,5,13,VIP / High value,2,VIP / High value
16924,2011-11-18 12:53:00,21,4,722.64,4,2,3,9,Occasional,0,Occasional
16926,2010-12-03 13:42:00,371,1,230.25,1,1,1,3,At risk / Low value,1,At risk / Low value
16927,2011-08-16 11:10:00,116,3,543.05,2,2,3,7,Occasional,3,Occasional
16928,2011-09-20 15:10:00,80,19,2748.6,2,4,5,11,Loyal,2,VIP / High value
16929,2011-12-06 08:37:00,4,7,1295.39,5,3,4,12,Loyal,0,Occasional
16930,2011-11-13 16:13:00,26,3,378.89,4,2,2,8,Occasional,3,Occasional
16931,2011-12-04 13:15:00,5,21,4554.87,5,4,5,14,VIP / High value,2,VIP / High value
16932,2011-10-17 14:12:00,53,1,150.23000000000002,3,1,1,5,At risk / Low value,3,Occasional
16933,2011-12-08 12:54:00,1,5,530.08,5,3,3,11,Loyal,0,Occasional
16934,2011-10-16 12:40:00,55,2,931.03,3,1,4,8,Occasional,0,Occasional
16936,2011-11-14 11:04:00,26,1,261.9,4,1,2,7,Occasional,3,Occasional
16938,2011-12-01 10:20:00,9,5,1878.43,5,3,4,12,Loyal,0,Occasional
16940,2011-10-18 13:15:00,52,3,3049.88,3,2,5,10,Loyal,0,Occasional
16942,2011-11-27 12:40:00,13,10,1878.51,4,4,4,12,Loyal,2,VIP / High value
16943,2011-05-12 11:57:00,212,3,816.73,1,2,3,6,At risk / Low value,1,At risk / Low value
16945,2011-11-18 11:39:00,22,19,4345.5,4,4,5,13,VIP / High value,2,VIP / High value
16947,2011-04-18 09:38:00,236,1,406.48,1,1,2,4,At risk / Low value,1,At risk / Low value
16948,2011-07-24 12:46:00,139,3,435.02,2,2,2,6,At risk / Low value,3,Occasional
16949,2011-12-06 11:07:00,4,7,1161.27,5,3,4,12,Loyal,0,Occasional
16950,2011-10-14 09:06:00,57,3,1178.56,3,2,4,9,Occasional,0,Occasional
16951,2011-08-08 13:25:00,123,4,1262.75,2,2,4,8,Occasional,0,Occasional
16952,2011-08-22 13:03:00,109,2,167.61,2,1,1,4,At risk / Low value,3,Occasional
16953,2011-11-09 15:54:00,30,1,20.8,4,1,1,6,At risk / Low value,3,Occasional
16954,2011-12-09 09:46:00,1,9,2085.08,5,4,5,14,VIP / High value,2,VIP / High value
16955,2011-06-08 10:36:00,185,5,493.67,1,3,3,7,Occasional,1,At risk / Low value
16956,2011-11-30 14:28:00,9,2,292.34,5,1,2,8,Occasional,3,Occasional
16957,2011-04-14 13:56:00,239,2,416.64,1,1,2,4,At risk / Low value,1,At risk / Low value
16959,2011-09-13 15:03:00,87,1,117.35000000000001,2,1,1,4,At risk / Low value,3,Occasional
16960,2011-11-01 11:35:00,39,3,507.05,3,2,3,8,Occasional,3,Occasional
16961,2011-08-15 13:46:00,116,1,234.17,2,1,1,4,At risk / Low value,3,Occasional
16963,2011-06-05 13:48:00,187,1,110.55000000000001,1,1,1,3,At risk / Low value,1,At risk / Low value
16965,2011-04-27 12:08:00,227,1,201.19,1,1,1,3,At risk / Low value,1,At risk / Low value
16966,2011-12-01 13:40:00,8,10,2148.47,5,4,5,14,VIP / High value,2,VIP / High value
16967,2011-06-03 14:24:00,189,1,319.02,1,1,2,4,At risk / Low value,1,At risk / Low value
16968,2011-12-05 15:02:00,4,2,439.43,5,1,2,8,Occasional,3,Occasional
16969,2011-10-31 13:12:00,39,3,650.41,3,2,3,8,Occasional,0,Occasional
16971,2011-12-07 09:15:00,3,2,232.20999999999998,5,1,1,7,Occasional,3,Occasional
16976,2011-03-17 16:33:00,267,1,251.51999999999998,1,1,2,4,At risk / Low value,1,At risk / Low value
16978,2011-09-23 12:50:00,78,1,344.33,2,1,2,5,At risk / Low value,3,Occasional
16979,2011-12-06 12:21:00,4,8,1809.05,5,4,4,13,VIP / High value,0,Occasional
16980,2011-03-29 16:36:00,255,2,1028.46,1,1,4,6,At risk / Low value,1,At risk / Low value
16982,2011-10-10 12:28:00,61,1,384.06,3,1,2,6,At risk / Low value,3,Occasional
16983,2011-11-27 12:10:00,13,8,1894.82,4,4,4,12,Loyal,0,Occasional
16984,2011-09-22 18:21:00,78,5,4370.59,2,3,5,10,Loyal,0,Occasional
16985,2011-11-22 13:33:00,17,11,5461.62,4,4,5,13,VIP / High value,2,VIP / High value
16986,2011-11-10 11:55:00,30,2,1873.2,4,1,4,9,Occasional,0,Occasional
16987,2011-12-06 17:26:00,3,7,1616.8,5,3,4,12,Loyal,0,Occasional
16988,2011-12-04 16:02:00,5,1,126.12,5,1,1,7,Occasional,3,Occasional
16989,2011-12-02 16:39:00,7,6,1133.25,5,3,4,12,Loyal,0,Occasional
16990,2011-05-05 08:30:00,219,1,179.0,1,1,1,3,At risk / Low value,1,At risk / Low value
16992,2011-11-29 11:50:00,11,6,1601.8600000000001,5,3,4,12,Loyal,0,Occasional
16996,2011-11-09 16:43:00,30,9,1427.46,4,4,4,12,Loyal,0,Occasional
16997,2011-02-24 17:28:00,288,3,702.0,1,2,3,6,At risk / Low value,1,At risk / Low value
16998,2011-07-13 09:49:00,150,6,287.02000000000004,2,3,2,7,Occasional,0,Occasional
16999,2011-11-16 13:53:00,23,2,484.82,4,1,3,8,Occasional,3,Occasional
17001,2011-12-09 09:38:00,1,11,3989.57,5,4,5,14,VIP / High value,2,VIP / High value
17002,2011-09-27 16:48:00,73,4,1487.78,2,2,4,8,Occasional,0,Occasional
17004,2011-10-24 14:25:00,46,2,1312.1399999999999,3,1,4,8,Occasional,0,Occasional
17006,2011-12-05 12:09:00,5,4,781.78,5,2,3,10,Loyal,0,Occasional
17007,2011-10-20 10:47:00,51,7,877.4300000000001,3,3,3,9,Occasional,0,Occasional
17010,2011-11-23 11:04:00,17,2,185.46,4,1,1,6,At risk / Low value,3,Occasional
17011,2011-11-09 13:30:00,30,1,270.9,4,1,2,7,Occasional,3,Occasional
17014,2011-12-01 14:09:00,8,4,562.6800000000001,5,2,3,10,Loyal,0,Occasional
17015,2011-11-11 10:45:00,29,3,1838.6100000000001,4,2,4,10,Loyal,0,Occasional
17017,2011-12-07 09:32:00,3,27,8574.11,5,4,5,14,VIP / High value,2,VIP / High value
17018,2011-10-30 11:42:00,41,2,920.1,3,1,4,8,Occasional,0,Occasional
17019,2011-11-28 13:06:00,11,4,1258.08,5,2,4,11,Loyal,0,Occasional
17022,2011-11-08 17:09:00,31,1,71.0,4,1,1,6,At risk / Low value,3,Occasional
17024,2011-10-25 13:47:00,45,3,95.85,3,2,1,6,At risk / Low value,3,Occasional
17025,2011-10-10 09:06:00,61,3,357.77,3,2,2,7,Occasional,3,Occasional
17026,2011-06-07 14:28:00,185,2,154.82999999999998,1,1,1,3,At risk / Low value,1,At risk / Low value
17027,2011-09-22 12:24:00,79,7,835.86,2,3,3,8,Occasional,0,Occasional
17029,2011-08-21 11:06:00,111,2,716.0,2,1,3,6,At risk / Low value,3,Occasional
17030,2011-10-07 08:49:00,64,1,146.87,3,1,1,5,At risk / Low value,3,Occasional
17031,2011-11-28 10:23:00,12,2,380.35,4,1,2,7,Occasional,3,Occasional
17033,2011-09-14 14:34:00,86,3,1030.14,2,2,4,8,Occasional,0,Occasional
17034,2011-11-23 15:14:00,16,4,734.5699999999999,4,2,3,9,Occasional,0,Occasional
17035,2011-04-08 11:23:00,246,3,388.33,1,2,2,5,At risk / Low value,1,At risk / Low value
17037,2011-09-22 17:20:00,78,2,1253.22,2,1,4,7,Occasional,0,Occasional
17038,2011-11-09 13:50:00,30,1,112.4,4,1,1,6,At risk / Low value,3,Occasional
17040,2011-07-25 10:19:00,138,1,449.73,2,1,2,5,At risk / Low value,3,Occasional
17041,2011-11-13 11:21:00,27,4,1055.69,4,2,4,10,Loyal,0,Occasional
17042,2011-12-07 12:26:00,3,5,1036.58,5,3,4,12,Loyal,0,Occasional
17043,2011-11-07 15:33:00,32,4,1735.18,3,2,4,9,Occasional,0,Occasional
17044,2011-12-01 08:54:00,9,3,897.4300000000001,5,2,3,10,Loyal,0,Occasional
17045,2011-08-18 17:09:00,113,3,339.44,2,2,2,6,At risk / Low value,3,Occasional
17046,2011-07-05 14:24:00,157,1,642.02,2,1,3,6,At risk / Low value,3,Occasional
17047,2011-09-15 13:27:00,85,3,1100.9,2,2,4,8,Occasional,0,Occasional
17048,2011-08-16 14:51:00,115,6,864.32,2,3,3,8,Occasional,0,Occasional
17049,2011-12-07 10:48:00,3,11,5589.83,5,4,5,14,VIP / High value,2,VIP / High value
17050,2011-09-04 13:48:00,96,6,3185.64,2,3,5,10,Loyal,0,Occasional
17051,2011-05-29 14:13:00,194,1,240.89000000000001,1,1,1,3,At risk / Low value,1,At risk / Low value
17052,2011-11-11 14:50:00,28,1,399.09,4,1,2,7,Occasional,3,Occasional
17053,2011-08-03 10:55:00,129,2,496.38,2,1,3,6,At risk / Low value,3,Occasional
17054,2011-11-11 12:56:00,28,6,1353.83,4,3,4,11,Loyal,0,Occasional
17058,2011-09-19 10:13:00,82,3,1179.89,2,2,4,8,Occasional,0,Occasional
17059,2011-11-10 12:27:00,30,5,3080.39,4,3,5,12,Loyal,0,Occasional
17060,2011-03-18 13:27:00,266,1,234.24,1,1,1,3,At risk / Low value,1,At risk / Low value
17061,2011-09-27 11:24:00,74,12,5116.13,2,4,5,11,Loyal,2,VIP / High value
17062,2011-01-30 11:01:00,314,5,529.4300000000001,1,3,3,7,Occasional,1,At risk / Low value
17063,2011-12-01 08:46:00,9,11,1421.59,5,4,4,13,VIP / High value,2,VIP / High value
17064,2011-10-12 10:18:00,59,3,855.45,3,2,3,8,Occasional,0,Occasional
17068,2011-11-27 13:14:00,12,22,4531.34,4,4,5,13,VIP / High value,2,VIP / High value
17069,2011-11-11 17:13:00,28,13,2655.2200000000003,4,4,5,13,VIP / High value,2,VIP / High value
17070,2011-08-17 17:01:00,114,1,304.24,2,1,2,5,At risk / Low value,3,Occasional
17071,2011-12-01 09:06:00,9,14,2385.48,5,4,5,14,VIP / High value,2,VIP / High value
17073,2011-11-22 11:47:00,18,4,1446.09,4,2,4,10,Loyal,0,Occasional
17075,2011-11-22 11:58:00,18,5,813.77,4,3,3,10,Loyal,0,Occasional
17076,2011-11-03 17:53:00,36,3,841.0799999999999,3,2,3,8,Occasional,0,Occasional
17078,2011-11-03 19:17:00,36,2,378.2,3,1,2,6,At risk / Low value,3,Occasional
17079,2011-09-22 15:34:00,78,1,118.80000000000001,2,1,1,4,At risk / Low value,3,Occasional
17080,2011-11-17 12:59:00,22,3,285.5,4,2,2,8,Occasional,3,Occasional
17081,2011-11-14 12:56:00,25,2,288.91,4,1,2,7,Occasional,3,Occasional
17082,2011-11-06 15:17:00,33,2,2003.85,3,1,4,8,Occasional,0,Occasional
17083,2011-08-22 15:43:00,109,3,1405.78,2,2,4,8,Occasional,0,Occasional
17084,2011-11-04 14:54:00,35,2,2747.9900000000002,3,1,5,9,Occasional,0,Occasional
17085,2011-08-08 14:15:00,123,6,1550.8,2,3,4,9,Occasional,0,Occasional
17086,2011-12-02 13:54:00,7,6,2050.08,5,3,5,13,VIP / High value,0,Occasional
17088,2011-11-11 14:23:00,28,4,1991.01,4,2,4,10,Loyal,0,Occasional
17090,2011-12-05 13:44:00,4,8,1972.55,5,4,4,13,VIP / High value,0,Occasional
17091,2011-12-07 10:43:00,3,10,3802.81,5,4,5,14,VIP / High value,2,VIP / High value
17092,2011-10-20 19:51:00,50,4,1774.03,3,2,4,9,Occasional,0,Occasional
17094,2011-01-25 17:24:00,318,2,270.20000000000005,1,1,2,4,At risk / Low value,1,At risk / Low value
17095,2011-11-17 16:40:00,22,6,1088.2,4,3,4,11,Loyal,0,Occasional
17096,2011-11-30 15:05:00,9,7,992.6800000000001,5,3,4,12,Loyal,0,Occasional
17097,2011-12-07 17:05:00,2,9,937.92,5,4,4,13,VIP / High value,0,Occasional
17100,2011-11-21 16:36:00,18,2,971.74,4,1,4,9,Occasional,0,Occasional
17101,2011-11-29 13:57:00,10,4,1621.73,5,2,4,11,Loyal,0,Occasional
17102,2011-03-23 10:08:00,262,1,25.5,1,1,1,3,At risk / Low value,1,At risk / Low value
17105,2011-07-03 15:53:00,159,2,665.78,2,1,3,6,At risk / Low value,3,Occasional
17107,2011-11-07 08:41:00,33,7,10362.48,3,3,5,11,Loyal,2,VIP / High value
17109,2011-11-10 16:59:00,29,8,865.9300000000001,4,4,3,11,Loyal,0,Occasional
17110,2011-06-27 12:58:00,165,1,163.29999999999998,2,1,1,4,At risk / Low value,1,At risk / Low value
17111,2011-10-23 15:59:00,47,1,231.61,3,1,1,5,At risk / Low value,3,Occasional
17114,2011-12-04 12:17:00,6,10,739.72,5,4,3,12,Loyal,0,Occasional
17115,2011-12-01 14:30:00,8,5,806.9000000000001,5,3,3,11,Loyal,0,Occasional
17117,2011-02-24 13:54:00,288,1,116.19999999999999,1,1,1,3,At risk / Low value,1,At risk / Low value
17118,2011-01-26 12:19:00,318,1,157.02,1,1,1,3,At risk / Low value,1,At risk / Low value
17119,2011-12-06 14:40:00,3,3,593.61,5,2,3,10,Loyal,0,Occasional
17120,2011-04-20 15:21:00,233,1,307.46,1,1,2,4,At risk / Low value,1,At risk / Low value
17122,2011-08-12 14:33:00,119,1,138.32,2,1,1,4,At risk / Low value,3,Occasional
17123,2011-07-01 10:47:00,162,1,345.29999999999995,2,1,2,5,At risk / Low value,1,At risk / Low value
17124,2011-06-07 14:02:00,185,1,294.24,1,1,2,4,At risk / Low value,1,At risk / Low value
17125,2011-10-20 14:41:00,50,1,230.5,3,1,1,5,At risk / Low value,3,Occasional
17126,2011-07-10 13:52:00,152,7,976.55,2,3,4,9,Occasional,0,Occasional
17128,2011-01-09 12:02:00,335,1,157.09,1,1,1,3,At risk / Low value,1,At risk / Low value
17131,2011-12-04 12:52:00,5,5,2463.17,5,3,5,13,VIP / High value,0,Occasional
17133,2011-11-24 12:27:00,16,7,4892.240000000001,4,3,5,12,Loyal,2,VIP / High value
17134,2011-08-25 09:53:00,107,2,413.2,2,1,2,5,At risk / Low value,3,Occasional
17135,2011-11-23 16:48:00,16,7,1139.73,4,3,4,11,Loyal,0,Occasional
17138,2011-03-09 11:54:00,276,1,380.5,1,1,2,4,At risk / Low value,1,At risk / Low value
17139,2011-11-24 10:12:00,16,15,10567.87,4,4,5,13,VIP / High value,2,VIP / High value
17140,2011-04-06 13:33:00,247,1,454.12,1,1,2,4,At risk / Low value,1,At risk / Low value
17142,2011-04-14 18:22:00,239,1,579.0,1,1,3,5,At risk / Low value,1,At risk / Low value
17144,2011-12-08 17:57:00,1,2,984.57,5,1,4,10,Loyal,0,Occasional
17146,2011-08-26 12:44:00,106,3,749.78,2,2,3,7,Occasional,0,Occasional
17147,2011-11-17 12:32:00,23,6,1679.64,4,3,4,11,Loyal,0,Occasional
17148,2011-10-19 09:59:00,52,1,124.88,3,1,1,5,At risk / Low value,3,Occasional
17152,2011-05-29 12:19:00,195,4,1503.5,1,2,4,7,Occasional,0,Occasional
17153,2011-11-15 13:42:00,24,1,213.78,4,1,1,6,At risk / Low value,3,Occasional
17154,2011-09-25 13:42:00,75,1,329.34,2,1,2,5,At risk / Low value,3,Occasional
17155,2011-11-22 12:38:00,18,2,251.70000000000002,4,1,2,7,Occasional,3,Occasional
17157,2011-12-02 09:10:00,8,3,306.55,5,2,2,9,Occasional,3,Occasional
17158,2011-11-07 15:15:00,32,3,1266.97,3,2,4,9,Occasional,0,Occasional
17159,2011-11-18 10:52:00,22,4,1534.73,4,2,4,10,Loyal,0,Occasional
17160,2011-11-08 14:05:00,31,6,3518.03,4,3,5,12,Loyal,0,Occasional
17162,2011-11-11 11:34:00,29,11,1707.21,4,4,4,12,Loyal,2,VIP / High value
17163,2011-11-18 08:57:00,22,2,293.1,4,1,2,7,Occasional,3,Occasional
17164,2011-11-07 09:14:00,33,8,2466.4,3,4,5,12,Loyal,0,Occasional
17165,2011-02-28 16:39:00,284,1,158.68,1,1,1,3,At risk / Low value,1,At risk / Low value
17166,2011-11-01 09:46:00,39,3,189.49,3,2,1,6,At risk / Low value,3,Occasional
17169,2011-10-20 19:15:00,50,4,816.88,3,2,3,8,Occasional,0,Occasional
17171,2011-02-23 16:37:00,289,1,224.91,1,1,1,3,At risk / Low value,1,At risk / Low value
17172,2011-09-26 12:04:00,75,2,313.26,2,1,2,5,At risk / Low value,3,Occasional
17173,2011-12-04 14:40:00,5,9,3755.65,5,4,5,14,VIP / High value,2,VIP / High value
17174,2011-05-06 11:47:00,218,1,59.9,1,1,1,3,At risk / Low value,1,At risk / Low value
17175,2011-10-26 15:31:00,44,5,1430.94,3,3,4,10,Loyal,0,Occasional
17176,2011-05-22 12:41:00,202,1,306.13,1,1,2,4,At risk / Low value,1,At risk / Low value
17179,2011-06-14 16:48:00,178,3,711.79,1,2,3,6,At risk / Low value,1,At risk / Low value
17180,2011-10-14 15:46:00,56,6,768.32,3,3,3,9,Occasional,0,Occasional
17181,2011-10-13 14:48:00,57,2,239.92000000000002,3,1,1,5,At risk / Low value,3,Occasional
17183,2011-12-02 10:07:00,8,8,3286.9100000000003,5,4,5,14,VIP / High value,2,VIP / High value
17186,2011-10-24 10:20:00,47,2,144.0,3,1,1,5,At risk / Low value,3,Occasional
17187,2011-04-27 12:39:00,227,1,203.95,1,1,1,3,At risk / Low value,1,At risk / Low value
17188,2011-11-28 13:53:00,11,9,2275.58,5,4,5,14,VIP / High value,2,VIP / High value
17189,2011-08-25 19:39:00,106,2,383.75,2,1,2,5,At risk / Low value,3,Occasional
17190,2011-10-12 11:33:00,59,3,249.74,3,2,2,7,Occasional,3,Occasional
17191,2011-11-11 16:58:00,28,7,2093.68,4,3,5,12,Loyal,0,Occasional
17193,2011-11-04 12:47:00,36,9,1674.46,3,4,4,11,Loyal,0,Occasional
17194,2011-03-11 12:05:00,274,2,262.62,1,1,2,4,At risk / Low value,1,At risk / Low value
17197,2011-11-10 10:32:00,30,1,1013.01,4,1,4,9,Occasional,3,Occasional
17198,2011-11-16 10:39:00,24,3,692.22,4,2,3,9,Occasional,0,Occasional
17201,2011-10-17 11:55:00,54,1,289.78,3,1,2,6,At risk / Low value,3,Occasional
17203,2011-11-04 12:27:00,36,6,3560.08,3,3,5,11,Loyal,0,Occasional
17204,2011-06-23 13:54:00,169,9,1352.91,2,4,4,10,Loyal,0,Occasional
17205,2011-10-17 12:46:00,54,1,384.08,3,1,2,6,At risk / Low value,3,Occasional
17206,2011-10-17 13:25:00,53,1,204.24,3,1,1,5,At risk / Low value,3,Occasional
17211,2011-11-13 12:03:00,27,9,2299.67,4,4,5,13,VIP / High value,2,VIP / High value
17212,2011-03-31 19:42:00,253,1,226.85,1,1,1,3,At risk / Low value,1,At risk / Low value
17213,2011-10-30 14:53:00,40,11,2741.08,3,4,5,12,Loyal,2,VIP / High value
17214,2011-10-10 13:17:00,60,7,974.12,3,3,4,10,Loyal,0,Occasional
17217,2011-04-19 17:19:00,234,1,113.5,1,1,1,3,At risk / Low value,1,At risk / Low value
17218,2011-12-05 13:52:00,4,10,1951.97,5,4,4,13,VIP / High value,2,VIP / High value
17219,2011-11-08 11:25:00,32,1,114.23,3,1,1,5,At risk / Low value,3,Occasional
17220,2011-11-15 13:47:00,24,14,3187.55,4,4,5,13,VIP / High value,2,VIP / High value
17221,2011-12-02 13:35:00,7,2,334.48,5,1,2,8,Occasional,3,Occasional
17222,2011-10-05 13:58:00,65,1,328.65,3,1,2,6,At risk / Low value,3,Occasional
17223,2011-02-02 15:57:00,310,2,416.89,1,1,2,4,At risk / Low value,1,At risk / Low value
17226,2011-02-04 11:52:00,309,1,393.49,1,1,2,4,At risk / Low value,1,At risk / Low value
17227,2011-11-21 10:51:00,19,6,939.32,4,3,4,11,Loyal,0,Occasional
17228,2011-11-24 10:24:00,16,8,1906.09,4,4,4,12,Loyal,0,Occasional
17229,2011-09-04 13:56:00,96,2,318.76,2,1,2,5,At risk / Low value,3,Occasional
17230,2011-03-20 16:12:00,264,11,3466.67,1,4,5,10,Loyal,2,VIP / High value
17231,2011-11-27 15:18:00,12,14,3078.22,4,4,5,13,VIP / High value,2,VIP / High value
17232,2011-12-07 12:21:00,3,2,417.77,5,1,2,8,Occasional,3,Occasional
17233,2011-11-04 14:06:00,35,1,190.88,3,1,1,5,At risk / Low value,3,Occasional
17234,2011-06-10 11:20:00,183,1,149.89000000000001,1,1,1,3,At risk / Low value,1,At risk / Low value
17235,2011-11-14 15:51:00,25,2,550.06,4,1,3,8,Occasional,3,Occasional
17236,2011-11-27 12:00:00,13,6,916.13,4,3,3,10,Loyal,0,Occasional
17237,2011-11-28 15:02:00,11,2,314.69,5,1,2,8,Occasional,3,Occasional
17238,2011-12-07 11:35:00,3,17,3719.1,5,4,5,14,VIP / High value,2,VIP / High value
17239,2011-01-31 09:41:00,313,2,379.95,1,1,2,4,At risk / Low value,1,At risk / Low value
17242,2011-08-23 14:55:00,108,2,1135.04,2,1,4,7,Occasional,0,Occasional
17243,2011-12-08 13:26:00,1,30,8491.75,5,4,5,14,VIP / High value,2,VIP / High value
17244,2011-10-17 15:19:00,53,1,954.9,3,1,4,8,Occasional,3,Occasional
17245,2011-05-19 10:43:00,205,1,171.45,1,1,1,3,At risk / Low value,1,At risk / Low value
17247,2011-11-24 15:21:00,15,1,280.09000000000003,4,1,2,7,Occasional,3,Occasional
17248,2011-08-11 13:34:00,120,1,318.65,2,1,2,5,At risk / Low value,3,Occasional
17250,2011-12-06 12:15:00,4,2,381.97,5,1,2,8,Occasional,3,Occasional
17251,2010-12-12 11:06:00,363,1,269.83,1,1,2,4,At risk / Low value,1,At risk / Low value
17252,2011-08-15 09:45:00,117,2,348.91,2,1,2,5,At risk / Low value,3,Occasional
17253,2011-11-21 12:59:00,18,1,178.26,4,1,1,6,At risk / Low value,3,Occasional
17254,2011-12-05 12:46:00,5,2,271.19,5,1,2,8,Occasional,3,Occasional
17255,2011-10-30 12:18:00,41,2,291.48,3,1,2,6,At risk / Low value,3,Occasional
17256,2011-08-24 13:30:00,107,2,240.0,2,1,1,4,At risk / Low value,3,Occasional
17259,2011-07-14 15:01:00,148,2,581.23,2,1,3,6,At risk / Low value,3,Occasional
17262,2011-10-18 12:56:00,52,5,1253.3600000000001,3,3,4,10,Loyal,0,Occasional
17263,2011-05-15 14:32:00,208,1,63.440000000000005,1,1,1,3,At risk / Low value,1,At risk / Low value
17265,2011-07-24 10:49:00,139,2,550.01,2,1,3,6,At risk / Low value,3,Occasional
17266,2011-12-07 14:12:00,2,3,296.58,5,2,2,9,Occasional,3,Occasional
17267,2011-08-04 17:22:00,127,2,317.2,2,1,2,5,At risk / Low value,3,Occasional
17268,2011-08-24 10:06:00,108,4,763.64,2,2,3,7,Occasional,0,Occasional
17272,2011-10-28 16:37:00,42,5,2144.53,3,3,5,11,Loyal,0,Occasional
17274,2011-11-04 13:16:00,35,1,107.82,3,1,1,5,At risk / Low value,3,Occasional
17277,2011-04-26 12:47:00,228,2,1065.3500000000001,1,1,4,6,At risk / Low value,1,At risk / Low value
17278,2011-04-12 13:10:00,241,1,246.04,1,1,2,4,At risk / Low value,1,At risk / Low value
17279,2011-10-13 11:58:00,58,1,187.82999999999998,3,1,1,5,At risk / Low value,3,Occasional
17282,2011-08-01 14:29:00,130,3,1685.46,2,2,4,8,Occasional,0,Occasional
17284,2011-10-10 14:38:00,60,7,1636.58,3,3,4,10,Loyal,0,Occasional
17286,2011-11-18 12:47:00,22,1,151.37,4,1,1,6,At risk / Low value,3,Occasional
17287,2011-11-13 13:27:00,26,7,1049.06,4,3,4,11,Loyal,0,Occasional
17288,2011-11-30 16:09:00,9,7,1417.63,5,3,4,12,Loyal,0,Occasional
17289,2011-11-08 12:01:00,32,4,922.77,3,2,4,9,Occasional,0,Occasional
17290,2011-12-06 12:38:00,4,2,513.01,5,1,3,9,Occasional,3,Occasional
17291,2011-02-04 13:04:00,308,1,550.8000000000001,1,1,3,5,At risk / Low value,1,At risk / Low value
17293,2011-12-01 14:37:00,8,9,1854.06,5,4,4,13,VIP / High value,0,Occasional
17295,2011-11-11 10:49:00,29,3,547.0,4,2,3,9,Occasional,0,Occasional
17297,2011-11-22 14:43:00,17,1,128.18,4,1,1,6,At risk / Low value,3,Occasional
17298,2011-08-30 16:43:00,101,2,498.42,2,1,3,6,At risk / Low value,3,Occasional
17299,2011-11-28 12:01:00,12,4,656.61,4,2,3,9,Occasional,0,Occasional
17301,2011-11-18 13:43:00,21,1,163.24,4,1,1,6,At risk / Low value,3,Occasional
17302,2011-11-25 09:36:00,15,6,1119.93,4,3,4,11,Loyal,0,Occasional
17303,2010-12-13 13:32:00,361,1,250.04,1,1,2,4,At risk / Low value,1,At risk / Low value
17306,2011-11-29 12:14:00,11,21,8600.73,5,4,5,14,VIP / High value,2,VIP / High value
17309,2011-09-05 15:20:00,95,1,82.75,2,1,1,4,At risk / Low value,3,Occasional
17311,2011-09-22 14:11:00,78,2,1384.85,2,1,4,7,Occasional,0,Occasional
17312,2011-07-24 11:52:00,139,3,644.3,2,2,3,7,Occasional,0,Occasional
17313,2011-11-22 09:23:00,18,2,2288.13,4,1,5,10,Loyal,0,Occasional
17314,2011-11-15 09:41:00,25,11,2514.76,4,4,5,13,VIP / High value,2,VIP / High value
17315,2011-12-09 11:58:00,1,43,6193.43,5,4,5,14,VIP / High value,2,VIP / High value
17317,2011-10-24 17:26:00,46,5,2524.02,3,3,5,11,Loyal,0,Occasional
17320,2011-08-31 13:31:00,100,3,1200.6200000000001,2,2,4,8,Occasional,0,Occasional
17321,2011-12-01 13:41:00,8,2,657.16,5,1,3,9,Occasional,3,Occasional
17323,2011-11-24 17:29:00,15,9,894.44,4,4,3,11,Loyal,0,Occasional
17324,2011-11-22 10:34:00,18,4,986.48,4,2,4,10,Loyal,0,Occasional
17325,2011-03-04 13:09:00,280,1,96.8,1,1,1,3,At risk / Low value,1,At risk / Low value
17329,2011-11-25 14:24:00,14,2,523.11,4,1,3,8,Occasional,3,Occasional
17330,2011-11-17 08:56:00,23,2,363.9,4,1,2,7,Occasional,3,Occasional
17331,2011-08-08 11:55:00,124,1,175.2,2,1,1,4,At risk / Low value,3,Occasional
17333,2011-09-15 10:11:00,86,1,494.25,2,1,3,6,At risk / Low value,3,Occasional
17334,2011-02-11 16:34:00,301,3,306.6,1,2,2,5,At risk / Low value,1,At risk / Low value
17337,2011-07-11 14:56:00,151,7,1897.51,2,3,4,9,Occasional,0,Occasional
17338,2011-11-22 14:23:00,17,10,6461.79,4,4,5,13,VIP / High value,2,VIP / High value
17339,2011-09-06 13:29:00,94,2,243.36,2,1,1,4,At risk / Low value,3,Occasional
17340,2011-11-30 17:12:00,9,16,11891.18,5,4,5,14,VIP / High value,2,VIP / High value
17341,2011-07-06 12:33:00,157,3,682.29,2,2,3,7,Occasional,0,Occasional
17343,2010-12-19 15:07:00,355,1,193.64,1,1,1,3,At risk / Low value,1,At risk / Low value
17344,2011-10-24 12:56:00,46,1,157.62,3,1,1,5,At risk / Low value,3,Occasional
17345,2011-11-24 15:03:00,15,4,519.6899999999999,4,2,3,9,Occasional,0,Occasional
17346,2011-12-06 12:18:00,4,16,2557.9,5,4,5,14,VIP / High value,2,VIP / High value
17347,2011-09-14 13:12:00,86,1,228.96,2,1,1,4,At risk / Low value,3,Occasional
17348,2011-11-25 11:25:00,15,5,1156.6,4,3,4,11,Loyal,0,Occasional
17349,2011-06-13 14:29:00,179,1,98.25,1,1,1,3,At risk / Low value,1,At risk / Low value
17350,2011-12-01 15:47:00,8,5,1251.44,5,3,4,12,Loyal,0,Occasional
17351,2011-11-03 18:45:00,36,3,587.15,3,2,3,8,Occasional,0,Occasional
17353,2011-08-02 17:19:00,129,2,1740.0,2,1,4,7,Occasional,0,Occasional
17354,2011-10-20 10:34:00,51,1,1393.06,3,1,4,8,Occasional,3,Occasional
17356,2011-02-01 11:07:00,312,1,178.22,1,1,1,3,At risk / Low value,1,At risk / Low value
17357,2011-11-15 16:30:00,24,2,384.39,4,1,2,7,Occasional,3,Occasional
17358,2011-02-09 16:57:00,303,2,360.81,1,1,2,4,At risk / Low value,1,At risk / Low value
17359,2011-11-28 14:37:00,11,1,127.86,5,1,1,7,Occasional,3,Occasional
17360,2011-11-22 13:11:00,17,3,568.24,4,2,3,9,Occasional,0,Occasional
17361,2011-10-21 15:43:00,49,3,488.2,3,2,3,8,Occasional,3,Occasional
17362,2011-04-14 14:43:00,239,2,312.23,1,1,2,4,At risk / Low value,1,At risk / Low value
17364,2011-12-09 09:00:00,1,12,4437.23,5,4,5,14,VIP / High value,2,VIP / High value
17365,2011-11-27 12:13:00,13,8,4767.36,4,4,5,13,VIP / High value,2,VIP / High value
17367,2011-04-15 14:21:00,238,1,167.55,1,1,1,3,At risk / Low value,1,At risk / Low value
17368,2011-11-16 15:26:00,23,9,1315.72,4,4,4,12,Loyal,0,Occasional
17370,2011-09-28 10:14:00,73,4,446.18,2,2,2,6,At risk / Low value,0,Occasional
17371,2011-11-22 13:30:00,17,3,418.4,4,2,2,8,Occasional,3,Occasional
17372,2011-10-30 11:37:00,41,8,1337.18,3,4,4,11,Loyal,0,Occasional
17373,2011-10-30 15:28:00,40,4,646.92,3,2,3,8,Occasional,0,Occasional
17374,2011-05-05 09:05:00,219,2,495.77,1,1,3,5,At risk / Low value,1,At risk / Low value
17375,2011-06-02 17:30:00,190,4,372.5,1,2,2,5,At risk / Low value,1,At risk / Low value
17376,2011-09-30 12:36:00,71,2,203.2,2,1,1,4,At risk / Low value,3,Occasional
17377,2011-11-16 11:17:00,24,21,3883.32,4,4,5,13,VIP / High value,2,VIP / High value
17379,2011-11-28 13:56:00,11,1,389.71999999999997,5,1,2,8,Occasional,3,Occasional
17381,2011-12-01 11:59:00,9,30,20272.43,5,4,5,14,VIP / High value,2,VIP / High value
17382,2011-10-05 13:05:00,65,1,65.4,3,1,1,5,At risk / Low value,3,Occasional
17383,2011-12-05 17:36:00,4,1,193.39000000000001,5,1,1,7,Occasional,3,Occasional
17384,2011-11-20 15:48:00,19,2,336.4,4,1,2,7,Occasional,3,Occasional
17385,2011-11-25 11:02:00,15,1,256.11,4,1,2,7,Occasional,3,Occasional
17386,2011-12-02 11:28:00,8,6,2686.42,5,3,5,13,VIP / High value,0,Occasional
17387,2011-11-20 11:00:00,20,2,746.81,4,1,3,8,Occasional,3,Occasional
17388,2011-09-23 10:31:00,78,4,1259.56,2,2,4,8,Occasional,0,Occasional
17389,2011-12-09 09:38:00,1,43,31300.079999999998,5,4,5,14,VIP / High value,2,VIP / High value
17391,2011-06-29 09:58:00,164,2,508.8,2,1,3,6,At risk / Low value,1,At risk / Low value
17392,2011-02-06 12:48:00,307,2,417.27,1,1,2,4,At risk / Low value,1,At risk / Low value
17394,2011-05-04 13:22:00,219,1,203.86999999999998,1,1,1,3,At risk / Low value,1,At risk / Low value
17396,2011-10-31 14:12:00,39,8,7330.8,3,4,5,12,Loyal,2,VIP / High value
17397,2011-11-17 14:08:00,22,2,681.41,4,1,3,8,Occasional,3,Occasional
17398,2011-08-17 09:48:00,115,3,653.38,2,2,3,7,Occasional,0,Occasional
17400,2011-08-05 15:38:00,126,5,2097.84,2,3,5,10,Loyal,0,Occasional
17402,2011-12-05 10:15:00,5,13,2633.85,5,4,5,14,VIP / High value,2,VIP / High value
17403,2011-11-03 15:18:00,36,1,263.92,3,1,2,6,At risk / Low value,3,Occasional
17404,2011-12-05 16:26:00,4,18,30300.82,5,4,5,14,VIP / High value,2,VIP / High value
17405,2011-12-08 17:12:00,1,5,967.22,5,3,4,12,Loyal,0,Occasional
17406,2011-01-13 12:52:00,330,5,1912.72,1,3,4,8,Occasional,1,At risk / Low value
17408,2011-06-29 12:53:00,163,1,32.65,2,1,1,4,At risk / Low value,1,At risk / Low value
17409,2011-06-08 10:36:00,185,2,771.85,1,1,3,5,At risk / Low value,1,At risk / Low value
17410,2011-11-23 15:46:00,16,5,1214.72,4,3,4,11,Loyal,0,Occasional
17411,2011-11-27 14:25:00,12,4,748.94,4,2,3,9,Occasional,0,Occasional
17412,2011-12-07 11:36:00,3,7,1258.06,5,3,4,12,Loyal,0,Occasional
17414,2011-10-27 12:13:00,44,2,778.0,3,1,3,7,Occasional,3,Occasional
17415,2011-09-21 12:50:00,80,1,507.84,2,1,3,6,At risk / Low value,3,Occasional
17416,2011-11-10 12:47:00,30,9,6838.34,4,4,5,13,VIP / High value,2,VIP / High value
17418,2011-10-28 13:00:00,42,2,463.46000000000004,3,1,2,6,At risk / Low value,3,Occasional
17419,2011-11-28 13:47:00,11,14,4200.97,5,4,5,14,VIP / High value,2,VIP / High value
17420,2011-10-20 14:52:00,50,3,598.83,3,2,3,8,Occasional,0,Occasional
17422,2011-11-23 13:27:00,16,10,1853.1299999999999,4,4,4,12,Loyal,2,VIP / High value
17423,2011-10-25 16:49:00,45,4,663.63,3,2,3,8,Occasional,0,Occasional
17425,2011-11-20 15:30:00,19,2,759.17,4,1,3,8,Occasional,3,Occasional
17426,2011-12-05 16:12:00,4,7,5022.26,5,3,5,13,VIP / High value,2,VIP / High value
17427,2011-09-29 11:29:00,72,1,100.8,2,1,1,4,At risk / Low value,3,Occasional
17428,2011-12-09 09:45:00,1,33,17078.45,5,4,5,14,VIP / High value,2,VIP / High value
17429,2011-08-11 10:13:00,121,4,512.12,2,2,3,7,Occasional,0,Occasional
17430,2011-11-07 09:24:00,33,2,265.76,3,1,2,6,At risk / Low value,3,Occasional
17431,2011-01-30 14:36:00,313,1,403.3,1,1,2,4,At risk / Low value,1,At risk / Low value
17432,2011-11-21 17:33:00,18,2,365.76,4,1,2,7,Occasional,3,Occasional
17433,2011-09-12 14:24:00,88,1,303.15999999999997,2,1,2,5,At risk / Low value,3,Occasional
17434,2011-12-07 13:16:00,2,9,2333.42,5,4,5,14,VIP / High value,2,VIP / High value
17436,2011-12-08 12:30:00,2,2,216.29999999999998,5,1,1,7,Occasional,3,Occasional
17438,2011-04-06 17:16:00,247,2,378.3,1,1,2,4,At risk / Low value,1,At risk / Low value
17440,2011-07-15 10:36:00,148,5,177.1,2,3,1,6,At risk / Low value,3,Occasional
17442,2011-11-10 14:54:00,29,10,2210.2599999999998,4,4,5,13,VIP / High value,2,VIP / High value
17443,2011-05-04 10:47:00,220,1,534.24,1,1,3,5,At risk / Low value,1,At risk / Low value
17444,2011-07-15 12:05:00,148,3,2940.04,2,2,5,9,Occasional,0,Occasional
17446,2011-06-16 10:42:00,177,2,120.9,1,1,1,3,At risk / Low value,1,At risk / Low value
17447,2011-10-30 14:18:00,40,2,541.53,3,1,3,7,Occasional,3,Occasional
17449,2011-12-07 16:56:00,2,8,2503.21,5,4,5,14,VIP / High value,2,VIP / High value
17450,2011-12-01 13:29:00,8,55,187322.17,5,4,5,14,VIP / High value,2,VIP / High value
17451,2011-12-08 15:02:00,1,10,1648.95,5,4,4,13,VIP / High value,2,VIP / High value
17453,2011-11-22 09:42:00,18,2,486.71999999999997,4,1,3,8,Occasional,3,Occasional
17454,2011-05-31 13:58:00,192,4,517.53,1,2,3,6,At risk / Low value,1,At risk / Low value
17455,2011-05-20 12:31:00,204,1,131.7,1,1,1,3,At risk / Low value,1,At risk / Low value
17456,2010-12-09 15:23:00,365,1,249.86,1,1,2,4,At risk / Low value,1,At risk / Low value
17457,2011-08-05 12:48:00,127,5,1737.7,2,3,4,9,Occasional,0,Occasional
17458,2011-11-24 13:01:00,15,1,316.5,4,1,2,7,Occasional,3,Occasional
17459,2011-10-27 13:25:00,43,2,657.3,3,1,3,7,Occasional,3,Occasional
17460,2011-09-22 10:58:00,79,8,452.63,2,4,2,8,Occasional,0,Occasional
17461,2011-11-17 10:21:00,23,3,735.82,4,2,3,9,Occasional,0,Occasional
17462,2011-10-19 13:36:00,51,3,662.94,3,2,3,8,Occasional,0,Occasional
17463,2011-11-23 13:40:00,16,6,1860.81,4,3,4,11,Loyal,0,Occasional
17464,2011-07-04 13:19:00,158,1,289.96000000000004,2,1,2,5,At risk / Low value,1,At risk / Low value
17466,2011-11-29 13:15:00,10,2,763.28,5,1,3,9,Occasional,3,Occasional
17468,2011-11-29 15:33:00,10,2,137.0,5,1,1,7,Occasional,3,Occasional
17469,2011-11-23 13:15:00,16,6,1843.06,4,3,4,11,Loyal,0,Occasional
17470,2011-10-26 12:42:00,45,5,1125.07,3,3,4,10,Loyal,0,Occasional
17472,2011-06-01 14:57:00,191,3,697.54,1,2,3,6,At risk / Low value,1,At risk / Low value
17475,2011-09-21 14:55:00,79,1,194.37,2,1,1,4,At risk / Low value,3,Occasional
17480,2011-09-27 10:21:00,74,2,506.51,2,1,3,6,At risk / Low value,3,Occasional
17481,2011-12-06 12:28:00,4,5,1249.34,5,3,4,12,Loyal,0,Occasional
17483,2011-10-05 13:10:00,65,3,414.04,3,2,2,7,Occasional,3,Occasional
17486,2011-03-23 14:00:00,261,1,396.87,1,1,2,4,At risk / Low value,1,At risk / Low value
17489,2011-10-12 08:56:00,59,2,376.64,3,1,2,6,At risk / Low value,3,Occasional
17490,2011-12-09 09:08:00,1,11,1926.8799999999999,5,4,4,13,VIP / High value,2,VIP / High value
17491,2011-12-08 16:18:00,1,11,3541.92,5,4,5,14,VIP / High value,2,VIP / High value
17492,2011-04-05 15:21:00,248,1,374.57,1,1,2,4,At risk / Low value,1,At risk / Low value
17495,2011-12-02 12:08:00,8,2,497.56,5,1,3,9,Occasional,3,Occasional
17496,2010-12-16 08:39:00,359,1,271.05,1,1,2,4,At risk / Low value,1,At risk / Low value
17498,2011-09-25 12:25:00,76,1,272.22,2,1,2,5,At risk / Low value,3,Occasional
17499,2011-02-23 09:14:00,290,1,622.88,1,1,3,5,At risk / Low value,1,At risk / Low value
17500,2011-11-22 14:25:00,17,3,1138.0,4,2,4,10,Loyal,0,Occasional
17501,2011-05-03 09:47:00,221,2,288.6,1,1,2,4,At risk / Low value,1,At risk / Low value
17502,2011-11-30 13:13:00,9,4,689.1,5,2,3,10,Loyal,0,Occasional
17503,2011-12-07 09:18:00,3,2,558.96,5,1,3,9,Occasional,3,Occasional
17504,2011-05-17 12:59:00,206,10,2745.2799999999997,1,4,5,10,Loyal,0,Occasional
17505,2011-07-01 12:50:00,162,2,1145.84,2,1,4,7,Occasional,0,Occasional
17506,2011-09-30 12:54:00,70,2,294.29,3,1,2,6,At risk / Low value,3,Occasional
17507,2011-03-23 11:48:00,262,2,605.58,1,1,3,5,At risk / Low value,1,At risk / Low value
17508,2011-03-04 08:10:00,281,1,387.31,1,1,2,4,At risk / Low value,1,At risk / Low value
17509,2011-10-13 12:16:00,58,11,6069.24,3,4,5,12,Loyal,2,VIP / High value
17510,2011-11-15 10:00:00,25,1,308.48,4,1,2,7,Occasional,3,Occasional
17511,2011-12-07 10:12:00,3,46,88125.38,5,4,5,14,VIP / High value,2,VIP / High value
17512,2011-11-11 12:11:00,29,11,2920.04,4,4,5,13,VIP / High value,2,VIP / High value
17513,2011-09-28 16:42:00,72,1,513.2,2,1,3,6,At risk / Low value,3,Occasional
17514,2011-08-03 15:45:00,128,1,208.65,2,1,1,4,At risk / Low value,3,Occasional
17515,2011-11-08 14:04:00,31,4,639.02,4,2,3,9,Occasional,0,Occasional
17516,2011-11-24 16:51:00,15,5,764.88,4,3,3,10,Loyal,0,Occasional
17517,2011-02-04 11:48:00,309,1,153.94,1,1,1,3,At risk / Low value,1,At risk / Low value
17519,2011-11-22 16:43:00,17,7,1839.07,4,3,4,11,Loyal,0,Occasional
17520,2011-10-17 12:04:00,54,1,546.81,3,1,3,7,Occasional,3,Occasional
17521,2011-11-15 14:00:00,24,4,721.9599999999999,4,2,3,9,Occasional,0,Occasional
17522,2011-12-08 12:31:00,2,5,1070.71,5,3,4,12,Loyal,0,Occasional
17523,2011-11-28 13:20:00,11,4,652.74,5,2,3,10,Loyal,0,Occasional
17524,2010-12-13 14:32:00,361,1,145.0,1,1,1,3,At risk / Low value,1,At risk / Low value
17525,2010-12-15 12:05:00,360,1,422.70000000000005,1,1,2,4,At risk / Low value,1,At risk / Low value
17526,2011-12-08 18:56:00,1,8,706.7,5,4,3,12,Loyal,0,Occasional
17527,2011-10-17 12:32:00,54,6,888.86,3,3,3,9,Occasional,0,Occasional
17528,2011-12-08 13:27:00,1,11,3540.1,5,4,5,14,VIP / High value,2,VIP / High value
17530,2011-12-08 18:42:00,1,10,2367.12,5,4,5,14,VIP / High value,2,VIP / High value
17531,2011-08-11 10:19:00,121,2,293.45,2,1,2,5,At risk / Low value,3,Occasional
17534,2011-10-17 12:47:00,54,1,223.36,3,1,1,5,At risk / Low value,3,Occasional
17535,2011-03-04 15:20:00,280,1,164.4,1,1,1,3,At risk / Low value,1,At risk / Low value
17536,2011-06-15 13:23:00,177,1,76.5,1,1,1,3,At risk / Low value,1,At risk / Low value
17537,2011-11-10 10:56:00,30,2,887.67,4,1,3,8,Occasional,0,Occasional
17538,2011-11-14 12:12:00,26,1,98.42,4,1,1,6,At risk / Low value,3,Occasional
17540,2011-12-01 09:00:00,9,3,570.4,5,2,3,10,Loyal,0,Occasional
17542,2011-03-15 11:45:00,270,1,170.75,1,1,1,3,At risk / Low value,1,At risk / Low value
17545,2011-10-27 14:04:00,43,3,642.32,3,2,3,8,Occasional,0,Occasional
17549,2011-11-16 09:59:00,24,2,148.86,4,1,1,6,At risk / Low value,3,Occasional
17550,2011-05-26 14:09:00,197,3,267.16,1,2,2,5,At risk / Low value,1,At risk / Low value
17551,2010-12-15 14:12:00,359,1,290.34,1,1,2,4,At risk / Low value,1,At risk / Low value
17552,2011-10-28 12:14:00,43,6,909.96,3,3,3,9,Occasional,0,Occasional
17553,2011-08-02 10:00:00,130,1,1487.6,2,1,4,7,Occasional,3,Occasional
17554,2011-12-08 14:15:00,1,5,1952.45,5,3,4,12,Loyal,0,Occasional
17555,2011-11-20 12:22:00,20,2,480.31,4,1,3,8,Occasional,3,Occasional
17556,2011-05-18 10:48:00,206,1,157.9,1,1,1,3,At risk / Low value,1,At risk / Low value
17557,2011-11-25 12:57:00,14,3,541.46,4,2,3,9,Occasional,0,Occasional
17560,2011-09-06 09:18:00,95,5,854.95,2,3,3,8,Occasional,0,Occasional
17561,2011-11-20 12:53:00,19,1,165.12,4,1,1,6,At risk / Low value,3,Occasional
17562,2011-11-25 14:21:00,14,8,1107.38,4,4,4,12,Loyal,0,Occasional
17564,2011-11-15 13:27:00,24,3,454.01,4,2,2,8,Occasional,3,Occasional
17566,2011-12-01 19:54:00,8,2,869.77,5,1,3,9,Occasional,0,Occasional
17567,2011-12-02 15:48:00,7,10,4012.56,5,4,5,14,VIP / High value,2,VIP / High value
17569,2011-01-11 14:15:00,332,1,344.14,1,1,2,4,At risk / Low value,1,At risk / Low value
17571,2011-10-20 15:57:00,50,4,1425.67,3,2,4,9,Occasional,0,Occasional
17572,2011-09-29 17:53:00,71,4,226.75000000000003,2,2,1,5,At risk / Low value,3,Occasional
17573,2011-11-10 13:01:00,29,4,362.9,4,2,2,8,Occasional,3,Occasional
17574,2011-04-11 09:47:00,243,1,185.65,1,1,1,3,At risk / Low value,1,At risk / Low value
17576,2011-12-01 18:12:00,8,22,3399.93,5,4,5,14,VIP / High value,2,VIP / High value
17578,2011-06-02 11:42:00,191,2,124.74,1,1,1,3,At risk / Low value,1,At risk / Low value
17579,2011-12-05 12:28:00,5,4,440.2,5,2,2,9,Occasional,0,Occasional
17580,2011-04-01 12:41:00,253,3,215.72,1,2,1,4,At risk / Low value,1,At risk / Low value
17581,2011-12-09 12:21:00,1,31,10716.31,5,4,5,14,VIP / High value,2,VIP / High value
17582,2011-04-17 13:18:00,236,1,175.27,1,1,1,3,At risk / Low value,1,At risk / Low value
17584,2011-12-02 17:12:00,7,3,1227.3,5,2,4,11,Loyal,0,Occasional
17585,2011-08-22 13:30:00,109,4,1116.68,2,2,4,8,Occasional,0,Occasional
17588,2011-08-31 13:37:00,100,3,1240.2,2,2,4,8,Occasional,0,Occasional
17589,2011-10-10 16:58:00,60,4,2404.17,3,2,5,10,Loyal,0,Occasional
17590,2011-12-07 12:55:00,2,3,1468.02,5,2,4,11,Loyal,0,Occasional
17591,2011-09-27 13:42:00,73,8,2192.7200000000003,2,4,5,11,Loyal,0,Occasional
17593,2011-12-06 10:30:00,4,6,3908.08,5,3,5,13,VIP / High value,0,Occasional
17594,2011-09-15 16:34:00,85,2,993.18,2,1,4,7,Occasional,0,Occasional
17595,2011-11-27 16:08:00,12,2,386.69,4,1,2,7,Occasional,3,Occasional
17596,2011-11-16 14:11:00,23,7,2806.69,4,3,5,12,Loyal,0,Occasional
17597,2011-05-10 11:54:00,214,1,2044.3700000000001,1,1,5,7,Occasional,1,At risk / Low value
17600,2011-11-22 09:43:00,18,1,161.67000000000002,4,1,1,6,At risk / Low value,3,Occasional
17601,2011-04-14 18:02:00,239,1,116.00999999999999,1,1,1,3,At risk / Low value,1,At risk / Low value
17602,2011-12-07 13:53:00,2,8,5002.22,5,4,5,14,VIP / High value,2,VIP / High value
17604,2011-05-06 13:43:00,217,2,309.36,1,1,2,4,At risk / Low value,1,At risk / Low value
17608,2011-11-06 13:06:00,33,2,191.99,3,1,1,5,At risk / Low value,3,Occasional
17609,2011-10-30 12:28:00,41,6,1097.48,3,3,4,10,Loyal,0,Occasional
17611,2011-12-06 09:46:00,4,19,3924.77,5,4,5,14,VIP / High value,2,VIP / High value
17612,2011-10-17 14:59:00,53,10,1992.76,3,4,4,11,Loyal,2,VIP / High value
17613,2011-11-17 10:51:00,23,17,4494.77,4,4,5,13,VIP / High value,2,VIP / High value
17614,2011-10-13 16:01:00,57,1,386.32,3,1,2,6,At risk / Low value,3,Occasional
17615,2011-08-01 14:06:00,130,3,329.6,2,2,2,6,At risk / Low value,3,Occasional
17616,2011-06-19 10:11:00,174,3,571.1999999999999,2,2,3,7,Occasional,1,At risk / Low value
17618,2011-12-04 11:50:00,6,3,930.28,5,2,4,11,Loyal,0,Occasional
17619,2011-01-31 14:18:00,312,1,214.37,1,1,1,3,At risk / Low value,1,At risk / Low value
17620,2011-10-11 12:08:00,60,1,81.44,3,1,1,5,At risk / Low value,3,Occasional
17621,2011-11-18 17:11:00,21,4,1336.1,4,2,4,10,Loyal,0,Occasional
17623,2011-11-07 11:32:00,33,1,527.0500000000001,3,1,3,7,Occasional,3,Occasional
17624,2011-11-25 10:52:00,15,2,843.48,4,1,3,8,Occasional,0,Occasional
17625,2011-11-21 13:36:00,18,4,2020.4,4,2,5,11,Loyal,0,Occasional
17628,2011-09-19 15:21:00,81,1,75.75,2,1,1,4,At risk / Low value,3,Occasional
17629,2011-12-04 10:56:00,6,9,1784.12,5,4,4,13,VIP / High value,0,Occasional
17630,2011-06-23 11:58:00,170,2,503.59999999999997,2,1,3,6,At risk / Low value,1,At risk / Low value
17631,2011-12-08 09:47:00,2,3,528.33,5,2,3,10,Loyal,0,Occasional
17633,2011-11-08 13:25:00,31,6,1242.34,4,3,4,11,Loyal,0,Occasional
17634,2011-11-03 13:09:00,36,9,2358.59,3,4,5,12,Loyal,2,VIP / High value
17636,2011-12-01 08:29:00,9,2,265.93,5,1,2,8,Occasional,3,Occasional
17637,2011-11-08 12:51:00,31,2,547.0600000000001,4,1,3,8,Occasional,3,Occasional
17639,2011-03-08 15:22:00,276,1,108.5,1,1,1,3,At risk / Low value,1,At risk / Low value
17640,2011-09-14 09:13:00,87,1,621.66,2,1,3,6,At risk / Low value,3,Occasional
17642,2011-08-12 09:11:00,120,2,712.29,2,1,3,6,At risk / Low value,3,Occasional
17643,2010-12-01 14:38:00,373,1,101.55,1,1,1,3,At risk / Low value,1,At risk / Low value
17644,2011-12-08 13:43:00,1,17,2768.98,5,4,5,14,VIP / High value,2,VIP / High value
17646,2011-05-04 13:17:00,219,4,995.6600000000001,1,2,4,7,Occasional,1,At risk / Low value
17647,2011-10-05 15:38:00,65,1,133.06,3,1,1,5,At risk / Low value,3,Occasional
17648,2011-10-10 09:41:00,61,5,1789.55,3,3,4,10,Loyal,0,Occasional
17649,2011-07-28 10:50:00,135,2,861.74,2,1,3,6,At risk / Low value,3,Occasional
17650,2011-11-18 14:52:00,21,1,166.08,4,1,1,6,At risk / Low value,3,Occasional
17651,2011-11-28 10:29:00,12,14,3886.67,4,4,5,13,VIP / High value,2,VIP / High value
17652,2011-11-14 12:55:00,25,18,4737.13,4,4,5,13,VIP / High value,2,VIP / High value
17653,2011-11-10 14:26:00,29,5,1175.88,4,3,4,11,Loyal,0,Occasional
17654,2011-03-07 13:17:00,277,1,117.55,1,1,1,3,At risk / Low value,1,At risk / Low value
17655,2011-11-29 11:34:00,11,8,2571.7400000000002,5,4,5,14,VIP / High value,2,VIP / High value
17656,2011-09-27 13:04:00,73,5,1674.69,2,3,4,9,Occasional,0,Occasional
17658,2011-11-29 11:47:00,11,3,485.88,5,2,3,10,Loyal,3,Occasional
17659,2011-12-06 09:29:00,4,14,2954.75,5,4,5,14,VIP / High value,2,VIP / High value
17660,2011-07-21 13:37:00,141,1,178.75,2,1,1,4,At risk / Low value,3,Occasional
17663,2011-11-14 08:56:00,26,9,1788.27,4,4,4,12,Loyal,0,Occasional
17664,2011-11-21 11:29:00,19,2,604.64,4,1,3,8,Occasional,3,Occasional
17666,2011-12-06 09:06:00,4,2,728.16,5,1,3,9,Occasional,3,Occasional
17667,2011-10-04 14:32:00,66,5,2055.51,3,3,5,11,Loyal,0,Occasional
17668,2011-12-08 13:25:00,1,2,347.75,5,1,2,8,Occasional,3,Occasional
17669,2011-10-28 08:53:00,43,7,3406.7200000000003,3,3,5,11,Loyal,0,Occasional
17670,2011-04-26 09:12:00,228,1,205.7,1,1,1,3,At risk / Low value,1,At risk / Low value
17671,2011-11-24 12:21:00,16,6,1284.08,4,3,4,11,Loyal,0,Occasional
17672,2011-10-27 10:56:00,44,4,3106.62,3,2,5,10,Loyal,0,Occasional
17673,2011-12-08 13:06:00,1,7,1588.07,5,3,4,12,Loyal,0,Occasional
17674,2011-09-26 13:35:00,74,2,551.04,2,1,3,6,At risk / Low value,3,Occasional
17675,2011-12-08 18:03:00,1,41,20098.1,5,4,5,14,VIP / High value,2,VIP / High value
17676,2011-12-05 15:16:00,4,7,1366.77,5,3,4,12,Loyal,0,Occasional
17677,2011-12-08 09:56:00,2,43,16201.37,5,4,5,14,VIP / High value,2,VIP / High value
17678,2011-03-21 11:52:00,264,1,298.11,1,1,2,4,At risk / Low value,1,At risk / Low value
17679,2011-10-18 07:43:00,53,2,1992.1100000000001,3,1,4,8,Occasional,0,Occasional
17680,2011-11-16 12:42:00,24,1,184.4,4,1,1,6,At risk / Low value,3,Occasional
17682,2011-11-29 15:59:00,10,7,2459.33,5,3,5,13,VIP / High value,0,Occasional
17684,2011-10-27 11:10:00,44,1,239.41,3,1,1,5,At risk / Low value,3,Occasional
17685,2011-11-23 11:36:00,17,7,3155.83,4,3,5,12,Loyal,0,Occasional
17686,2011-12-02 15:39:00,7,7,5739.46,5,3,5,13,VIP / High value,2,VIP / High value
17690,2011-11-09 15:17:00,30,16,4717.3,4,4,5,13,VIP / High value,2,VIP / High value
17691,2010-12-16 17:20:00,358,2,290.40000000000003,1,1,2,4,At risk / Low value,1,At risk / Low value
17692,2011-08-04 14:01:00,127,5,733.4399999999999,2,3,3,8,Occasional,0,Occasional
17693,2011-07-26 17:12:00,136,3,187.02,2,2,1,5,At risk / Low value,3,Occasional
17694,2011-07-21 12:00:00,142,1,283.12,2,1,2,5,At risk / Low value,3,Occasional
17695,2011-07-31 10:40:00,132,2,765.34,2,1,3,6,At risk / Low value,3,Occasional
17696,2011-11-01 13:43:00,38,14,2201.05,3,4,5,12,Loyal,2,VIP / High value
17697,2011-04-17 15:40:00,236,1,338.95,1,1,2,4,At risk / Low value,1,At risk / Low value
17698,2011-03-24 11:34:00,261,1,154.95,1,1,1,3,At risk / Low value,1,At risk / Low value
17700,2011-11-23 11:51:00,17,6,2508.89,4,3,5,12,Loyal,0,Occasional
17701,2011-04-01 12:25:00,253,1,417.95,1,1,2,4,At risk / Low value,1,At risk / Low value
17702,2011-11-09 16:03:00,30,6,1719.72,4,3,4,11,Loyal,0,Occasional
17703,2011-11-04 15:51:00,35,3,798.74,3,2,3,8,Occasional,0,Occasional
17704,2011-06-24 09:40:00,169,2,885.19,2,1,3,6,At risk / Low value,1,At risk / Low value
17705,2011-12-06 13:45:00,3,10,1781.12,5,4,4,13,VIP / High value,2,VIP / High value
17706,2011-12-05 13:34:00,4,22,10097.37,5,4,5,14,VIP / High value,2,VIP / High value
17707,2011-06-07 15:03:00,185,2,152.4,1,1,1,3,At risk / Low value,1,At risk / Low value
17708,2011-06-05 10:12:00,188,2,263.33,1,1,2,4,At risk / Low value,1,At risk / Low value
17709,2011-06-23 11:55:00,170,1,137.45,2,1,1,4,At risk / Low value,1,At risk / Low value
17711,2011-11-29 11:40:00,11,2,385.1,5,1,2,8,Occasional,3,Occasional
17712,2011-10-26 12:28:00,45,1,522.91,3,1,3,7,Occasional,3,Occasional
17714,2011-01-23 10:32:00,321,1,153.0,1,1,1,3,At risk / Low value,1,At risk / Low value
17715,2011-05-23 12:32:00,201,1,326.4,1,1,2,4,At risk / Low value,1,At risk / Low value
17716,2011-11-17 12:00:00,23,12,5505.79,4,4,5,13,VIP / High value,2,VIP / High value
17718,2011-04-21 13:39:00,232,1,139.35,1,1,1,3,At risk / Low value,1,At risk / Low value
17719,2011-11-02 10:36:00,38,18,5367.8,3,4,5,12,Loyal,2,VIP / High value
17720,2011-11-13 15:04:00,26,4,1195.94,4,2,4,10,Loyal,0,Occasional
17722,2011-09-04 15:22:00,96,6,2380.64,2,3,5,10,Loyal,0,Occasional
17723,2011-08-04 18:37:00,127,6,3276.4000000000005,2,3,5,10,Loyal,0,Occasional
17724,2011-10-13 10:53:00,58,4,995.6500000000001,3,2,4,9,Occasional,0,Occasional
17725,2011-11-23 16:34:00,16,14,3371.13,4,4,5,13,VIP / High value,2,VIP / High value
17727,2011-11-30 15:21:00,9,2,1042.55,5,1,4,10,Loyal,0,Occasional
17728,2011-12-06 08:52:00,4,5,2515.68,5,3,5,13,VIP / High value,0,Occasional
17730,2011-12-06 15:43:00,3,15,5288.83,5,4,5,14,VIP / High value,2,VIP / High value
17731,2011-09-21 15:02:00,79,5,878.2,2,3,3,8,Occasional,0,Occasional
17732,2010-12-02 09:29:00,373,1,303.97,1,1,2,4,At risk / Low value,1,At risk / Low value
17733,2011-11-01 08:16:00,39,2,692.19,3,1,3,7,Occasional,3,Occasional
17734,2011-10-17 12:33:00,54,3,700.63,3,2,3,8,Occasional,0,Occasional
17735,2011-12-07 16:47:00,2,19,13110.02,5,4,5,14,VIP / High value,2,VIP / High value
17736,2011-11-30 15:36:00,9,4,337.49,5,2,2,9,Occasional,3,Occasional
17737,2011-11-30 15:16:00,9,2,168.24,5,1,1,7,Occasional,3,Occasional
17738,2011-11-20 15:05:00,19,5,1863.35,4,3,4,11,Loyal,0,Occasional
17739,2011-11-28 09:12:00,12,8,2786.05,4,4,5,13,VIP / High value,2,VIP / High value
17742,2011-08-18 15:28:00,113,2,355.11,2,1,2,5,At risk / Low value,3,Occasional
17744,2011-12-06 12:11:00,4,7,2291.08,5,3,5,13,VIP / High value,0,Occasional
17746,2011-04-19 11:26:00,235,2,98.8,1,1,1,3,At risk / Low value,1,At risk / Low value
17747,2011-08-31 13:29:00,100,2,64.65,2,1,1,4,At risk / Low value,3,Occasional
17749,2011-06-14 15:45:00,178,2,674.52,1,1,3,5,At risk / Low value,1,At risk / Low value
17750,2011-12-04 14:09:00,5,9,1710.45,5,4,4,13,VIP / High value,0,Occasional
17752,2010-12-15 16:19:00,359,1,80.64,1,1,1,3,At risk / Low value,1,At risk / Low value
17754,2011-12-09 11:20:00,1,6,1632.31,5,3,4,12,Loyal,0,Occasional
17757,2011-12-08 15:31:00,1,31,5573.59,5,4,5,14,VIP / High value,2,VIP / High value
17758,2011-11-20 14:45:00,19,8,3408.2000000000003,4,4,5,13,VIP / High value,2,VIP / High value
17759,2011-11-22 16:02:00,17,3,819.96,4,2,3,9,Occasional,0,Occasional
17760,2011-11-18 10:56:00,22,2,287.59,4,1,2,7,Occasional,3,Occasional
17761,2011-11-07 10:23:00,33,1,712.78,3,1,3,7,Occasional,3,Occasional
17763,2011-03-21 14:25:00,263,1,15.0,1,1,1,3,At risk / Low value,1,At risk / Low value
17764,2011-10-20 11:03:00,51,2,772.55,3,1,3,7,Occasional,3,Occasional
17765,2011-07-04 12:41:00,159,3,367.63,2,2,2,6,At risk / Low value,3,Occasional
17767,2011-11-24 14:42:00,15,1,271.2,4,1,2,7,Occasional,3,Occasional
17768,2011-12-01 13:22:00,8,3,2081.9,5,2,5,12,Loyal,0,Occasional
17769,2011-11-27 11:18:00,13,12,3920.08,4,4,5,13,VIP / High value,2,VIP / High value
17770,2011-05-25 12:34:00,199,5,1143.27,1,3,4,8,Occasional,0,Occasional
17771,2011-10-14 11:43:00,57,2,245.81,3,1,2,6,At risk / Low value,3,Occasional
17772,2011-11-29 11:05:00,11,2,173.45,5,1,1,7,Occasional,3,Occasional
17774,2011-09-04 12:49:00,97,5,1203.78,2,3,4,9,Occasional,0,Occasional
17775,2011-03-30 10:50:00,255,1,56.4,1,1,1,3,At risk / Low value,1,At risk / Low value
17777,2011-11-15 12:02:00,25,3,647.56,4,2,3,9,Occasional,0,Occasional
17779,2011-11-18 14:15:00,21,5,633.92,4,3,3,10,Loyal,0,Occasional
17781,2011-07-03 16:00:00,159,2,188.02,2,1,1,4,At risk / Low value,1,At risk / Low value
17783,2011-09-28 16:07:00,72,2,283.47,2,1,2,5,At risk / Low value,3,Occasional
17785,2011-10-17 13:43:00,53,1,131.94,3,1,1,5,At risk / Low value,3,Occasional
17786,2011-09-15 12:51:00,85,2,266.85,2,1,2,5,At risk / Low value,3,Occasional
17787,2011-07-10 11:24:00,153,4,1817.54,2,2,4,8,Occasional,0,Occasional
17788,2011-09-27 10:09:00,74,2,1117.9,2,1,4,7,Occasional,0,Occasional
17789,2011-03-03 13:14:00,281,1,225.9,1,1,1,3,At risk / Low value,1,At risk / Low value
17790,2011-11-13 11:30:00,27,14,1964.3,4,4,4,12,Loyal,2,VIP / High value
17791,2011-11-10 12:09:00,30,1,106.1,4,1,1,6,At risk / Low value,3,Occasional
17793,2011-11-14 14:24:00,25,1,300.34,4,1,2,7,Occasional,3,Occasional
17795,2011-06-13 12:36:00,180,2,342.83,1,1,2,4,At risk / Low value,1,At risk / Low value
17796,2011-10-30 15:38:00,40,4,690.0,3,2,3,8,Occasional,0,Occasional
17797,2011-11-17 13:21:00,22,3,780.43,4,2,3,9,Occasional,0,Occasional
17799,2011-11-17 15:16:00,22,11,3009.32,4,4,5,13,VIP / High value,2,VIP / High value
17800,2011-11-02 12:57:00,37,9,1187.21,3,4,4,11,Loyal,0,Occasional
17802,2011-09-18 14:56:00,82,4,1251.84,2,2,4,8,Occasional,0,Occasional
17805,2011-09-27 11:49:00,74,1,512.31,2,1,3,6,At risk / Low value,3,Occasional
17806,2011-11-28 14:12:00,11,1,546.04,5,1,3,9,Occasional,3,Occasional
17809,2011-11-23 13:00:00,16,15,4627.62,4,4,5,13,VIP / High value,2,VIP / High value
17811,2011-12-05 13:46:00,4,51,7601.8,5,4,5,14,VIP / High value,2,VIP / High value
17812,2011-11-27 11:47:00,13,4,699.81,4,2,3,9,Occasional,0,Occasional
17813,2011-11-25 16:13:00,14,7,1641.79,4,3,4,11,Loyal,0,Occasional
17816,2011-11-03 11:34:00,37,4,36.56,3,2,1,6,At risk / Low value,3,Occasional
17817,2011-12-05 14:39:00,4,3,387.68,5,2,2,9,Occasional,3,Occasional
17819,2011-09-29 10:52:00,72,8,3661.0699999999997,2,4,5,11,Loyal,2,VIP / High value
17824,2011-10-19 14:14:00,51,1,298.4,3,1,2,6,At risk / Low value,3,Occasional
17827,2011-12-04 15:00:00,5,5,1987.33,5,3,4,12,Loyal,0,Occasional
17828,2011-12-01 09:34:00,9,9,1599.97,5,4,4,13,VIP / High value,0,Occasional
17829,2011-02-14 12:46:00,299,1,889.24,1,1,3,5,At risk / Low value,1,At risk / Low value
17830,2011-12-08 12:28:00,2,3,398.7,5,2,2,9,Occasional,3,Occasional
17831,2011-11-06 15:09:00,33,1,35.400000000000006,3,1,1,5,At risk / Low value,3,Occasional
17832,2011-10-21 11:43:00,50,1,155.37,3,1,1,5,At risk / Low value,3,Occasional
17835,2011-12-07 11:48:00,3,3,342.24,5,2,2,9,Occasional,3,Occasional
17836,2011-10-23 16:13:00,47,1,110.21000000000001,3,1,1,5,At risk / Low value,3,Occasional
17837,2011-10-28 16:15:00,42,10,1508.38,3,4,4,11,Loyal,0,Occasional
17838,2011-11-13 11:38:00,27,6,2267.4,4,3,5,12,Loyal,0,Occasional
17839,2011-10-28 17:27:00,42,1,318.15,3,1,2,6,At risk / Low value,3,Occasional
17841,2011-12-08 12:07:00,2,169,39869.05,5,4,5,14,VIP / High value,2,VIP / High value
17843,2011-02-09 15:33:00,303,1,205.48,1,1,1,3,At risk / Low value,1,At risk / Low value
17844,2011-08-25 11:27:00,107,1,51.559999999999995,2,1,1,4,At risk / Low value,3,Occasional
17846,2011-09-15 15:20:00,85,1,2033.1,2,1,5,8,Occasional,0,Occasional
17848,2011-09-19 16:49:00,81,9,901.1999999999999,2,4,3,9,Occasional,0,Occasional
17849,2011-05-05 13:46:00,218,4,605.8000000000001,1,2,3,6,At risk / Low value,1,At risk / Low value
17850,2011-02-10 14:38:00,302,35,5303.4800000000005,1,4,5,10,Loyal,2,VIP / High value
17852,2011-11-28 12:36:00,12,2,114.34,4,1,1,6,At risk / Low value,3,Occasional
17854,2011-06-07 16:21:00,185,2,311.26,1,1,2,4,At risk / Low value,1,At risk / Low value
17855,2010-12-02 09:44:00,373,1,208.97,1,1,1,3,At risk / Low value,1,At risk / Low value
17856,2011-12-08 09:40:00,2,6,1393.79,5,3,4,12,Loyal,0,Occasional
17857,2011-12-06 13:41:00,3,25,26763.34,5,4,5,14,VIP / High value,2,VIP / High value
17858,2011-12-04 11:56:00,6,12,5140.66,5,4,5,14,VIP / High value,2,VIP / High value
17859,2011-02-08 10:32:00,305,1,141.92000000000002,1,1,1,3,At risk / Low value,1,At risk / Low value
17860,2010-12-06 12:41:00,369,1,226.45000000000002,1,1,1,3,At risk / Low value,1,At risk / Low value
17861,2011-12-06 16:21:00,3,9,2056.28,5,4,5,14,VIP / High value,2,VIP / High value
17862,2011-01-20 12:23:00,324,1,330.9,1,1,2,4,At risk / Low value,1,At risk / Low value
17863,2011-10-11 13:45:00,59,6,3160.0,3,3,5,11,Loyal,0,Occasional
17864,2011-11-27 11:15:00,13,3,554.85,4,2,3,9,Occasional,0,Occasional
17865,2011-11-09 12:08:00,31,27,10158.54,4,4,5,13,VIP / High value,2,VIP / High value
17866,2011-07-20 11:09:00,143,2,325.7,2,1,2,5,At risk / Low value,3,Occasional
17867,2011-11-09 14:15:00,30,8,583.52,4,4,3,11,Loyal,0,Occasional
17869,2011-08-24 16:16:00,107,5,428.18,2,3,2,7,Occasional,0,Occasional
17870,2011-12-07 15:07:00,2,13,1860.94,5,4,4,13,VIP / High value,2,VIP / High value
17871,2011-05-19 11:32:00,205,1,155.9,1,1,1,3,At risk / Low value,1,At risk / Low value
17873,2011-09-20 16:41:00,80,6,1754.16,2,3,4,9,Occasional,0,Occasional
17874,2011-06-07 12:54:00,185,7,658.26,1,3,3,7,Occasional,0,Occasional
17877,2011-06-22 13:00:00,170,1,237.61,2,1,1,4,At risk / Low value,1,At risk / Low value
17878,2011-10-27 11:24:00,44,1,379.45,3,1,2,6,At risk / Low value,3,Occasional
17879,2011-06-19 12:36:00,174,1,178.51999999999998,2,1,1,4,At risk / Low value,1,At risk / Low value
17880,2010-12-10 10:21:00,365,1,458.92,1,1,2,4,At risk / Low value,1,At risk / Low value
17881,2011-02-08 17:16:00,304,1,133.35000000000002,1,1,1,3,At risk / Low value,1,At risk / Low value
17883,2011-12-06 17:49:00,3,4,664.34,5,2,3,10,Loyal,0,Occasional
17884,2011-12-06 11:33:00,4,4,695.0699999999999,5,2,3,10,Loyal,0,Occasional
17885,2011-11-27 14:40:00,12,1,156.34,4,1,1,6,At risk / Low value,3,Occasional
17886,2011-11-08 10:09:00,32,3,869.28,3,2,3,8,Occasional,0,Occasional
17887,2011-08-02 17:29:00,129,1,111.35,2,1,1,4,At risk / Low value,3,Occasional
17888,2011-11-21 10:18:00,19,10,515.73,4,4,3,11,Loyal,0,Occasional
17889,2011-05-11 16:26:00,212,2,201.37,1,1,1,3,At risk / Low value,1,At risk / Low value
17890,2011-01-21 11:19:00,323,2,586.89,1,1,3,5,At risk / Low value,1,At risk / Low value
17891,2011-06-30 20:08:00,162,1,203.85999999999999,2,1,1,4,At risk / Low value,1,At risk / Low value
17892,2011-10-14 16:49:00,56,3,244.1,3,2,2,7,Occasional,3,Occasional
17893,2011-04-28 13:50:00,225,1,107.21,1,1,1,3,At risk / Low value,1,At risk / Low value
17894,2011-09-29 09:23:00,72,8,1118.96,2,4,4,10,Loyal,0,Occasional
17895,2011-10-26 17:00:00,44,1,95.45,3,1,1,5,At risk / Low value,3,Occasional
17896,2011-11-16 13:59:00,23,1,256.32,4,1,2,7,Occasional,3,Occasional
17897,2011-06-20 11:23:00,173,4,516.3100000000001,2,2,3,7,Occasional,1,At risk / Low value
17898,2011-09-15 14:56:00,85,2,152.06,2,1,1,4,At risk / Low value,3,Occasional
17899,2011-07-03 14:58:00,159,1,154.55,2,1,1,4,At risk / Low value,1,At risk / Low value
17900,2011-06-28 12:09:00,165,4,15.0,2,2,1,5,At risk / Low value,1,At risk / Low value
17901,2011-11-10 17:29:00,29,1,110.38,4,1,1,6,At risk / Low value,3,Occasional
17904,2011-11-18 13:57:00,21,2,168.32,4,1,1,6,At risk / Low value,3,Occasional
17905,2011-09-29 17:33:00,71,4,798.99,2,2,3,7,Occasional,0,Occasional
17906,2011-04-06 17:25:00,247,1,72.9,1,1,1,3,At risk / Low value,1,At risk / Low value
17908,2010-12-01 11:45:00,374,1,232.03,1,1,1,3,At risk / Low value,1,At risk / Low value
17911,2011-11-30 14:52:00,9,1,366.23,5,1,2,8,Occasional,3,Occasional
17912,2011-02-02 14:25:00,310,6,294.65999999999997,1,3,2,6,At risk / Low value,1,At risk / Low value
17913,2011-10-12 10:45:00,59,2,408.65,3,1,2,6,At risk / Low value,3,Occasional
17914,2011-12-06 11:58:00,4,1,329.36,5,1,2,8,Occasional,3,Occasional
17917,2011-10-25 13:20:00,45,3,335.03,3,2,2,7,Occasional,3,Occasional
17919,2011-09-12 13:41:00,88,1,1304.04,2,1,4,7,Occasional,3,Occasional
17920,2011-12-05 14:29:00,4,17,4119.5,5,4,5,14,VIP / High value,2,VIP / High value
17921,2011-10-06 18:56:00,64,4,820.23,3,2,3,8,Occasional,0,Occasional
17923,2011-03-02 15:15:00,282,1,207.50000000000003,1,1,1,3,At risk / Low value,1,At risk / Low value
17924,2011-12-08 19:28:00,1,13,2894.33,5,4,5,14,VIP / High value,2,VIP / High value
17925,2010-12-02 10:10:00,373,1,244.08,1,1,2,4,At risk / Low value,1,At risk / Low value
17926,2011-07-29 14:39:00,133,2,397.29,2,1,2,5,At risk / Low value,3,Occasional
17928,2011-10-25 13:52:00,45,2,212.54,3,1,1,5,At risk / Low value,3,Occasional
17929,2011-11-28 16:01:00,11,5,834.5,5,3,3,11,Loyal,0,Occasional
17930,2011-11-04 10:23:00,36,5,1740.48,3,3,4,10,Loyal,0,Occasional
17931,2011-07-28 18:33:00,134,2,408.36,2,1,2,5,At risk / Low value,3,Occasional
17932,2011-11-10 19:49:00,29,3,1331.57,4,2,4,10,Loyal,0,Occasional
17934,2011-10-19 11:16:00,52,2,704.25,3,1,3,7,Occasional,3,Occasional
17935,2011-07-24 13:18:00,138,2,145.79,2,1,1,4,At risk / Low value,3,Occasional
17936,2011-12-04 13:32:00,5,1,380.13,5,1,2,8,Occasional,3,Occasional
17937,2011-12-01 11:45:00,9,7,4301.22,5,3,5,13,VIP / High value,2,VIP / High value
17939,2011-07-03 12:27:00,160,1,99.14,2,1,1,4,At risk / Low value,1,At risk / Low value
17940,2011-10-21 13:27:00,49,14,1897.18,3,4,4,11,Loyal,2,VIP / High value
17941,2011-08-01 08:30:00,131,1,304.56,2,1,2,5,At risk / Low value,3,Occasional
17942,2011-12-02 10:45:00,8,1,77.50000000000001,5,1,1,7,Occasional,3,Occasional
17946,2011-04-20 17:00:00,233,2,149.57999999999998,1,1,1,3,At risk / Low value,1,At risk / Low value
17947,2011-11-02 13:05:00,37,1,176.68,3,1,1,5,At risk / Low value,3,Occasional
17948,2011-07-15 12:58:00,147,1,358.56000000000006,2,1,2,5,At risk / Low value,3,Occasional
17949,2011-12-08 18:46:00,1,52,52750.84,5,4,5,14,VIP / High value,2,VIP / High value
17950,2011-09-28 15:18:00,72,4,472.12,2,2,2,6,At risk / Low value,0,Occasional
17951,2011-10-31 12:30:00,40,4,990.8400000000001,3,2,4,9,Occasional,0,Occasional
17954,2011-12-04 14:15:00,5,16,2276.78,5,4,5,14,VIP / High value,2,VIP / High value
17955,2011-05-25 12:00:00,199,4,557.3,1,2,3,6,At risk / Low value,1,At risk / Low value
17956,2011-04-04 13:47:00,249,1,12.75,1,1,1,3,At risk / Low value,1,At risk / Low value
17957,2011-10-04 14:58:00,66,1,111.68,3,1,1,5,At risk / Low value,3,Occasional
17958,2011-08-15 12:19:00,117,1,508.4599999999999,2,1,3,6,At risk / Low value,3,Occasional
17960,2011-06-21 14:15:00,171,1,73.78,2,1,1,4,At risk / Low value,1,At risk / Low value
17961,2011-11-18 16:55:00,21,39,1296.44,4,4,4,12,Loyal,2,VIP / High value
17962,2011-07-20 14:16:00,142,1,102.41,2,1,1,4,At risk / Low value,3,Occasional
17964,2011-11-08 10:44:00,32,2,463.21,3,1,2,6,At risk / Low value,3,Occasional
17965,2011-11-02 09:31:00,38,14,2599.19,3,4,5,12,Loyal,2,VIP / High value
17966,2011-11-02 10:26:00,38,5,1098.43,3,3,4,10,Loyal,0,Occasional
17967,2010-12-03 11:19:00,372,1,112.27,1,1,1,3,At risk / Low value,1,At risk / Low value
17968,2010-12-01 12:23:00,374,1,265.1,1,1,2,4,At risk / Low value,1,At risk / Low value
17969,2011-06-26 13:00:00,166,2,228.2,2,1,1,4,At risk / Low value,1,At risk / Low value
17970,2011-05-12 20:03:00,211,1,562.79,1,1,3,5,At risk / Low value,1,At risk / Low value
17972,2011-04-12 12:16:00,242,1,135.19,1,1,1,3,At risk / Low value,1,At risk / Low value
17973,2011-10-19 10:34:00,52,1,337.04,3,1,2,6,At risk / Low value,3,Occasional
17974,2011-11-15 11:37:00,25,3,703.99,4,2,3,9,Occasional,0,Occasional
17975,2011-11-24 13:27:00,15,14,4388.06,4,4,5,13,VIP / High value,2,VIP / High value
17976,2010-12-02 13:49:00,372,1,321.79,1,1,2,4,At risk / Low value,1,At risk / Low value
17977,2011-11-10 13:28:00,29,1,288.14,4,1,2,7,Occasional,3,Occasional
17978,2010-12-09 14:05:00,365,1,300.91999999999996,1,1,2,4,At risk / Low value,1,At risk / Low value
17979,2011-11-04 12:05:00,36,5,712.51,3,3,3,9,Occasional,0,Occasional
17980,2011-06-27 12:01:00,166,3,811.45,2,2,3,7,Occasional,0,Occasional
17984,2011-07-17 15:59:00,145,1,152.68,2,1,1,4,At risk / Low value,3,Occasional
17985,2011-11-17 14:24:00,22,1,631.35,4,1,3,8,Occasional,3,Occasional
17986,2011-10-14 14:22:00,56,1,20.8,3,1,1,5,At risk / Low value,3,Occasional
17987,2011-06-07 14:22:00,185,1,198.57,1,1,1,3,At risk / Low value,1,At risk / Low value
17988,2011-11-28 11:00:00,12,8,191.17000000000002,4,4,1,9,Occasional,0,Occasional
17990,2011-04-17 11:44:00,237,3,630.84,1,2,3,6,At risk / Low value,1,At risk / Low value
17991,2011-04-28 15:58:00,225,2,93.35,1,1,1,3,At risk / Low value,1,At risk / Low value
17994,2011-08-10 11:43:00,122,6,626.09,2,3,3,8,Occasional,0,Occasional
17995,2011-03-03 12:30:00,282,1,76.1,1,1,1,3,At risk / Low value,1,At risk / Low value
17997,2011-09-26 16:13:00,74,12,1503.09,2,4,4,10,Loyal,2,VIP / High value
17999,2011-11-02 15:56:00,37,2,380.39,3,1,2,6,At risk / Low value,3,Occasional
18001,2011-11-27 16:02:00,12,2,415.13,4,1,2,7,Occasional,3,Occasional
18004,2010-12-12 13:47:00,362,1,157.92,1,1,1,3,At risk / Low value,1,At risk / Low value
18005,2011-12-06 11:51:00,4,2,226.47,5,1,1,7,Occasional,3,Occasional
18006,2011-11-16 16:52:00,23,1,444.68,4,1,2,7,Occasional,3,Occasional
18008,2011-09-30 15:17:00,70,9,2116.19,3,4,5,12,Loyal,0,Occasional
18009,2011-04-18 13:52:00,235,2,242.29,1,1,1,3,At risk / Low value,1,At risk / Low value
18010,2011-03-28 12:27:00,257,1,174.8,1,1,1,3,At risk / Low value,1,At risk / Low value
18011,2010-12-01 17:35:00,373,1,102.78999999999999,1,1,1,3,At risk / Low value,1,At risk / Low value
18013,2011-07-07 14:11:00,155,2,187.29,2,1,1,4,At risk / Low value,3,Occasional
18014,2011-11-11 15:28:00,28,1,162.22,4,1,1,6,At risk / Low value,3,Occasional
18015,2011-12-05 14:49:00,4,1,120.03,5,1,1,7,Occasional,3,Occasional
18016,2011-11-07 13:25:00,32,5,1477.66,3,3,4,10,Loyal,0,Occasional
18017,2011-09-19 16:15:00,81,3,523.0,2,2,3,7,Occasional,3,Occasional
18018,2011-08-23 17:37:00,108,2,122.14,2,1,1,4,At risk / Low value,3,Occasional
18019,2011-10-19 12:10:00,52,1,38.45,3,1,1,5,At risk / Low value,3,Occasional
18022,2011-11-04 12:45:00,36,1,612.72,3,1,3,7,Occasional,3,Occasional
18024,2011-07-10 12:40:00,153,3,236.77999999999997,2,2,1,5,At risk / Low value,3,Occasional
18027,2011-09-02 10:38:00,99,1,115.31,2,1,1,4,At risk / Low value,3,Occasional
18030,2011-12-05 16:37:00,4,3,220.7,5,2,1,8,Occasional,3,Occasional
18032,2011-01-09 15:32:00,334,1,73.5,1,1,1,3,At risk / Low value,1,At risk / Low value
18033,2011-10-05 17:28:00,65,1,93.82000000000001,3,1,1,5,At risk / Low value,3,Occasional
18034,2011-11-18 12:22:00,22,2,418.68,4,1,2,7,Occasional,3,Occasional
18035,2011-11-04 12:39:00,36,3,713.89,3,2,3,8,Occasional,0,Occasional
18036,2011-11-07 14:40:00,32,3,403.12,3,2,2,7,Occasional,3,Occasional
18037,2011-07-08 13:39:00,154,6,70.02,2,3,1,6,At risk / Low value,3,Occasional
18040,2011-11-20 14:20:00,19,2,357.20000000000005,4,1,2,7,Occasional,3,Occasional
18041,2011-11-28 11:39:00,12,22,4075.12,4,4,5,13,VIP / High value,2,VIP / High value
18042,2011-10-17 11:49:00,54,1,165.04999999999998,3,1,1,5,At risk / Low value,3,Occasional
18043,2011-11-15 12:48:00,25,3,529.29,4,2,3,9,Occasional,0,Occasional
18044,2011-12-05 14:26:00,4,11,2085.65,5,4,5,14,VIP / High value,2,VIP / High value
18045,2011-10-25 13:07:00,45,1,178.34,3,1,1,5,At risk / Low value,3,Occasional
18048,2011-05-20 14:58:00,203,2,172.29000000000002,1,1,1,3,At risk / Low value,1,At risk / Low value
18050,2010-12-15 14:25:00,359,1,74.4,1,1,1,3,At risk / Low value,1,At risk / Low value
18053,2011-10-04 17:31:00,66,2,297.07,3,1,2,6,At risk / Low value,3,Occasional
18055,2011-12-02 14:25:00,7,11,6729.29,5,4,5,14,VIP / High value,2,VIP / High value
18056,2011-02-24 14:27:00,288,1,363.65,1,1,2,4,At risk / Low value,1,At risk / Low value
18058,2011-11-30 08:38:00,10,1,170.16,5,1,1,7,Occasional,3,Occasional
18059,2011-11-30 17:02:00,9,4,296.71,5,2,2,9,Occasional,3,Occasional
18061,2011-11-18 11:20:00,22,10,2119.41,4,4,5,13,VIP / High value,2,VIP / High value
18062,2011-06-19 14:47:00,173,3,720.52,2,2,3,7,Occasional,1,At risk / Low value
18064,2011-07-29 16:39:00,133,2,814.0,2,1,3,6,At risk / Low value,3,Occasional
18065,2011-12-04 10:30:00,6,15,2380.08,5,4,5,14,VIP / High value,2,VIP / High value
18066,2011-09-25 15:30:00,75,1,318.0,2,1,2,5,At risk / Low value,3,Occasional
18067,2011-10-30 15:58:00,40,1,396.33,3,1,2,6,At risk / Low value,3,Occasional
18068,2011-02-23 14:50:00,289,1,101.69999999999999,1,1,1,3,At risk / Low value,1,At risk / Low value
18069,2011-11-13 16:05:00,26,7,1994.39,4,3,4,11,Loyal,0,Occasional
18071,2011-03-27 11:59:00,258,2,453.0,1,1,2,4,At risk / Low value,1,At risk / Low value
18073,2011-08-17 14:02:00,114,13,3846.7400000000002,2,4,5,11,Loyal,2,VIP / High value
18074,2010-12-01 09:53:00,374,1,489.6,1,1,3,5,At risk / Low value,1,At risk / Low value
18075,2011-11-16 15:21:00,23,14,2538.7200000000003,4,4,5,13,VIP / High value,2,VIP / High value
18077,2011-12-01 13:32:00,8,11,2584.41,5,4,5,14,VIP / High value,2,VIP / High value
18078,2011-05-06 14:32:00,217,2,336.13,1,1,2,4,At risk / Low value,1,At risk / Low value
18079,2011-10-25 15:27:00,45,4,3613.15,3,2,5,10,Loyal,0,Occasional
18080,2011-11-21 08:02:00,19,2,1231.5,4,1,4,9,Occasional,0,Occasional
18081,2011-11-03 16:30:00,36,3,343.45,3,2,2,7,Occasional,3,Occasional
18082,2011-11-14 12:45:00,26,1,680.84,4,1,3,8,Occasional,3,Occasional
18084,2011-11-23 13:57:00,16,2,87.52999999999999,4,1,1,6,At risk / Low value,3,Occasional
18085,2011-01-13 15:17:00,330,2,689.95,1,1,3,5,At risk / Low value,1,At risk / Low value
18086,2011-03-10 13:34:00,274,1,101.34,1,1,1,3,At risk / Low value,1,At risk / Low value
18087,2011-09-02 15:12:00,98,4,3770.1199999999994,2,2,5,9,Occasional,0,Occasional
18088,2011-10-09 13:41:00,61,1,166.03,3,1,1,5,At risk / Low value,3,Occasional
18092,2011-12-07 13:14:00,2,12,9065.76,5,4,5,14,VIP / High value,2,VIP / High value
18093,2011-09-07 15:43:00,93,5,2083.42,2,3,5,10,Loyal,0,Occasional
18094,2011-09-19 09:28:00,82,7,3017.3,2,3,5,10,Loyal,0,Occasional
18095,2011-01-31 12:50:00,313,2,580.0500000000001,1,1,3,5,At risk / Low value,1,At risk / Low value
18096,2011-11-28 12:44:00,12,3,849.06,4,2,3,9,Occasional,0,Occasional
18097,2011-12-02 11:16:00,8,7,2657.45,5,3,5,13,VIP / High value,0,Occasional
18099,2011-08-04 15:52:00,127,1,168.31,2,1,1,4,At risk / Low value,3,Occasional
18101,2011-11-28 13:37:00,11,2,222.4,5,1,1,7,Occasional,3,Occasional
18102,2011-12-09 11:50:00,1,62,256438.49,5,4,5,14,VIP / High value,2,VIP / High value
18104,2011-11-02 14:07:00,37,1,754.64,3,1,3,7,Occasional,3,Occasional
18105,2011-11-02 12:04:00,38,1,113.48000000000002,3,1,1,5,At risk / Low value,3,Occasional
18106,2011-01-14 12:23:00,330,1,421.9,1,1,2,4,At risk / Low value,1,At risk / Low value
18108,2011-04-05 08:25:00,249,2,264.65,1,1,2,4,At risk / Low value,1,At risk / Low value
18109,2011-12-08 11:36:00,2,31,7877.27,5,4,5,14,VIP / High value,2,VIP / High value
18110,2011-11-20 12:59:00,19,2,168.55,4,1,1,6,At risk / Low value,3,Occasional
18112,2011-11-27 14:43:00,12,2,352.69,4,1,2,7,Occasional,3,Occasional
18113,2010-12-06 12:31:00,369,1,76.32000000000001,1,1,1,3,At risk / Low value,1,At risk / Low value
18114,2011-02-22 13:20:00,290,1,220.1,1,1,1,3,At risk / Low value,1,At risk / Low value
18116,2011-10-03 11:00:00,68,8,1403.1100000000001,3,4,4,11,Loyal,0,Occasional
18117,2011-11-14 12:47:00,26,1,315.65,4,1,2,7,Occasional,3,Occasional
18118,2011-11-29 11:32:00,11,31,5567.03,5,4,5,14,VIP / High value,2,VIP / High value
18119,2010-12-07 11:59:00,368,1,180.7,1,1,1,3,At risk / Low value,1,At risk / Low value
18120,2011-05-09 13:45:00,214,1,111.15,1,1,1,3,At risk / Low value,1,At risk / Low value
18121,2011-07-13 12:53:00,149,2,653.3,2,1,3,6,At risk / Low value,3,Occasional
18122,2011-12-01 13:08:00,8,6,1793.06,5,3,4,12,Loyal,0,Occasional
18123,2011-11-15 14:23:00,24,2,574.4399999999999,4,1,3,8,Occasional,3,Occasional
18125,2011-11-10 12:29:00,30,5,1130.1,4,3,4,11,Loyal,0,Occasional
18126,2011-10-10 12:19:00,61,1,200.92000000000002,3,1,1,5,At risk / Low value,3,Occasional
18127,2011-11-20 14:05:00,19,3,347.08,4,2,2,8,Occasional,3,Occasional
18129,2011-04-10 14:16:00,243,1,112.55000000000001,1,1,1,3,At risk / Low value,1,At risk / Low value
18130,2011-12-01 08:41:00,9,4,1045.74,5,2,4,11,Loyal,0,Occasional
18133,2011-05-12 15:19:00,211,2,715.4999999999999,1,1,3,5,At risk / Low value,1,At risk / Low value
18135,2011-11-10 19:32:00,29,5,681.9100000000001,4,3,3,10,Loyal,0,Occasional
18136,2011-10-07 15:40:00,63,4,761.83,3,2,3,8,Occasional,0,Occasional
18138,2011-02-17 14:51:00,295,1,152.65,1,1,1,3,At risk / Low value,1,At risk / Low value
18139,2011-11-22 16:18:00,17,8,8393.22,4,4,5,13,VIP / High value,2,VIP / High value
18142,2011-07-11 13:34:00,151,4,1014.9,2,2,4,8,Occasional,0,Occasional
18143,2011-08-15 12:07:00,117,2,1000.16,2,1,4,7,Occasional,0,Occasional
18144,2011-12-02 12:46:00,8,12,2888.75,5,4,5,14,VIP / High value,2,VIP / High value
18145,2011-11-27 11:22:00,13,4,2861.55,4,2,5,11,Loyal,0,Occasional
18146,2011-07-22 12:08:00,141,2,160.35000000000002,2,1,1,4,At risk / Low value,3,Occasional
18147,2011-10-25 11:46:00,46,2,179.33999999999997,3,1,1,5,At risk / Low value,3,Occasional
18149,2011-10-20 12:04:00,51,3,612.0799999999999,3,2,3,8,Occasional,0,Occasional
18150,2011-11-07 16:49:00,32,3,566.58,3,2,3,8,Occasional,0,Occasional
18151,2011-07-28 11:35:00,135,2,653.35,2,1,3,6,At risk / Low value,3,Occasional
18154,2011-12-06 16:41:00,3,2,399.19,5,1,2,8,Occasional,3,Occasional
18155,2011-09-25 13:32:00,75,4,347.82,2,2,2,6,At risk / Low value,3,Occasional
18156,2011-11-27 12:24:00,13,2,675.64,4,1,3,8,Occasional,3,Occasional
18158,2011-11-30 16:19:00,9,3,451.75,5,2,2,9,Occasional,3,Occasional
18159,2011-02-11 14:26:00,301,1,530.15,1,1,3,5,At risk / Low value,1,At risk / Low value
18160,2011-10-13 15:50:00,57,2,638.0600000000001,3,1,3,7,Occasional,3,Occasional
18161,2011-11-29 15:38:00,10,6,1612.79,5,3,4,12,Loyal,0,Occasional
18164,2011-11-08 17:49:00,31,2,394.7,4,1,2,7,Occasional,3,Occasional
18165,2011-06-15 13:23:00,177,1,302.46000000000004,1,1,2,4,At risk / Low value,1,At risk / Low value
18167,2011-12-06 09:49:00,4,6,1355.51,5,3,4,12,Loyal,0,Occasional
18168,2011-06-16 19:21:00,176,9,1123.74,1,4,4,9,Occasional,0,Occasional
18169,2011-10-10 12:18:00,61,1,202.65,3,1,1,5,At risk / Low value,3,Occasional
18170,2011-11-06 14:35:00,33,3,980.31,3,2,4,9,Occasional,0,Occasional
18171,2011-10-12 09:13:00,59,7,1208.51,3,3,4,10,Loyal,0,Occasional
18172,2011-11-25 11:12:00,15,25,7490.17,4,4,5,13,VIP / High value,2,VIP / High value
18173,2011-09-14 11:26:00,87,4,2106.84,2,2,5,9,Occasional,0,Occasional
18174,2011-12-02 16:56:00,7,1,104.0,5,1,1,7,Occasional,3,Occasional
18176,2010-12-21 12:33:00,354,2,448.65,1,1,2,4,At risk / Low value,1,At risk / Low value
18177,2011-11-08 14:44:00,31,7,1313.6200000000001,4,3,4,11,Loyal,0,Occasional
18178,2011-08-18 06:34:00,114,6,1573.41,2,3,4,9,Occasional,0,Occasional
18179,2011-11-30 16:23:00,9,6,1793.17,5,3,4,12,Loyal,0,Occasional
18180,2011-12-05 08:39:00,5,6,1843.75,5,3,4,12,Loyal,0,Occasional
18181,2011-11-15 15:08:00,24,1,366.85,4,1,2,7,Occasional,3,Occasional
18183,2011-05-05 17:47:00,218,6,600.52,1,3,3,7,Occasional,1,At risk / Low value
18184,2011-11-24 15:28:00,15,1,49.8,4,1,1,6,At risk / Low value,3,Occasional
18185,2011-04-04 13:42:00,249,1,304.25,1,1,2,4,At risk / Low value,1,At risk / Low value
18188,2011-11-24 16:46:00,15,4,1998.49,4,2,4,10,Loyal,0,Occasional
18189,2011-09-23 12:40:00,78,3,1084.34,2,2,4,8,Occasional,0,Occasional
18190,2011-05-31 14:48:00,192,3,274.51,1,2,2,5,At risk / Low value,1,At risk / Low value
18191,2011-03-23 12:08:00,262,1,207.79999999999998,1,1,1,3,At risk / Low value,1,At risk / Low value
18192,2011-09-29 09:53:00,72,1,957.97,2,1,4,7,Occasional,3,Occasional
18193,2011-07-12 10:56:00,151,3,212.96,2,2,1,5,At risk / Low value,3,Occasional
18194,2011-10-06 19:54:00,64,2,896.0,3,1,3,7,Occasional,0,Occasional
18196,2011-09-05 16:22:00,95,2,686.63,2,1,3,6,At risk / Low value,3,Occasional
18198,2011-12-05 14:49:00,4,21,5083.06,5,4,5,14,VIP / High value,2,VIP / High value
18200,2011-08-25 18:45:00,106,1,150.35,2,1,1,4,At risk / Low value,3,Occasional
18202,2011-05-24 12:12:00,200,3,1396.99,1,2,4,7,Occasional,1,At risk / Low value
18203,2011-07-05 13:07:00,157,1,160.42000000000002,2,1,1,4,At risk / Low value,1,At risk / Low value
18204,2011-09-29 16:44:00,71,4,1960.95,2,2,4,8,Occasional,0,Occasional
18205,2011-11-03 13:22:00,36,2,517.36,3,1,3,7,Occasional,3,Occasional
18209,2011-11-11 12:07:00,29,1,139.10000000000002,4,1,1,6,At risk / Low value,3,Occasional
18210,2011-12-08 11:02:00,2,6,2621.38,5,3,5,13,VIP / High value,0,Occasional
18211,2011-11-14 08:10:00,26,5,600.07,4,3,3,10,Loyal,0,Occasional
18212,2011-01-17 16:14:00,326,1,216.07,1,1,1,3,At risk / Low value,1,At risk / Low value
18213,2011-04-17 10:21:00,237,1,232.48000000000002,1,1,1,3,At risk / Low value,1,At risk / Low value
18215,2011-09-11 16:05:00,89,1,299.34000000000003,2,1,2,5,At risk / Low value,3,Occasional
18216,2011-11-08 16:55:00,31,1,481.75,4,1,3,8,Occasional,3,Occasional
18217,2011-11-10 13:18:00,29,2,621.75,4,1,3,8,Occasional,3,Occasional
18218,2011-05-17 14:16:00,206,4,606.22,1,2,3,6,At risk / Low value,1,At risk / Low value
18219,2011-12-07 11:43:00,3,11,2019.77,5,4,5,14,VIP / High value,2,VIP / High value
18220,2011-05-04 11:23:00,220,2,297.78000000000003,1,1,2,4,At risk / Low value,1,At risk / Low value
18221,2011-11-17 14:40:00,22,6,1033.31,4,3,4,11,Loyal,0,Occasional
18222,2011-09-08 10:45:00,93,1,443.0,2,1,2,5,At risk / Low value,3,Occasional
18223,2011-12-08 11:51:00,2,27,6315.2300000000005,5,4,5,14,VIP / High value,2,VIP / High value
18224,2011-03-21 10:30:00,264,1,158.95000000000002,1,1,1,3,At risk / Low value,1,At risk / Low value
18225,2011-12-06 13:27:00,3,17,5356.86,5,4,5,14,VIP / High value,2,VIP / High value
18226,2011-11-01 09:57:00,39,14,5192.1,3,4,5,12,Loyal,2,VIP / High value
18227,2011-05-06 12:23:00,218,1,93.75,1,1,1,3,At risk / Low value,1,At risk / Low value
18228,2011-10-20 19:21:00,50,3,769.2,3,2,3,8,Occasional,0,Occasional
18229,2011-11-28 09:48:00,12,20,7276.900000000001,4,4,5,13,VIP / High value,2,VIP / High value
18230,2011-11-30 13:22:00,9,10,2716.6000000000004,5,4,5,14,VIP / High value,2,VIP / High value
18231,2011-05-31 14:18:00,192,6,2054.67,1,3,5,9,Occasional,0,Occasional
18232,2011-09-19 11:49:00,82,5,582.47,2,3,3,8,Occasional,0,Occasional
18233,2011-01-18 08:44:00,326,1,440.0,1,1,2,4,At risk / Low value,1,At risk / Low value
18235,2011-09-29 08:27:00,72,3,1796.48,2,2,4,8,Occasional,0,Occasional
18236,2011-11-10 08:06:00,30,6,882.24,4,3,3,10,Loyal,0,Occasional
18237,2011-12-07 12:49:00,3,5,987.1,5,3,4,12,Loyal,0,Occasional
18239,2011-05-05 12:38:00,219,5,1561.6100000000001,1,3,4,8,Occasional,0,Occasional
18240,2011-10-24 13:06:00,46,1,422.58,3,1,2,6,At risk / Low value,3,Occasional
18241,2011-11-30 12:10:00,10,18,2058.09,5,4,5,14,VIP / High value,2,VIP / High value
18242,2011-09-28 13:43:00,72,4,2232.4900000000002,2,2,5,9,Occasional,0,Occasional
18245,2011-12-02 14:48:00,7,8,2507.56,5,4,5,14,VIP / High value,2,VIP / High value
18246,2011-11-16 11:49:00,24,2,596.1,4,1,3,8,Occasional,3,Occasional
18248,2011-08-18 06:14:00,114,4,783.02,2,2,3,7,Occasional,0,Occasional
18249,2011-11-22 15:07:00,17,1,95.34,4,1,1,6,At risk / Low value,3,Occasional
18250,2011-02-11 13:59:00,301,2,342.92,1,1,2,4,At risk / Low value,1,At risk / Low value
18251,2011-09-13 15:03:00,87,1,4314.72,2,1,5,8,Occasional,0,Occasional
18252,2011-10-20 12:43:00,51,2,518.27,3,1,3,7,Occasional,3,Occasional
18255,2011-09-11 13:16:00,89,1,103.3,2,1,1,4,At risk / Low value,3,Occasional
18257,2011-10-31 14:48:00,39,12,2265.38,3,4,5,12,Loyal,2,VIP / High value
18259,2011-11-15 12:34:00,25,3,2338.6000000000004,4,2,5,11,Loyal,0,Occasional
18260,2011-06-20 12:37:00,173,8,2580.15,2,4,5,11,Loyal,0,Occasional
18261,2011-10-27 15:36:00,43,2,324.24,3,1,2,6,At risk / Low value,3,Occasional
18262,2011-07-22 16:04:00,140,1,149.48,2,1,1,4,At risk / Low value,3,Occasional
18263,2011-11-16 16:19:00,23,4,1211.08,4,2,4,10,Loyal,0,Occasional
18265,2011-09-28 14:10:00,72,2,801.51,2,1,3,6,At risk / Low value,3,Occasional
18269,2010-12-16 15:39:00,358,2,138.9,1,1,1,3,At risk / Low value,1,At risk / Low value
18270,2011-11-01 13:57:00,38,3,238.95000000000002,3,2,1,6,At risk / Low value,3,Occasional
18272,2011-12-07 12:43:00,3,7,3064.78,5,3,5,13,VIP / High value,0,Occasional
18273,2011-12-07 13:16:00,2,3,204.0,5,2,1,8,Occasional,3,Occasional
18274,2011-11-22 10:18:00,18,2,1.7763568394002505e-15,4,1,1,6,At risk / Low value,3,Occasional
18276,2011-11-18 17:01:00,21,3,323.36,4,2,2,8,Occasional,3,Occasional
18277,2011-10-12 15:22:00,58,2,97.63,3,1,1,5,At risk / Low value,3,Occasional
18278,2011-09-27 11:58:00,74,1,173.9,2,1,1,4,At risk / Low value,3,Occasional
18280,2011-03-07 09:52:00,278,1,180.60000000000002,1,1,1,3,At risk / Low value,1,At risk / Low value
18281,2011-06-12 10:53:00,181,1,80.82,1,1,1,3,At risk / Low value,1,At risk / Low value
18282,2011-12-02 11:43:00,8,3,176.6,5,2,1,8,Occasional,3,Occasional
18283,2011-12-06 12:02:00,4,16,2045.53,5,4,5,14,VIP / High value,2,VIP / High value
18287,2011-10-28 09:29:00,43,3,1837.28,3,2,4,9,Occasional,0,Occasional
