cluster_kmeans,StockCode,Description,transactions_count,quantity_sold,revenue
0,22502,PICNIC BASKET WICKER 60 PIECES,2,61,39619.5
0,POST,POSTAGE,416,1093,26494.27
0,22423,REGENCY CAKESTAND 3 TIER,610,1787,22033.65
0,85123A,WHITE HANGING HEART T-LIGHT HOLDER,701,7241,20170.15
0,47566,PARTY BUNTING,467,4096,18896.5
0,85099B,JUMBO BAG RED RETROSPOT,453,8686,16604.88
0,84879,ASSORTED COLOUR BIRD ORNAMENT,524,8932,14864.68
0,22086,PAPER CHAIN KIT 50'S CHRISTMAS ,389,5199,14217.050000000001
0,23084,RABBIT NIGHT LIGHT,293,7222,13340.05
0,79321,CHILLI LIGHTS,118,2343,11068.25
0,23298,SPOTTY BUNTING,376,2082,10065.900000000001
0,22457,NATURAL SLATE HEART CHALKBOARD ,392,3474,9808.300000000001
0,22910,PAPER CHAIN KIT VINTAGE CHRISTMAS,282,3153,8681.35
0,23355,HOT WATER BOTTLE KEEP CALM,275,1780,8254.2
0,22960,JAM MAKING SET WITH JARS,346,1914,7757.75
0,22138,BAKING SET 9 PIECE RETROSPOT ,349,1460,7008.6
0,23284,DOORMAT KEEP CALM AND COME IN,195,905,6731.91
0,22720,SET OF 3 CAKE TINS PANTRY DESIGN ,384,1356,6555.400000000001
0,22112,CHOCOLATE HOT WATER BOTTLE,228,1372,6371.400000000001
0,22469,HEART OF WICKER SMALL,370,3812,6113.799999999999
0,22111,SCOTTIE DOG HOT WATER BOTTLE,283,1271,6073.05
0,20725,LUNCH BAG RED RETROSPOT,376,3720,6028.0
0,22139,RETROSPOT TEA SET CERAMIC 11 PC ,296,1236,6027.200000000001
0,21137,BLACK RECORD COVER FRAME,92,1744,6015.84
0,22961,JAM MAKING SET PRINTED,307,4084,5855.799999999999
0,22727,ALARM CLOCK BAKELIKE RED ,249,1675,5774.05
0,22413,METAL SIGN TAKE IT OR LEAVE IT ,135,1975,5545.45
0,22386,JUMBO BAG PINK POLKADOT,238,2788,5494.24
0,48138,DOORMAT UNION FLAG,170,696,5319.9
0,21754,HOME BUILDING BLOCK WORD,246,891,5304.450000000001
0,22470,HEART OF WICKER LARGE,310,1810,5211.500000000001
0,22178,VICTORIAN GLASS HANGING T-LIGHT,258,3817,5201.21
0,23245,SET OF 3 REGENCY CAKE TINS,251,1060,5125.400000000001
0,22411,JUMBO SHOPPER VINTAGE RED PAISLEY,233,2469,4829.5
0,15056N,EDWARDIAN PARASOL NATURAL,79,902,4826.900000000001
0,85066,CREAM SWEETHEART MINI CHEST,177,381,4825.35
0,23201,JUMBO BAG ALPHABET,208,2393,4787.84
0,23077,DOUGHNUT LIP GLOSS ,140,3856,4778.0
0,23199,JUMBO BAG APPLES,193,2399,4769.72
0,82482,WOODEN PICTURE FRAME WHITE FINISH,302,1817,4749.55
0,21621,VINTAGE UNION JACK BUNTING,129,551,4683.5
0,22383,LUNCH BAG SUKI DESIGN ,280,2878,4668.7
0,23344,JUMBO BAG 50'S CHRISTMAS ,205,2294,4655.52
0,82494L,WOODEN FRAME ANTIQUE WHITE ,269,1615,4639.450000000001
0,22865,HAND WARMER OWL DESIGN,192,2286,4608.6
0,20728,LUNCH BAG CARS BLUE,316,2820,4605.4
0,22699,ROSES REGENCY TEACUP AND SAUCER ,247,1622,4592.900000000001
0,23313,VINTAGE CHRISTMAS BUNTING,125,965,4576.75
0,20727,LUNCH BAG  BLACK SKULL.,339,2800,4567.6
0,22326,ROUND SNACK BOXES SET OF4 WOODLAND ,202,1559,4522.250000000001
0,23202,JUMBO BAG VINTAGE LEAF,209,2288,4518.9400000000005
0,21181,PLEASE ONE PERSON METAL SIGN,221,2187,4475.700000000001
0,22382,LUNCH BAG SPACEBOY DESIGN ,314,2750,4457.5
0,85099F,JUMBO BAG STRAWBERRY,169,2292,4429.61
0,22083,PAPER CHAIN KIT RETROSPOT,170,1565,4392.75
0,23203,JUMBO BAG VINTAGE DOILY ,196,2180,4360.400000000001
0,22969,HOMEMADE JAM SCENTED CANDLES,212,2997,4326.45
0,84947,ANTIQUE SILVER TEA GLASS ENGRAVED,123,3825,4287.4400000000005
0,22077,6 RIBBONS RUSTIC CHARM,234,2410,4266.299999999999
0,22835,HOT WATER BOTTLE I AM SO POORLY,186,894,4265.1
0,22384,LUNCH BAG PINK POLKADOT,297,2588,4230.2
0,21931,JUMBO STORAGE BAG SUKI,199,2152,4215.83
0,85099C,JUMBO  BAG BAROQUE BLACK WHITE,183,2183,4213.77
0,20914,SET/5 RED RETROSPOT LID GLASS BOWLS,222,1477,4161.95
0,22084,PAPER CHAIN KIT EMPIRE,134,1496,4153.2
0,21175,GIN + TONIC DIET METAL SIGN,212,1670,4138.23
0,84347,ROTATING SILVER ANGELS T-LIGHT HLDR,114,1707,4136.849999999999
0,16014,SMALL CHINESE STYLE SCISSOR,21,12753,4096.26
0,22847,BREAD BIN DINER STYLE IVORY,130,256,4061.2
0,85152,HAND OVER THE CHOCOLATE   SIGN ,189,1992,4035.6000000000004
0,21733,RED HANGING HEART T-LIGHT HOLDER,220,1405,4003.9500000000003
0,22492,MINI PAINT SET VINTAGE ,128,6217,3983.4500000000003
0,21755,LOVE BUILDING BLOCK WORD,201,663,3980.55
0,22697,GREEN REGENCY TEACUP AND SAUCER,214,1385,3941.7500000000005
0,21212,PACK OF 72 RETROSPOT CAKE CASES,358,7496,3932.4800000000005
0,48187,DOORMAT NEW ENGLAND,180,519,3915.15
0,22090,PAPER BUNTING RETROSPOT,161,1381,3913.9500000000003
0,23582,VINTAGE DOILY JUMBO BAG RED ,70,2070,3870.6000000000004
0,22624,IVORY KITCHEN SCALES,183,468,3870.05
0,22617,BAKING SET SPACEBOY DESIGN,168,812,3851.4
0,23206,LUNCH BAG APPLE DESIGN,245,2344,3847.6
0,20750,RED RETROSPOT MINI CASES,138,520,3802.7999999999997
0,22113,GREY HEART HOT WATER BOTTLE,168,954,3798.5
0,20726,LUNCH BAG WOODLAND,271,2317,3783.05
0,23301,GARDENERS KNEELING PAD KEEP CALM ,267,2361,3780.4499999999994
0,84946,ANTIQUE SILVER T-LIGHT GLASS,189,3141,3775.77
0,84077,WORLD WAR 2 GLIDERS ASSTD DESIGNS,197,13577,3706.9299999999994
0,22499,WOODEN UNION JACK BUNTING,111,658,3699.1000000000004
0,22666,RECIPE BOX PANTRY YELLOW DESIGN,283,1266,3687.9000000000005
0,22197,POPCORN HOLDER,206,4643,3687.85
0,22734,SET OF 6 RIBBONS VINTAGE CHRISTMAS,158,1283,3679.07
0,21929,JUMBO BAG PINK VINTAGE PAISLEY,179,1884,3670.96
0,20972,PINK CREAM FELT CRAFT TRINKET BOX ,214,3031,3649.67
0,22114,HOT WATER BOTTLE TEA AND SYMPATHY,179,888,3640.6
0,82484,WOOD BLACK BOARD ANT WHITE FINISH,160,488,3622.2000000000003
0,22693,GROW A FLYTRAP OR SUNFLOWER IN TIN,102,2928,3609.84
0,23173,REGENCY TEAPOT ROSES ,122,382,3606.5
0,15036,ASSORTED COLOURS SILK FAN,93,4848,3590.64
0,48194,DOORMAT HEARTS,176,466,3582.9
0,22633,HAND WARMER UNION JACK,177,1736,3573.6000000000004
0,23300,GARDENERS KNEELING PAD CUP OF TEA ,217,2279,3568.3499999999995
0,22193,RED DINER WALL CLOCK,130,440,3566.6000000000004
0,21485,RETROSPOT HEART HOT WATER BOTTLE,188,734,3532.5000000000005
0,22427,ENAMEL FLOWER JUG CREAM,176,604,3521.8
0,47590B,PINK HAPPY BIRTHDAY BUNTING,144,673,3507.8500000000004
0,23356,LOVE HOT WATER BOTTLE,152,621,3478.9500000000003
0,21843,RED RETROSPOT CAKE STAND,140,320,3473.9999999999995
0,20749,ASSORTED COLOUR MINI CASES,122,472,3430.8
0,22621,TRADITIONAL KNITTING NANCY,196,2170,3415.0999999999995
0,23078,ICE CREAM PEN LIP GLOSS ,88,2768,3409.6
0,22866,HAND WARMER SCOTTY DOG DESIGN,188,1631,3401.1000000000004
0,22726,ALARM CLOCK BAKELIKE GREEN,204,909,3390.75
0,21915,RED  HARMONICA IN BOX ,193,2780,3383.8
0,22568,FELTCRAFT CUSHION OWL,168,920,3376.56
0,84375,SET OF 20 KIDS COOKIE CUTTERS,152,1613,3351.3
0,23076,ICE CREAM SUNDAE LIP GLOSS,87,2712,3339.6
0,20685,DOORMAT RED RETROSPOT,168,434,3327.9
0,22629,SPACEBOY LUNCH BOX ,182,1737,3310.35
0,22053,EMPIRE DESIGN ROSETTE,7,3959,3269.1699999999996
0,22189,CREAM HEART CARD HOLDER,168,836,3261.88
0,82483,WOOD 2 DRAWER CABINET WHITE FINISH,174,487,3244.65
0,23200,JUMBO BAG PEARS,137,1657,3229.55
0,22607,WOODEN ROUNDERS GARDEN SET ,111,342,3223.1
0,21166,COOK WITH WINE METAL SIGN ,195,1573,3200.78
0,85048,15CM CHRISTMAS GLASS BALL 20 LIGHTS,101,420,3164.0
0,21731,RED TOADSTOOL LED NIGHT LIGHT,154,1917,3163.0499999999997
0,22728,ALARM CLOCK BAKELIKE PINK,191,851,3155.25
0,22698,PINK REGENCY TEACUP AND SAUCER,171,1108,3153.4
0,22558,CLOTHES PEGS RETROSPOT PACK 24 ,217,2040,3131.9199999999996
0,23320,GIANT 50'S CHRISTMAS CRACKER,135,1176,3112.52
0,23203,JUMBO BAG DOILEY PATTERNS,122,1588,3109.2400000000002
0,22625,RED KITCHEN SCALES,131,380,3107.6000000000004
0,22149,FELTCRAFT 6 FLOWER FRIENDS,205,1517,3105.7000000000003
0,35970,ZINC FOLKART SLEIGH BELLS,138,1880,3086.0
0,47590A,BLUE HAPPY BIRTHDAY BUNTING,137,579,3075.55
0,22867,HAND WARMER BIRD DESIGN,184,1456,3057.6000000000004
0,22722,SET OF 6 SPICE TINS PANTRY DESIGN,214,786,3056.7000000000003
0,21232,STRAWBERRY CERAMIC TRINKET BOX,181,2575,3041.86
0,22144,CHRISTMAS CRAFT LITTLE FRIENDS,179,1513,3029.8
0,23343,JUMBO BAG VINTAGE CHRISTMAS ,138,1464,2958.12
0,23240,SET OF 4 KNICK KNACK TINS DOILY ,137,716,2952.2000000000003
0,22467,GUMBALL COAT RACK,151,1227,2934.45
0,22749,FELTCRAFT PRINCESS CHARLOTTE DOLL,159,794,2921.34
0,22605,WOODEN CROQUET GARDEN SET,88,214,2911.1
0,22941,CHRISTMAS LIGHTS 10 REINDEER,100,347,2908.7
0,23103,JINGLE BELL HEART DECORATION,126,1762,2907.2999999999997
0,22993,SET OF 4 PANTRY JELLY MOULDS,250,2331,2900.07
0,23319,BOX OF 6 MINI 50'S CRACKERS,157,1213,2897.3700000000003
0,23322,LARGE WHITE HEART OF WICKER,207,995,2887.2500000000005
0,22630,DOLLY GIRL LUNCH BOX,180,1500,2886.6
0,22560,TRADITIONAL MODELLING CLAY,120,2455,2886.35
0,84978,HANGING HEART JAR T-LIGHT HOLDER,187,2393,2881.43
0,22662,LUNCH BAG DOLLY GIRL DESIGN,179,1790,2853.5
0,22551,PLASTERS IN TIN SPACEBOY,216,1729,2852.8499999999995
0,71477,COLOUR GLASS. STAR T-LIGHT HOLDER,90,905,2852.29
0,23493,VINTAGE DOILY TRAVEL SEWING KIT,153,1467,2800.65
0,22561,WOODEN SCHOOL COLOURING SET,141,1728,2793.5999999999995
0,84755,COLOUR GLASS T-LIGHT HOLDER HANGING,192,4349,2769.25
0,21928,JUMBO BAG SCANDINAVIAN BLUE PAISLEY,131,1406,2763.69
0,21524,DOORMAT SPOTTY HOME SWEET HOME,122,366,2748.6
0,23439,HAND WARMER RED LOVE HEART,152,1331,2747.1000000000004
0,21914,BLUE HARMONICA IN BOX ,174,2234,2746.9
0,21340,CLASSIC METAL BIRDCAGE PLANT HOLDER,94,241,2739.55
0,84029E,RED WOOLLY HOTTIE WHITE HEART.,121,693,2716.29
0,22791,T-LIGHT GLASS FLUTED ANTIQUE,110,2309,2703.85
0,23207,LUNCH BAG ALPHABET DESIGN,205,1642,2702.5
0,22750,FELTCRAFT PRINCESS LOLA DOLL,152,735,2700.09
0,23321,SMALL WHITE HEART OF WICKER,234,1645,2675.1299999999997
0,22554,PLASTERS IN TIN WOODLAND ANIMALS,214,1608,2653.2
0,22741,FUNKY DIVA PEN,62,3121,2652.85
0,23486,ANTIQUE HEART SHELF UNIT,37,189,2639.25
0,22622,BOX OF VINTAGE ALPHABET BLOCKS,78,243,2629.85
0,22158,3 HEARTS HANGING DECORATION RUSTIC,106,916,2625.4
0,23108,SET OF 10 LED DOLLY LIGHTS,135,438,2613.66
0,22752,SET 7 BABUSHKA NESTING BOXES,80,351,2608.5
0,22632,HAND WARMER RED RETROSPOT,127,1270,2595.0000000000005
0,20724,RED RETROSPOT CHARLOTTE BAG,188,3226,2565.3
0,21136,PAINTED METAL PEARS ASSORTED,135,1510,2551.9
0,23318,BOX OF 6 MINI VINTAGE CRACKERS,145,1057,2551.57
0,84997D,CHILDRENS CUTLERY POLKADOT PINK,110,628,2550.2000000000003
0,85014B,RED RETROSPOT UMBRELLA,93,460,2545.0
0,21790,VINTAGE SNAP CARDS,266,3006,2517.66
0,22759,SET OF 3 NOTEBOOKS IN PARCEL,157,1522,2492.0999999999995
0,22294,HEART FILIGREE DOVE  SMALL,95,1982,2477.5
0,23082,SET 6 PAPER TABLE LANTERN HEARTS ,111,666,2475.42
0,23008,DOLLY GIRL BABY GIFT SET,53,156,2464.2
0,22570,FELTCRAFT CUSHION RABBIT,129,666,2462.94
0,21791,VINTAGE HEADS AND TAILS CARD GAME ,180,2033,2459.17
0,23311,VINTAGE CHRISTMAS STOCKING ,127,962,2453.1
0,84380,SET OF 3 BUTTERFLY COOKIE CUTTERS,204,1896,2452.64
0,23461,SWEETHEART BIRD HOUSE,41,717,2448.55
0,23007, SPACEBOY BABY GIFT SET,54,154,2442.2999999999997
0,22826,LOVE SEAT ANTIQUE WHITE METAL,16,26,2430.0
0,22966,GINGERBREAD MAN COOKIE CUTTER,200,1932,2415.0
0,21523,DOORMAT FANCY FONT HOME SWEET HOME,104,320,2408.1
0,82486,WOOD S/3 CABINET ANT WHITE FINISH,109,275,2395.25
0,21326,AGED GLASS SILVER T-LIGHT HOLDER,102,3944,2389.6000000000004
0,84378,SET OF 3 HEART COOKIE CUTTERS,211,1820,2388.2
0,48184,DOORMAT ENGLISH ROSE ,130,310,2385.9
0,20712,JUMBO BAG WOODLAND ANIMALS,130,1200,2383.87
0,22553,PLASTERS IN TIN SKULLS,182,1452,2376.5999999999995
0,22766,PHOTO FRAME CORNICE,169,812,2376.2000000000003
0,22556,PLASTERS IN TIN CIRCUS PARADE ,168,1439,2374.3499999999995
0,22740,POLKADOT PEN,54,2788,2369.7999999999997
0,15056BL,EDWARDIAN PARASOL BLACK,57,428,2366.6000000000004
0,22776,SWEETHEART CAKESTAND 3 TIER,128,242,2361.5
0,22668,PINK BABY BUNTING,81,849,2344.5499999999997
0,21977,PACK OF 60 PINK PAISLEY CAKE CASES,221,4501,2335.15
0,22659,LUNCH BOX I LOVE LONDON,106,1199,2328.0499999999997
0,22846,BREAD BIN DINER STYLE RED ,86,146,2320.75
0,21930,JUMBO STORAGE BAG SKULLS,113,1174,2319.86
0,22328,ROUND SNACK BOXES SET OF 4 FRUITS ,136,779,2298.05
0,23243,SET OF TEA COFFEE SUGAR TINS PANTRY,134,468,2297.4
0,82486,3 DRAWER ANTIQUE WHITE WOOD CABINET,72,261,2278.35
0,22557,PLASTERS IN TIN VINTAGE PAISLEY ,204,1372,2263.7999999999997
0,22424,ENAMEL BREAD BIN CREAM,112,184,2259.6
0,21481,FAWN BLUE HOT WATER BOTTLE,126,687,2255.13
0,22634,CHILDS BREAKFAST SET SPACEBOY ,87,245,2249.25
0,21479,WHITE SKULL HOT WATER BOTTLE ,134,555,2245.25
0,23581,JUMBO BAG PAISLEY PARK,105,1119,2240.52
0,22940,FELTCRAFT CHRISTMAS FAIRY,99,540,2232.0
0,20971,PINK BLUE FELT CRAFT TRINKET BOX,163,1798,2217.86
0,23208,LUNCH BAG VINTAGE LEAF DESIGN,163,1355,2215.75
0,22655,VINTAGE RED KITCHEN CABINET,12,15,2215.0
0,21121,SET/10 RED POLKADOT PARTY CANDLES,115,1769,2211.25
0,22569,FELTCRAFT CUSHION BUTTERFLY,113,601,2210.55
0,22992,REVOLVER WOODEN RULER ,113,1128,2199.6
0,22952,60 CAKE CASES VINTAGE CHRISTMAS,172,4358,2194.1
0,20679,EDWARDIAN PARASOL RED,64,397,2182.15
0,84991,60 TEATIME FAIRY CAKE CASES,225,4209,2174.55
0,22827,RUSTIC  SEVENTEEN DRAWER SIDEBOARD,12,14,2150.0
0,22273,FELTCRAFT DOLL MOLLY,128,742,2145.7000000000003
0,84970S,HANGING HEART ZINC T-LIGHT HOLDER,156,2629,2143.93
0,23209,LUNCH BAG VINTAGE DOILY ,153,1309,2139.85
0,20713,JUMBO BAG OWLS,99,1114,2136.85
0,23209,LUNCH BAG DOILEY PATTERN ,121,1331,2136.15
0,22692,DOORMAT WELCOME TO OUR HOME,102,279,2135.25
0,82582,AREA PATROLLED METAL SIGN,121,1032,2131.2000000000003
0,21174,POTTERING IN THE SHED METAL SIGN,133,1028,2129.53
0,22385,JUMBO BAG SPACEBOY DESIGN,119,1068,2127.6
0,47591D,PINK FAIRY CAKE CHILDRENS APRON,156,1129,2119.95
0,21122,SET/10 PINK POLKADOT PARTY CANDLES,116,1695,2118.75
0,22418,10 COLOUR SPACEBOY PEN,116,2485,2112.25
0,84836,ZINC METAL HEART DECORATION,159,1689,2111.25
0,22768,FAMILY PHOTO FRAME CORNICE,113,212,2109.3999999999996
0,23169,CLASSIC GLASS COOKIE JAR,129,518,2108.9
0,22909,SET OF 20 VINTAGE CHRISTMAS NAPKINS,175,2592,2103.3599999999997
0,84970L,SINGLE HEART ZINC T-LIGHT HOLDER,140,2082,2095.62
0,72741,GRAND CHOCOLATECANDLE,85,1523,2093.15
0,82600,NO SINGING METAL SIGN,129,1010,2079.0000000000005
0,22488,NATURAL SLATE RECTANGLE CHALKBOARD,118,1319,2070.75
0,23215,JINGLE BELL HEART ANTIQUE SILVER,96,1006,2064.64
0,22619,SET OF 6 SOLDIER SKITTLES,121,549,2058.75
0,23256,CHILDRENS CUTLERY SPACEBOY ,113,494,2050.1000000000004
0,37449,CERAMIC CAKE STAND + HANGING CAKES,67,224,2049.0
0,21891,TRADITIONAL WOODEN SKIPPING ROPE,148,1464,2038.3999999999999
0,22767,TRIPLE PHOTO FRAME CORNICE ,93,207,2036.4499999999998
0,22150,3 STRIPEY MICE FELTCRAFT,169,1047,2014.05
0,21889,WOODEN BOX OF DOMINOES,170,1610,2012.5
0,22652,TRAVEL SEWING KIT,155,1219,2011.35
0,22989,SET 2 PANTRY DESIGN TEA TOWELS,121,636,2009.8
0,22147,FELTCRAFT BUTTERFLY HEARTS,161,1407,2005.7499999999998
0,22192,BLUE DINER WALL CLOCK,91,243,2004.3000000000002
0,85014A,BLACK/BLUE POLKADOT UMBRELLA,81,361,2003.95
0,23328,SET 6 SCHOOL MILK BOTTLES IN CRATE,120,547,1999.41
0,84078A,SET/4 WHITE RETRO STORAGE CUBES ,39,52,1997.4
0,22555,PLASTERS IN TIN STRONGMAN,162,1209,1994.8499999999997
0,71459,HANGING JAM JAR T-LIGHT HOLDER,100,2499,1989.99
0,22141,CHRISTMAS CRAFT TREE TOP ANGEL,134,977,1973.7000000000003
0,22456,NATURAL SLATE CHALKBOARD LARGE ,109,419,1973.2500000000002
0,22303,COFFEE MUG APPLES DESIGN,93,799,1973.1
0,21080,SET/20 RED RETROSPOT PAPER NAPKINS ,230,2349,1971.6899999999998
0,21559,STRAWBERRY LUNCH BOX WITH CUTLERY,134,793,1968.1499999999999
0,84997B,CHILDRENS CUTLERY RETROSPOT RED ,89,486,1961.7
0,21108,FAIRY CAKE FLANNEL ASSORTED COLOUR,85,1792,1961.28
0,22970,LONDON BUS COFFEE MUG,88,811,1957.35
0,22271,FELTCRAFT DOLL ROSIE,111,675,1948.0500000000002
0,23126,FELTCRAFT GIRL AMELIE KIT,99,395,1945.65
0,47566B,TEA TIME PARTY BUNTING,90,395,1944.75
0,21314,SMALL GLASS HEART TRINKET POT,144,936,1941.6000000000001
0,22771,CLEAR DRAWER KNOB ACRYLIC EDWARDIAN,98,1571,1927.27
0,21908,CHOCOLATE THIS WAY METAL SIGN,137,916,1911.6000000000001
0,23080,RED METAL BOX TOP SECRET,80,233,1910.25
0,22296,HEART IVORY TRELLIS LARGE,113,1157,1909.0499999999997
0,22635,CHILDS BREAKFAST SET DOLLY GIRL ,70,202,1905.5
0,22620,4 TRADITIONAL SPINNING TOPS,141,1338,1900.4999999999998
0,20969,RED FLORAL FELTCRAFT SHOULDER BAG,99,518,1899.3
0,22840,ROUND CAKE TIN VINTAGE RED,91,249,1895.5500000000002
0,22429,ENAMEL MEASURING JUG CREAM,137,452,1891.0
0,21380,WOODEN HAPPY BIRTHDAY GARLAND,82,667,1890.8500000000001
0,22795,SWEETHEART RECIPE BOOK STAND,104,282,1890.2
0,23109,PACK OF SIX LED TEA LIGHTS,79,652,1884.28
0,23083,SET 6 PAPER TABLE LANTERN STARS ,77,508,1882.92
0,21936,RED RETROSPOT PICNIC BAG,115,645,1882.75
0,82583,HOT BATHS METAL SIGN,131,893,1869.6000000000001
0,22191,IVORY DINER WALL CLOCK,113,221,1868.3
0,84945,MULTI COLOUR SILVER T-LIGHT HOLDER,111,2248,1860.8799999999999
0,84997C,CHILDRENS CUTLERY POLKADOT BLUE,81,459,1849.25
0,22171,3 HOOK PHOTO SHELF ANTIQUE WHITE,102,221,1847.9
0,21213,PACK OF 72 SKULL CAKE CASES,173,3596,1846.7600000000002
0,22796,PHOTO FRAME 3 CLASSIC HANGING,99,185,1846.55
0,22505,MEMO BOARD COTTAGE DESIGN,111,379,1842.45
0,22507,MEMO BOARD RETROSPOT  DESIGN,140,372,1841.4
0,21231,SWEETHEART CERAMIC TRINKET BOX,132,1513,1836.53
0,22367,CHILDRENS APRON SPACEBOY DESIGN,175,952,1834.8
0,85049A,TRADITIONAL CHRISTMAS RIBBONS,118,1533,1834.17
0,84029G,KNITTED UNION FLAG HOT WATER BOTTLE,99,462,1828.5
0,23174,REGENCY SUGAR BOWL GREEN,91,447,1816.65
0,23170,REGENCY TEA PLATE ROSES ,98,1111,1804.3499999999997
0,23503,PLAYING CARDS KEEP CALM & CARRY ON,133,1460,1804.0
0,22142,CHRISTMAS CRAFT WHITE FAIRY ,133,1286,1801.5
0,23310,BUBBLEGUM RING ASSORTED,87,4321,1793.22
0,22804,CANDLEHOLDER PINK HANGING HEART,110,616,1791.6000000000001
0,23247,BISCUIT TIN 50'S CHRISTMAS,119,623,1786.07
0,22690,DOORMAT HOME SWEET HOME BLUE ,94,232,1782.3
0,22730,ALARM CLOCK BAKELIKE IVORY,119,479,1778.25
0,22950,36 DOILIES VINTAGE CHRISTMAS,70,1285,1776.85
0,22487,WHITE WOOD GARDEN PLANT LADDER,121,183,1764.3
0,20970,PINK FLORAL FELTCRAFT SHOULDER BAG,94,477,1754.19
0,48188,DOORMAT WELCOME PUPPIES,84,230,1753.2
0,22170,PICTURE FRAME WOOD TRIPLE PORTRAIT,86,262,1739.7
0,22751,FELTCRAFT PRINCESS OLIVIA DOLL,98,473,1734.87
0,22169,FAMILY ALBUM WHITE PICTURE FRAME,91,206,1723.8
0,21217,RED RETROSPOT ROUND CAKE TINS,88,174,1719.3
0,23238,SET OF 4 KNICK KNACK TINS LONDON ,66,423,1717.0500000000002
0,21533,RETROSPOT LARGE MILK JUG,112,356,1712.5
0,23552,BICYCLE PUNCTURE REPAIR KIT ,37,898,1710.5600000000002
0,21888,BINGO SET,109,452,1695.0
0,84988,SET OF 72 PINK HEART PAPER DOILIES,95,1224,1693.1999999999998
0,22784,LANTERN CREAM GAZEBO ,106,352,1692.7
0,22087,PAPER BUNTING WHITE LACE,75,590,1692.5000000000002
0,23254,CHILDRENS CUTLERY DOLLY GIRL ,95,407,1689.0500000000002
0,23307,SET OF 60 PANTRY DESIGN CAKE CASES ,186,3148,1684.6000000000001
0,21907,I'M ON HOLIDAY METAL SIGN,125,801,1682.1000000000001
0,21169,YOU'RE CONFUSING ME METAL SIGN ,114,1014,1673.3400000000001
0,23263,SET OF 3 WOODEN HEART DECORATIONS,155,1346,1662.34
0,22485,SET OF 2 WOODEN MARKET CRATES,58,130,1657.5
0,21833,CAMOUFLAGE LED TORCH,51,1016,1652.24
0,21912,VINTAGE SNAKES & LADDERS,105,444,1652.04
0,23497,CLASSIC CHROME BICYCLE BELL ,64,1181,1649.85
0,22584,PACK OF 6 PANNETONE GIFT BOXES,57,670,1643.7
0,23340,VINTAGE CHRISTMAS CAKE FRILL,56,1053,1641.4499999999998
0,21381,MINI WOODEN HAPPY BIRTHDAY GARLAND,48,1053,1641.33
0,22302,COFFEE MUG PEARS  DESIGN,73,673,1635.1499999999999
0,22895,SET OF 2 TEA TOWELS APPLE AND PEARS,75,549,1631.55
0,21975,PACK OF 60 DINOSAUR CAKE CASES,177,3129,1627.3500000000001
0,21669,BLUE STRIPE CERAMIC DRAWER KNOB,91,1243,1621.71
0,23312,VINTAGE CHRISTMAS GIFT SACK,75,390,1618.5000000000002
0,22504,CABIN BAG VINTAGE RETROSPOT,11,79,1618.4499999999998
0,21210,SET OF 72 RETROSPOT PAPER  DOILIES,110,1140,1614.6
0,17003,BROCADE RING PURSE ,79,5760,1614.44
0,22627,MINT KITCHEN SCALES,91,193,1609.9
0,23480,MINI LIGHTS WOODLAND MUSHROOMS,61,440,1605.8400000000001
0,23085,ANTIQUE SILVER BAUBLE LAMP  ,35,173,1594.95
0,23296,SET OF 6 TEA TIME BAKING CASES,119,1360,1592.48
0,23234,BISCUIT TIN VINTAGE CHRISTMAS,102,556,1592.44
0,48185,DOORMAT FAIRY CAKE,73,206,1584.9
0,21609,SET 12 LAVENDER  BOTANICAL T-LIGHTS,36,591,1570.65
0,22809,SET OF 6 T-LIGHTS SANTA,76,547,1570.4500000000003
0,23127,FELTCRAFT GIRL NICOLE KIT,71,319,1569.45
0,22355,CHARLOTTE BAG SUKI DESIGN,167,1902,1565.09
0,22464,HANGING METAL HEART LANTERN,100,967,1564.3099999999997
0,23569,TRADTIONAL ALPHABET STAMP SET,66,316,1564.2
0,21535,RED RETROSPOT SMALL MILK JUG,124,621,1561.9499999999998
0,22800,ANTIQUE TALL SWIRLGLASS TRINKET POT,67,431,1558.65
0,84949,SILVER HANGING T-LIGHT HOLDER,99,960,1557.3999999999999
0,21155,RED RETROSPOT PEG BAG,95,638,1551.75
0,22971,QUEENS GUARD COFFEE MUG,81,633,1551.6
0,23240,SET OF 4 KNICK KNACK TINS DOILEY ,54,375,1537.0500000000002
0,22900,SET 2 TEA TOWELS I LOVE LONDON ,64,472,1534.0
0,85150,LADIES & GENTLEMEN METAL SIGN,104,618,1532.6999999999998
0,23349,ROLL WRAP VINTAGE CHRISTMAS,109,1251,1530.99
0,23351,ROLL WRAP 50'S CHRISTMAS,126,1235,1526.11
0,21124,SET/10 BLUE POLKADOT PARTY CANDLES,90,1217,1521.25
0,22065,CHRISTMAS PUDDING TRINKET POT ,74,3447,1517.11
0,22295,HEART FILIGREE DOVE LARGE,85,916,1511.3999999999999
0,21756,BATH BUILDING BLOCK WORD,86,251,1511.15
0,20719,WOODLAND CHARLOTTE BAG,131,1868,1511.1
0,21892,TRADITIONAL WOODEN CATCH CUP GAME ,121,1229,1508.89
0,21164,HOME SWEET HOME METAL SIGN ,89,521,1508.15
0,23571,TRADITIONAL NAUGHTS & CROSSES,91,929,1504.0499999999997
0,22297,HEART IVORY TRELLIS SMALL,78,1202,1502.5
0,23397,FOOT STOOL HOME SWEET HOME ,79,156,1494.6
0,20718,RED RETROSPOT SHOPPER BAG,124,1210,1493.5
0,22580,ADVENT CALENDAR GINGHAM SACK,57,255,1493.45
0,23293,SET OF 12 FAIRY CAKE BAKING CASES,182,1831,1491.57
0,84992,72 SWEETHEART FAIRY CAKE CASES,167,2909,1490.75
0,22636,CHILDS BREAKFAST SET CIRCUS PARADE,72,181,1489.2
0,22964,3 PIECE SPACEBOY COOKIE CUTTER SET,119,709,1488.9
0,23171,REGENCY TEA PLATE GREEN ,81,914,1488.8999999999999
0,23229,VINTAGE DONKEY TAIL GAME ,81,397,1488.75
0,21668,RED STRIPE CERAMIC DRAWER KNOB,90,1132,1488.6
0,23198,PANTRY MAGNETIC  SHOPPING LIST,139,1061,1485.6499999999999
0,23175,REGENCY MILK JUG PINK ,97,470,1479.5
0,22489,PACK OF 12 TRADITIONAL CRAYONS,125,3744,1477.44
0,22549,PICTURE DOMINOES,94,1038,1476.3
0,23494,VINTAGE DOILY DELUXE SEWING KIT ,76,248,1475.6000000000001
0,23314,VINTAGE CHRISTMAS TABLECLOTH,45,118,1475.0
0,22082,RIBBON REEL STRIPES DESIGN ,135,890,1468.5
0,23010,CIRCUS PARADE BABY GIFT SET,37,93,1468.35
0,21922,UNION STRIPE WITH FRINGE  HAMMOCK,59,192,1466.4
0,23382,BOX OF 6 CHRISTMAS CAKE DECORATIONS,65,408,1463.76
0,23091,ZINC HERB GARDEN CONTAINER,85,237,1460.61
0,21770,OPEN CLOSED METAL SIGN,127,295,1460.25
0,21216,"SET 3 RETROSPOT TEA,COFFEE,SUGAR",68,304,1452.3
0,23332,IVORY WICKER HEART LARGE,122,876,1445.3999999999999
0,23012,GLASS APOTHECARY BOTTLE PERFUME,87,387,1444.65
0,22978,PANTRY ROLLING PIN,80,387,1442.61
0,22649,STRAWBERRY FAIRY CAKE TEAPOT,63,301,1442.3500000000001
0,21484,CHICK GREY HOT WATER BOTTLE,95,363,1440.75
0,22567,20 DOLLY PEGS RETROSPOT,69,1114,1436.7
0,22585,PACK OF 6 BIRDY GIFT TAGS,110,1149,1436.25
0,22173,METAL 4 HOOK HANGER FRENCH CHATEAU,102,475,1425.17
0,22942,CHRISTMAS LIGHTS 10 SANTAS ,51,189,1424.0500000000002
0,22907,PACK OF 20 NAPKINS PANTRY DESIGN,196,1688,1422.32
0,23048,SET OF 10 LANTERNS FAIRY LIGHT STAR,36,362,1422.3000000000002
0,21498,RED RETROSPOT WRAP ,133,3375,1417.5
0,22729,ALARM CLOCK BAKELIKE ORANGE,95,378,1417.5
0,71053,WHITE METAL LANTERN,81,385,1417.1100000000001
0,21623,VINTAGE UNION JACK MEMOBOARD,68,142,1412.8999999999999
0,22274,FELTCRAFT DOLL EMILY,93,485,1406.7500000000002
0,22352,LUNCH BOX WITH CUTLERY RETROSPOT ,96,572,1404.6
0,23052,RECYCLED ACAPULCO MAT TURQUOISE,72,170,1402.5
0,21671,RED SPOT CERAMIC DRAWER KNOB,81,1068,1396.3999999999999
0,22595,GINGHAM HEART DECORATION,119,1638,1392.3
0,21156,RETROSPOT CHILDRENS APRON,100,744,1390.8
0,20975,12 PENCILS SMALL TUBE RED RETROSPOT,118,2134,1387.1000000000001
0,22476,EMPIRE UNION JACK TV DINNER TRAY,29,646,1385.7
0,22626,BLACK KITCHEN SCALES,53,170,1383.8000000000002
0,22721,SET OF 3 CAKE TINS SKETCHBOOK,79,319,1382.8500000000001
0,84030E,ENGLISH ROSE HOT WATER BOTTLE,92,333,1379.25
0,23485,BOTANICAL GARDENS WALL CLOCK ,43,60,1378.2
0,22669,RED BABY BUNTING ,74,473,1375.35
0,23092,LARGE ANTIQUE WHITE PHOTO FRAME,58,181,1369.9
0,22988,SOLDIERS EGG CUP ,90,1093,1366.25
0,22991,GIRAFFE WOODEN RULER,90,700,1365.0
0,22606,WOODEN SKITTLES GARDEN SET,51,90,1364.7
0,22834,HAND WARMER BABUSHKA DESIGN,98,803,1362.3000000000002
0,23154,SET OF 4 JAM JAR MAGNETS,79,650,1352.0
0,21746,SMALL RED RETROSPOT WINDMILL,70,1125,1351.53
0,22301,COFFEE MUG CAT + BIRD DESIGN,88,541,1347.1499999999999
0,22979,PANTRY WASHING UP BRUSH,122,927,1344.1499999999999
0,22844,VINTAGE CREAM DOG FOOD CONTAINER,85,159,1341.3
0,21932,SCANDINAVIAN PAISLEY PICNIC BAG,118,760,1337.2
0,22900, SET 2 TEA TOWELS I LOVE LONDON ,58,448,1337.0
0,22947,WOODEN ADVENT CALENDAR RED,28,142,1335.9
0,21430,SET/3 RED GINGHAM ROSE STORAGE BOX,110,352,1335.36
0,22333,RETROSPOT PARTY BAG + STICKER SET,83,826,1334.1
0,23192,BUNDLE OF 3 ALPHABET EXERCISE BOOKS,111,813,1331.85
0,22041,"RECORD FRAME 7"" SINGLE SIZE ",36,584,1316.4
0,23295,SET OF 12 MINI LOAF BAKING CASES,137,1661,1308.23
0,22694,WICKER STAR ,126,622,1306.2
0,22938,CUPCAKE LACE PAPER SET 6,72,676,1303.8
0,23184,BULL DOG BOTTLE OPENER,67,280,1299.6000000000001
0,23501,KEY RING BASEBALL BOOT UNION JACK,40,1088,1297.0
0,22725,ALARM CLOCK BAKELIKE CHOCOLATE,104,345,1293.75
0,21933,PINK VINTAGE PAISLEY PICNIC BAG,100,732,1293.6
0,23323,WHITE WICKER STAR ,126,615,1291.5000000000002
0,22623,BOX OF VINTAGE JIGSAW BLOCKS ,83,225,1289.75
0,22120,WELCOME  WOODEN BLOCK LETTERS,53,131,1286.05
0,22379,RECYCLING BAG RETROSPOT ,89,616,1281.1
0,22197,SMALL POPCORN HOLDER,104,1550,1278.5
0,23129,HEART SHAPED HOLLY WREATH,69,308,1278.2
0,23583,LUNCH BAG PAISLEY PARK  ,107,770,1270.5
0,84997A,CHILDRENS CUTLERY POLKADOT GREEN ,63,312,1269.6000000000001
0,23353,6 GIFT TAGS VINTAGE CHRISTMAS ,118,1529,1269.07
0,23393,HOME SWEET HOME CUSHION COVER ,89,337,1263.75
0,22646,CERAMIC STRAWBERRY CAKE MONEY BANK,96,1019,1262.81
0,21390,FILIGRIS HEART WITH BUTTERFLY,55,1009,1261.25
0,22898,CHILDRENS APRON APPLES DESIGN,107,641,1249.95
0,22493,PAINT YOUR OWN CANVAS SET,73,756,1237.8
0,23210,WHITE ROCKING HORSE HAND PAINTED,60,990,1237.5
0,23350,ROLL WRAP VINTAGE SPOT ,102,990,1237.5
0,15056P,EDWARDIAN PARASOL PINK,39,228,1236.6000000000001
0,20723,STRAWBERRY CHARLOTTE BAG,127,1515,1236.27
0,22813,PACK 3 BOXES BIRD PANNETONE ,63,633,1234.35
0,23118,PARISIENNE JEWELLERY DRAWER ,89,164,1230.0
0,22663,JUMBO BAG DOLLY GIRL DESIGN,83,600,1228.24
0,21094,SET/6 RED SPOTTY PAPER PLATES,104,1443,1226.55
0,23297,SET 40 HEART SHAPE PETIT FOUR CASES,54,760,1225.1999999999998
0,22926,IVORY GIANT GARDEN THERMOMETER,73,211,1219.45
0,22151,PLACE SETTING WHITE HEART,100,2957,1216.02
0,21165,BEWARE OF THE CAT METAL SIGN ,106,725,1213.73
0,23204,CHARLOTTE BAG APPLES DESIGN,109,1471,1211.61
0,21673,WHITE SPOT BLUE CERAMIC DRAWER KNOB,80,914,1208.8999999999999
0,23157,SET OF 6 NATIVITY MAGNETS ,53,581,1208.48
0,23354,6 GIFT TAGS 50'S CHRISTMAS ,122,1454,1206.82
0,22596,CHRISTMAS STAR WISH LIST CHALKBOARD,99,1134,1205.08
0,21672,WHITE SPOT RED CERAMIC DRAWER KNOB,70,912,1202.2
0,23241,TREASURE TIN GYMKHANA DESIGN,104,577,1200.16
0,22631,CIRCUS PARADE LUNCH BOX ,67,624,1197.6
0,23237,SET OF 4 KNICK KNACK TINS LEAF,53,292,1192.6000000000001
0,23191,BUNDLE OF 3 RETRO NOTE BOOKS,90,728,1191.6
0,23013,GLASS APOTHECARY BOTTLE TONIC,81,316,1188.2
0,22501,PICNIC BASKET WICKER LARGE,67,120,1187.05
0,23172,REGENCY TEA PLATE PINK,66,729,1183.6499999999999
0,22904,CALENDAR PAPER CUT DESIGN,79,401,1182.95
0,21918,SET 12 KIDS COLOUR  CHALK STICKS,102,2974,1179.96
0,22667,RECIPE BOX RETROSPOT ,112,402,1178.3000000000002
0,21035,SET/2 RED RETROSPOT TEA TOWELS ,64,381,1174.15
0,23165,LARGE CERAMIC TOP STORAGE JAR,85,717,1168.6499999999999
0,22356,CHARLOTTE BAG PINK POLKADOT,126,1419,1164.03
0,22855,FINE WICKER HEART ,66,989,1163.29
0,23014,GLASS APOTHECARY BOTTLE ELIXIR,72,311,1157.45
0,22460,EMBOSSED GLASS TEALIGHT HOLDER,65,984,1157.04
0,20682,RED RETROSPOT CHILDRENS UMBRELLA,66,365,1156.25
0,23188,VINTAGE  2 METER FOLDING RULER,60,699,1153.35
0,20974,12 PENCILS SMALL TUBE SKULL,124,1772,1151.8000000000002
0,22417,PACK OF 60 SPACEBOY CAKE CASES,140,2094,1151.7
0,23342,MINT DINER WALL CLOCK,52,140,1149.2
0,22951,60 CAKE CASES DOLLY GIRL DESIGN,131,2146,1149.1000000000001
0,22957,SET 3 PAPER VINTAGE CHICK PAPER EGG,69,389,1147.5500000000002
0,21539,RED RETROSPOT BUTTER DISH,70,234,1142.9
0,23498,CLASSIC BICYCLE CLIPS ,28,816,1139.7999999999997
0,22968,ROSE COTTAGE KEEPSAKE BOX ,53,118,1139.3
0,22980,PANTRY SCRUBBING BRUSH,96,690,1138.4999999999998
0,21670,BLUE SPOT CERAMIC DRAWER KNOB,75,879,1138.15
0,20979,36 PENCILS TUBE RED RETROSPOT,91,908,1135.0
0,21745,GAOLERS KEYS DECORATIVE GARDEN ,78,308,1134.84
0,22179,SET 10 LIGHTS NIGHT OWL,18,182,1132.5
0,22665,RECIPE BOX BLUE SKETCHBOOK DESIGN,86,403,1132.45
0,22899,CHILDREN'S APRON DOLLY GIRL ,95,544,1129.9
0,22854,CREAM SWEETHEART EGG HOLDER,57,235,1129.65
0,23299,FOOD COVER WITH BEADS SET 2 ,49,306,1129.5
0,23144,ZINC T-LIGHT HOLDER STARS SMALL,88,1378,1127.8999999999999
0,20711,JUMBO BAG TOYS ,57,591,1126.77
0,21172,PARTY METAL SIGN ,110,776,1125.1999999999998
0,22810,SET OF 6 T-LIGHTS SNOWMEN,62,387,1122.45
0,21135,VICTORIAN  METAL POSTCARD SPRING,66,664,1122.16
0,22782,SET 3 WICKER STORAGE BASKETS ,28,56,1121.2
0,21558,SKULL LUNCH BOX WITH CUTLERY ,83,450,1120.5
0,22148,EASTER CRAFT 4 CHICKS ,76,570,1111.5
0,22128,PARTY CONES CANDY ASSORTED,35,960,1108.8
0,22502,PICNIC BASKET WICKER SMALL,63,195,1108.3000000000002
0,22061,LARGE CAKE STAND  HANGING STRAWBERY,51,130,1108.1
0,23162,REGENCY TEA STRAINER,44,307,1107.0900000000001
0,21937,STRAWBERRY   PICNIC BAG,64,381,1103.95
0,22491,PACK OF 12 COLOURED PENCILS,69,1408,1103.1999999999998
0,22195,LARGE HEART MEASURING SPOONS,79,676,1099.3999999999999
0,21625,VINTAGE UNION JACK APRON,54,158,1098.1000000000001
0,22738,RIBBON REEL SNOWY VILLAGE,67,680,1098.0
0,23329,DECORATIVE WICKER HEART LARGE,89,660,1088.9999999999998
0,22508,DOORSTOP RETROSPOT HEART,91,290,1081.74
0,84987,SET OF 36 TEATIME PAPER DOILIES,97,745,1080.25
0,84406B,CREAM CUPID HEARTS COAT HANGER,68,275,1078.15
0,23211,RED ROCKING HORSE HAND PAINTED,43,885,1076.01
0,23130,MISTLETOE HEART WREATH GREEN,72,259,1074.8500000000001
0,21810,CHRISTMAS HANGING STAR WITH BELL,79,2577,1072.11
0,85049E,SCANDINAVIAN REDS RIBBONS,124,856,1070.0
0,23050,RECYCLED ACAPULCO MAT GREEN,50,131,1064.75
0,22812,PACK 3 BOXES CHRISTMAS PANNETONE,42,575,1063.6499999999999
0,22838,3 TIER CAKE TIN RED AND CREAM,48,72,1058.8
0,20676,RED RETROSPOT BOWL,84,868,1057.64
0,22841,ROUND CAKE TIN VINTAGE GREEN,79,133,1057.3500000000001
0,23306,SET OF 36 DOILIES PANTRY DESIGN,72,728,1055.6
0,22723,SET OF 6 HERB TINS SKETCHBOOK,62,314,1053.4
0,47567B,TEA TIME KITCHEN APRON,55,177,1053.15
0,23133,LARGE IVORY HEART WALL ORGANISER,50,131,1051.95
0,22998,TRAVEL CARD WALLET KEEP CALM,122,2572,1051.44
0,16161P,WRAP ENGLISH ROSE ,91,2526,1048.92
0,21497,FANCY FONTS BIRTHDAY WRAP,89,2525,1048.5
0,23341,PINK DINER WALL CLOCK,35,129,1045.5
0,21955,DOORMAT UNION JACK GUNS AND ROSES,53,138,1044.6
0,21890,S/6 WOODEN SKITTLES IN COTTON BAG,60,326,1044.2
0,21098,CHRISTMAS TOILET ROLL,65,914,1039.8999999999999
0,22577,WOODEN HEART CHRISTMAS SCANDINAVIAN,161,3348,1033.6399999999999
0,48111,DOORMAT 3 SMILEY CATS,51,136,1033.2
0,22637,PIGGY BANK RETROSPOT ,105,409,1028.1
0,23111,PARISIENNE SEWING BOX,55,86,1024.6
0,21242,RED RETROSPOT PLATE ,66,605,1022.4499999999999
0,22745,POPPY'S PLAYHOUSE BEDROOM ,101,501,1022.1
0,22748,POPPY'S PLAYHOUSE KITCHEN,104,501,1022.1
0,22187,GREEN CHRISTMAS TREE CARD HOLDER,59,492,1010.0
0,22967,SET 3 SONG BIRD PAPER EGGS ASSORTED,58,342,1008.9000000000001
0,21385,IVORY HANGING DECORATION  HEART,79,1184,1006.4
0,22644,CERAMIC CHERRY CAKE MONEY BANK,72,816,1004.5
0,23100,SILVER BELLS TABLE DECORATION,93,802,1002.5
0,22468,BABUSHKA LIGHTS STRING OF 10,28,157,1002.1500000000001
0,22371,AIRLINE BAG VINTAGE TOKYO 78,70,243,998.5500000000001
0,21499,BLUE POLKADOT WRAP,97,2375,997.5
0,22956,36 FOIL HEART CAKE CASES,66,517,997.0900000000001
0,21877,HOME SWEET HOME MUG,79,725,995.05
0,23110,PARISIENNE KEY CABINET ,85,175,993.45
0,22534,MAGIC DRAWING SLATE SPACEBOY ,95,2475,993.42
0,84212,"ASSORTED FLOWER COLOUR ""LEIS""",24,2035,991.55
0,22927,GREEN GIANT GARDEN THERMOMETER,51,178,987.1
0,23132,SMALL IVORY HEART WALL ORGANISER,57,175,987.05
0,21500,PINK POLKADOT WRAP ,94,2350,987.0
0,22654,DELUXE SEWING KIT ,67,165,981.7500000000001
0,21411,GINGHAM HEART  DOORSTOP RED,78,276,977.5
0,23266,SET OF 3 WOODEN STOCKING DECORATION,114,782,977.5
0,23395,BELLE JARDINIERE CUSHION COVER,73,260,975.0
0,21588,RETROSPOT GIANT TUBE MATCHES,61,390,972.9
0,23089,GLASS BON BON JAR,55,551,972.7499999999999
0,22656,VINTAGE BLUE KITCHEN CABINET,10,7,970.0
0,23190,BUNDLE OF 3 SCHOOL EXERCISE BOOKS  ,62,591,965.5499999999998
0,22779,WOODEN OWLS LIGHT GARLAND ,35,238,963.5
0,21260,FIRST AID TIN,45,318,961.5
0,23230,WRAP ALPHABET DESIGN,84,2325,960.5
0,22089,PAPER BUNTING VINTAGE PAISLEY,58,331,960.4500000000002
0,22906,12 MESSAGE CARDS WITH ENVELOPES,79,588,958.1999999999999
0,22215,CAKE STAND WHITE TWO TIER LACE,48,138,957.45
0,23407,SET OF 2 TRAYS HOME SWEET HOME,52,98,955.1999999999999
0,84946,ANTIQUE SILVER TEA GLASS ETCHED,48,795,952.71
0,46000S,POLYESTER FILLER PAD 40x40cm,68,657,952.65
0,21935,SUKI  SHOULDER BAG,61,577,952.05
0,23094,LE GRAND TRAY CHIC SET,35,76,950.0
0,22824,3 TIER SWEETHEART GARDEN SHELF,22,27,946.6500000000001
0,22300,COFFEE MUG DOG + BALL DESIGN,65,370,943.4999999999999
0,22848,BREAD BIN DINER STYLE PINK,38,59,937.0999999999999
0,22381,TOY TIDY PINK POLKADOT,65,458,936.8
0,84832,ZINC WILLIE WINKIE  CANDLE STICK,86,1102,936.6999999999999
0,23489,VINTAGE BELLS GARLAND,63,324,936.36
0,22943,CHRISTMAS LIGHTS 10 VINTAGE BAUBLES,54,189,936.2500000000001
0,85053,FRENCH ENAMEL CANDLEHOLDER,79,455,935.82
0,23159,SET OF 5 PANCAKE DAY MAGNETS,57,449,933.9200000000001
0,22430,ENAMEL WATERING CAN CREAM,67,190,929.3000000000001
0,21974,SET OF 36 PAISLEY FLOWER DOILIES,81,640,927.9999999999999
0,22550,HOLIDAY FUN LUDO,61,247,926.25
0,72760B,VINTAGE CREAM 3 BASKET CAKE STAND,45,93,925.3499999999999
0,23427,STOOL HOME SWEET HOME ,44,78,924.6
0,22121,NOEL WOODEN BLOCK LETTERS ,51,161,920.45
0,22849,BREAD BIN DINER STYLE MINT,39,57,920.15
0,23196,VINTAGE LEAF MAGNETIC NOTEPAD,74,653,918.05
0,22465,HANGING METAL STAR LANTERN,64,580,916.4399999999999
0,48129,DOORMAT TOPIARY,60,120,915.9
0,21154,RED RETROSPOT OVEN GLOVE ,74,762,914.5
0,84568,GIRLS ALPHABET IRON ON PATCHES ,9,4896,912.96
0,23264,SET OF 3 WOODEN SLEIGH DECORATIONS,99,728,910.0
0,22212,FOUR HOOK  WHITE LOVEBIRDS,79,433,909.3000000000001
0,23333,IVORY WICKER HEART MEDIUM,85,725,906.25
0,85062,PEARL CRYSTAL PUMPKIN T-LIGHT HLDR,52,556,898.1999999999999
0,22222,CAKE PLATE LOVEBIRD WHITE,43,251,895.65
0,21531,RED RETROSPOT SUGAR JAM BOWL,75,366,895.5
0,21086,SET/6 RED SPOTTY PAPER CUPS,94,1377,895.0500000000001
0,23147,SINGLE ANTIQUE ROSE HOOK IVORY,78,617,894.65
0,22839,3 TIER CAKE TIN GREEN AND CREAM,45,61,894.3499999999999
0,23236,STORAGE TIN VINTAGE DOILY ,63,308,890.12
0,22563,HAPPY STENCIL CRAFT,79,712,890.0
0,22937,BAKING MOULD CHOCOLATE CUPCAKES,47,349,889.9499999999999
0,21716,BOYS VINTAGE TIN SEASIDE BUCKET,46,365,887.55
0,20983,12 PENCILS TALL TUBE RED RETROSPOT,114,1044,887.4
0,23436,VINTAGE CHRISTMAS GIFT BAG LARGE ,47,730,887.3
0,22366,DOORMAT AIRMAIL ,46,114,884.1
0,21704,BAG 250g SWIRLY MARBLES,62,1128,883.92
0,22739,RIBBON REEL CHRISTMAS SOCK BAUBLE,74,533,879.45
0,23009,I LOVE LONDON BABY GIFT SET,25,54,879.3
0,23214,JINGLE BELL HEART ANTIQUE GOLD,45,422,877.76
0,22578,WOODEN STAR CHRISTMAS SCANDINAVIAN,154,3040,876.56
0,22845,VINTAGE CREAM CAT FOOD CONTAINER,74,139,873.05
0,23265,SET OF 3 WOODEN TREE DECORATIONS,101,698,872.5
0,23166,MEDIUM CERAMIC TOP STORAGE JAR,67,722,872.26
0,84997B,RED 3 PIECE RETROSPOT CUTLERY SET,30,234,871.1800000000001
0,22689,DOORMAT MERRY CHRISTMAS RED ,42,109,870.75
0,22822,CREAM WALL PLANTER HEART SHAPED,59,149,870.5500000000001
0,21787,RAIN PONCHO RETROSPOT,64,1024,870.4
0,85106,CUT GLASS HEXAGON T-LIGHT HOLDER,4,511,869.61
0,22531,MAGIC DRAWING SLATE CIRCUS PARADE  ,70,2152,869.28
0,22945,CHRISTMAS METAL TAGS ASSORTED ,60,1044,868.68
0,21868,POTTING SHED TEA MUG,73,695,868.67
0,22079,RIBBON REEL HEARTS DESIGN ,76,526,867.9
0,23020,GLASS  SONGBIRD STORAGE JAR,33,72,867.6
0,22801,ANTIQUE GLASS PEDESTAL BOWL,62,237,865.71
0,22348,TEA BAG PLATE RED RETROSPOT,92,1016,863.5999999999999
0,21218,RED SPOTTY BISCUIT TIN,54,235,863.25
0,22925,BLUE GIANT GARDEN THERMOMETER,65,145,862.75
0,22959,WRAP CHRISTMAS VILLAGE,61,2075,859.5
0,23051,RECYCLED ACAPULCO MAT BLUE,43,106,858.5
0,23534,WALL ART STOP FOR TEA ,53,144,856.8000000000001
0,22645,CERAMIC HEART FAIRY CAKE MONEY BANK,91,642,856.0799999999999
0,21244,BLUE POLKADOT PLATE ,46,519,854.0699999999999
0,23145,ZINC T-LIGHT HOLDER STAR LARGE,68,913,851.9899999999999
0,23128,FELTCRAFT BOY JEAN-PAUL KIT,53,174,851.7
0,22775,PURPLE DRAWERKNOB ACRYLIC EDWARDIAN,49,680,850.0
0,21452,TOADSTOOL MONEY BOX,63,288,849.6000000000001
0,22908,PACK OF 20 NAPKINS RED APPLES,118,1013,848.5699999999999
0,23232,WRAP VINTAGE LEAF DESIGN,55,2125,848.5
0,23131,MISTLETOE HEART WREATH CREAM,43,209,848.1500000000001
0,72351B,SET/6 PINK  BUTTERFLY T-LIGHTS,61,403,846.3000000000001
0,22180,RETROSPOT LAMP,54,85,845.7499999999999
0,48173C,DOORMAT BLACK FLOCK ,59,106,842.1
0,21259,VICTORIAN SEWING BOX SMALL ,67,141,838.95
0,23352,ROLL WRAP 50'S RED CHRISTMAS ,79,671,838.75
0,22794,SWEETHEART WIRE MAGAZINE RACK,59,105,834.75
0,23570,TRADITIONAL PICK UP STICKS GAME ,92,664,830.0
0,23112,PARISIENNE CURIO CABINET,68,111,829.95
0,82552,WASHROOM METAL SIGN,101,572,829.4
0,21715,GIRLS VINTAGE TIN SEASIDE BUCKET,42,342,828.9
0,22349,DOG BOWL CHASING BALL DESIGN,48,221,828.75
0,23032,DRAWER KNOB CRACKLE GLAZE IVORY,55,502,828.2999999999998
0,22789,T-LIGHT HOLDER SWEETHEART HANGING,66,424,826.8
0,22639,SET OF 4 NAPKIN CHARMS HEARTS,54,380,826.6
0,21429,RED GINGHAM ROSE JEWELLERY BOX,80,432,825.0
0,22185,SLATE TILE NATURAL HANGING,45,625,824.9699999999999
0,20978,36 PENCILS TUBE SKULLS,71,658,822.5
0,22965,3 TRADITIONAl BISCUIT CUTTERS  SET,86,391,821.1000000000001
0,22661,CHARLOTTE BAG DOLLY GIRL DESIGN,95,996,820.6
0,22798,ANTIQUE GLASS DRESSING TABLE POT,58,278,820.1
0,23188,VINTAGE  2 METRE FOLDING RULER,55,497,820.05
0,22283,6 EGG HOUSE PAINTED WOOD,50,103,818.85
0,20677,PINK POLKADOT BOWL,72,665,817.57
0,22772,PINK DRAWER KNOB ACRYLIC EDWARDIAN,47,650,812.5
0,23177,TREASURE ISLAND BOOK BOX,69,361,812.25
0,21592,RETROSPOT CIGAR BOX MATCHES ,87,766,812.16
0,20982,12 PENCILS TALL TUBE SKULLS,95,955,811.75
0,22616,PACK OF 12 LONDON TISSUES ,110,2487,809.53
0,47599A,PINK PARTY BAGS,48,405,809.5
0,23500,KEY RING BASEBALL BOOT ASSORTED ,33,664,809.0
0,22792,FLUTED ANTIQUE CANDLE HOLDER,65,960,807.68
0,21735,TWO DOOR CURIO CABINET,32,65,807.15
0,23308,SET OF 60 VINTAGE LEAF CAKE CASES ,98,1494,806.1
0,22996,TRAVEL CARD WALLET VINTAGE TICKET,87,1986,805.3199999999999
0,21844,RED RETROSPOT MUG,39,277,803.1500000000001
0,23330,DECORATIVE WICKER HEART MEDIUM,82,641,801.25
0,23053,RECYCLED ACAPULCO MAT PINK,40,99,800.75
0,21584,RETROSPOT SMALL TUBE MATCHES,70,485,800.25
0,23065,LARGE DECO JEWELLERY STAND,31,64,800.0
0,22896,PEG BAG APPLES DESIGN,64,313,798.15
0,23167,SMALL CERAMIC TOP STORAGE JAR ,56,1005,793.8299999999999
0,20675,BLUE POLKADOT BOWL,72,646,793.82
0,23491,VINTAGE JINGLE BELLS HEART,36,96,792.0
0,23273,HEART T-LIGHT HOLDER WILLIE WINKIE,53,479,790.3499999999999
0,22762,CUPBOARD 3 DRAWER MA CAMPAGNE,41,54,789.6999999999999
0,22972,CHILDREN'S SPACEBOY MUG,56,484,788.9999999999999
0,23274,STAR T-LIGHT HOLDER WILLIE WINKIE,47,477,787.0499999999998
0,20981,12 PENCILS TALL TUBE WOODLAND,103,925,786.2499999999999
0,22733,3D TRADITIONAL CHRISTMAS STICKERS,56,627,783.75
0,21876,POTTERING MUG,72,662,780.38
0,23389,SPACEBOY MINI BACKPACK,56,188,780.2
0,22188,BLACK HEART CARD HOLDER,57,197,778.1500000000001
0,23404,HOME SWEET HOME BLACKBOARD,51,157,777.1500000000001
0,22582,PACK OF 6 SWEETIE GIFT BOXES,34,330,776.7
0,21563,RED HEART SHAPE LOVE BUCKET ,46,338,776.5400000000001
0,23437, 50'S CHRISTMAS GIFT BAG LARGE,51,621,776.25
0,23156,SET OF 5 MINI GROCERY MAGNETS,56,373,775.84
0,22435,SET OF 9 HEART SHAPED BALLOONS,62,620,775.0
0,21495,SKULLS AND CROSSBONES WRAP,58,1900,774.0
0,23242,TREASURE TIN BUFFALO BILL ,67,372,773.76
0,84792,ENCHANTED BIRD COATHANGER 5 HOOK,64,166,771.9000000000001
0,21985,PACK OF 12 HEARTS DESIGN TISSUES ,131,2462,770.9799999999999
0,22890,NOVELTY BISCUITS CAKE STAND 3 TIER,35,79,770.0999999999999
0,22055,MINI CAKE STAND  HANGING STRAWBERY,53,555,770.05
0,16169E,WRAP 50'S  CHRISTMAS,59,1862,770.04
0,20717,STRAWBERRY SHOPPER BAG,83,616,770.0
0,23189,SET OF 12 FORK CANDLES,38,266,768.74
0,21794,CLASSIC FRENCH STYLE BASKET NATURAL,39,184,766.0
0,22088,PAPER BUNTING COLOURED LACE,42,259,764.0500000000001
0,22773,GREEN DRAWER KNOB ACRYLIC EDWARDIAN,50,611,763.75
0,23146,TRIPLE HOOK ANTIQUE IVORY ROSE,73,232,763.28
0,23079,TOADSTOOL BEDSIDE LIGHT ,42,85,760.7499999999999
0,22744,MAKE YOUR OWN MONSOON CARD KIT,56,281,757.6700000000001
0,23396,LE JARDIN BOTANIQUE CUSHION COVER,56,201,753.75
0,23290,SPACEBOY CHILDRENS BOWL,60,624,751.2
0,85174,S/4 CACTI CANDLES,30,236,750.6
0,21829,DINOSAUR KEYRINGS ASSORTED,73,3632,749.76
0,23163,REGENCY SUGAR TONGS,38,301,749.4900000000001
0,22219,LOVEBIRD HANGING DECORATION WHITE ,89,881,748.8499999999999
0,23504,PLAYING CARDS JUBILEE UNION JACK,81,599,748.75
0,23283,DOORMAT VINTAGE LEAF,41,97,748.65
0,23161,REGENCY CAKE FORK,29,618,747.3
0,22842,BISCUIT TIN VINTAGE RED,50,112,746.4
0,37500,TEA TIME TEAPOT IN GIFT BOX,25,132,745.88
0,16156S,WRAP PINK FAIRY CAKES ,70,1775,745.5
0,72807C,SET/3 VANILLA SCENTED CANDLE IN BOX,52,175,743.75
0,23294,SET OF 6 SNACK LOAF BAKING CASES,107,910,741.2199999999999
0,11001,ASSTD DESIGN RACING CAR PEN,27,438,740.22
0,23239,SET OF 4 KNICK KNACK TINS POPPIES,52,195,739.25
0,22990,COTTON APRON PANTRY DESIGN,54,172,738.4
0,23148,MINIATURE ANTIQUE ROSE HOOK IVORY,90,889,737.8699999999999
0,37495,FAIRY CAKE BIRTHDAY CANDLE SET,32,212,737.4
0,22437,SET OF 9 BLACK SKULL BALLOONS,64,866,736.1
0,23366,SET 12 COLOURING PENCILS DOILY,68,1191,735.75
0,23252,VINTAGE RED ENAMEL TRIM JUG ,49,202,735.4200000000001
0,85034C,3 ROSE MORRIS BOXED CANDLES,62,551,733.75
0,22186,RED STAR CARD HOLDER,52,348,733.6
0,22894,TABLECLOTH RED APPLES DESIGN ,31,74,730.5
0,22179,SET 10 NIGHT OWL LIGHTS,29,111,730.05
0,84997D,PINK 3 PIECE POLKADOT CUTLERY SET,35,188,729.8000000000001
0,22851,SET 20 NAPKINS FAIRY CAKES DESIGN ,108,873,729.5699999999999
0,23269,SET OF 2 CERAMIC CHRISTMAS TREES,40,516,729.0
0,23176,ABC TREASURE BOOK BOX ,59,323,726.75
0,22763,KEY CABINET MA CAMPAGNE,40,73,726.3499999999999
0,23275,SET OF 3 HANGING OWLS OLLIE BEAK,80,581,726.25
0,85015,SET OF 12  VINTAGE POSTCARD SET,45,1046,725.5000000000001
0,22109,FULL ENGLISH BREAKFAST PLATE,39,200,724.08
0,21257,VICTORIAN SEWING BOX MEDIUM,48,91,723.45
0,22548,HEADS AND TAILS SPORTING FUN,77,597,723.45
0,23357,HOT WATER BOTTLE SEX BOMB,34,162,721.2
0,22441,GROW YOUR OWN BASIL IN ENAMEL MUG,59,351,721.1
0,82551,LAUNDRY 15C METAL SIGN,86,497,720.65
0,23217,LAUREL HEART ANTIQUE SILVER,32,599,718.51
0,21874,GIN AND TONIC MUG,68,531,714.55
0,21034,REX CASH+CARRY JUMBO SHOPPER,353,752,714.4
0,22291,HANGING CHICK CREAM DECORATION,38,492,713.4
0,23541,WALL ART CLASSIC PUDDINGS ,40,87,712.95
0,22781,GUMBALL MAGAZINE RACK,56,93,711.45
0,22562,MONSTERS STENCIL CRAFT,74,569,711.25
0,23068,ALUMINIUM STAMPED HEART,45,293,709.8900000000001
0,22331,WOODLAND PARTY BAG + STICKER SET,45,447,708.75
0,23445,ICE CREAM BUBBLES,31,880,708.4
0,23236,DOILEY STORAGE TIN,35,251,706.19
0,22732,3D VINTAGE CHRISTMAS STICKERS ,47,581,705.73
0,23205,CHARLOTTE BAG VINTAGE ALPHABET ,87,830,705.5
0,22737,RIBBON REEL CHRISTMAS PRESENT ,69,427,704.55
0,21527,RED RETROSPOT TRADITIONAL TEAPOT ,40,90,703.5
0,21114,LAVENDER SCENTED FABRIC HEART,58,562,702.5
0,23426,METAL SIGN DROP YOUR PANTS,54,243,702.27
0,23049,RECYCLED ACAPULCO MAT RED,38,85,701.25
0,21811,HANGING HEART WITH BELL,61,1495,700.01
0,C2,CARRIAGE,14,14,700.0
0,35953,FOLKART STAR CHRISTMAS DECORATIONS,45,1664,699.6999999999999
0,21934,SKULL SHOULDER BAG,40,424,699.6
0,85132C,CHARLIE AND LOLA FIGURES TINS,32,353,696.3499999999999
0,37448,CERAMIC CAKE DESIGN SPOTTED MUG,49,472,691.76
0,22047,EMPIRE GIFT WRAP,43,1750,691.0
0,23158,SET OF 5 LUCKY CAT MAGNETS ,39,332,690.5600000000001
0,23490,T-LIGHT HOLDER HANGING LOVE BIRD,38,184,690.0
0,22962,JAM JAR WITH PINK LID,85,825,688.77
0,22588,CARD HOLDER GINGHAM HEART,54,246,687.14
0,85114A,BLACK ENCHANTED FOREST PLACEMAT,15,460,687.0
0,20973,12 PENCIL SMALL TUBE WOODLAND,102,1056,686.4000000000001
0,21871,SAVE THE PLANET MUG,61,512,686.4
0,10135,COLOURING PENCILS BROWN TUBE,46,791,685.15
0,23309,SET OF 60 I LOVE LONDON CAKE CASES ,93,1273,684.5500000000001
0,21428,SET3 BOOK BOX GREEN GINGHAM FLOWER ,62,160,684.5
0,23367,SET 12 COLOUR PENCILS SPACEBOY ,95,1050,682.5
0,21243,PINK  POLKADOT PLATE ,35,417,681.69
0,22672,FRENCH BATHROOM SIGN BLUE METAL,57,413,681.4499999999999
0,22311,OFFICE MUG WARMER BLACK+SILVER ,31,244,681.4
0,75049L,LARGE CIRCULAR MIRROR MOBILE,34,604,681.4
0,22805,BLUE DRAWER KNOB ACRYLIC EDWARDIAN,45,543,678.75
0,21561,DINOSAUR LUNCH BOX WITH CUTLERY,52,266,678.3
0,21012,ANTIQUE ALL GLASS CANDLESTICK,40,347,676.22
0,22029,SPACEBOY BIRTHDAY CARD,122,1620,676.08
0,23182,TOILET SIGN OCCUPIED OR VACANT,62,813,674.79
0,22743,MAKE YOUR OWN FLOWERPOWER CARD KIT,57,260,674.1200000000001
0,23434,3 RAFFIA RIBBONS 50'S CHRISTMAS ,59,682,672.94
0,22175,PINK OWL SOFT TOY,43,228,672.6000000000001
0,22610,PENS ASSORTED FUNNY FACE,70,2882,672.14
0,23029,DRAWER KNOB CRACKLE GLAZE GREEN,47,407,671.55
0,23152,IVORY SWEETHEART WIRE LETTER RACK ,60,179,671.25
0,22236,CAKE STAND 3 TIER MAGIC GARDEN,29,56,670.8
0,22119,PEACE WOODEN BLOCK LETTERS,44,143,669.45
0,22383,LUNCH BAG SUKI  DESIGN ,44,405,668.25
0,22736,RIBBON REEL MAKING SNOWMEN ,61,405,668.25
0,22914,BLUE COAT RACK PARIS FASHION,60,135,668.25
0,72351A,SET/6 TURQUOISE BUTTERFLY T-LIGHTS,58,318,667.8000000000001
0,23251,VINTAGE RED ENAMEL TRIM MUG ,38,566,667.1800000000001
0,23535,WALL ART BICYCLE SAFETY,39,112,666.4
0,85040A,S/4 PINK FLOWER CANDLES IN BOWL,60,408,663.5999999999999
0,22602,RETROSPOT WOODEN HEART DECORATION,77,779,662.15
0,23035,DRAWER KNOB CERAMIC IVORY,54,456,661.1999999999999
0,21042,RED RETROSPOT APRON ,34,111,660.45
0,23444,Next Day Carriage,43,43,660.0
0,21115,ROSE CARAVAN DOORSTOP,43,145,658.75
0,21742,LARGE ROUND WICKER PLATTER ,47,110,654.5
0,23359,SET OF 12 T-LIGHTS VINTAGE DOILY,33,335,653.25
0,22704,WRAP RED APPLES ,60,1550,651.0
0,22072,RED RETROSPOT TEA CUP AND SAUCER ,45,213,650.11
0,22600,CHRISTMAS RETROSPOT STAR WOOD,65,786,649.38
0,22832,BROCANTE SHELF WITH HOOKS,28,61,647.75
0,23093,SMALL PARISIENNE HEART PHOTO FRAME ,51,260,647.4000000000001
0,23360,SET 8 CANDLES VINTAGE DOILY,43,332,647.4
0,22425,ENAMEL COLANDER CREAM,51,133,647.1500000000001
0,21714,CITRONELLA CANDLE GARDEN POT,63,517,646.25
0,22078,RIBBON REEL LACE DESIGN ,45,307,644.7
0,21494,ROTATING LEAVES T-LIGHT HOLDER,46,533,643.45
0,21694,SMALL REGAL  SILVER CANDLEPOT ,11,244,643.0
0,21544,SKULLS  WATER TRANSFER TATTOOS ,36,756,642.5999999999999
0,22930,BAKING MOULD HEART MILK CHOCOLATE,51,252,642.5999999999999
0,20977,36 PENCILS TUBE WOODLAND,56,514,642.5
0,23181,BULL DOG BOTTLE TOP WALL CLOCK,28,80,642.0
0,23394,POSTE FRANCE CUSHION COVER,47,171,641.25
0,23160,REGENCY TEA SPOON,25,512,640.0
0,21703,BAG 125g SWIRLY MARBLES,86,1537,639.78
0,22432,WATERING CAN PINK BUNNY,64,328,639.5999999999999
0,23122,PARTY CHARMS 50 PIECES,32,895,639.1700000000001
0,22780,LIGHT GARLAND BUTTERFILES PINK,35,156,639.0
0,23530,WALL ART ONLY ONE PERSON ,25,132,639.0
0,22354,RETROSPOT PADDED SEAT CUSHION,12,179,638.85
0,85178,VICTORIAN SEWING KIT,33,602,637.3
0,23370,SET 36 COLOURING PENCILS DOILY,54,529,636.9300000000001
0,22299,PIG KEYRING WITH LIGHT & SOUND ,23,674,635.24
0,85049G,CHOCOLATE BOX RIBBONS ,84,507,633.75
0,22509,SEWING BOX RETROSPOT DESIGN ,36,67,633.65
0,84968A,SET OF 16 VINTAGE ROSE CUTLERY,15,53,632.55
0,22571,ROCKING HORSE RED CHRISTMAS ,68,743,631.55
0,23081,GREEN METAL BOX ARMY SUPPLIES,37,78,631.5
0,21928,JUMBO BAG SCANDINAVIAN PAISLEY,21,354,630.3
0,23212,HEART WREATH DECORATION WITH BELL,52,504,630.0
0,22174,PHOTO CUBE,46,390,627.18
0,15060B,FAIRY CAKE DESIGN UMBRELLA,33,180,627.0
0,23054,RECYCLED ACAPULCO MAT LAVENDER,36,76,627.0
0,21976,PACK OF 60 MUSHROOM CAKE CASES,89,1139,626.45
0,23090,VINTAGE GLASS T-LIGHT HOLDER,54,754,625.8199999999999
0,23233,WRAP POPPIES  DESIGN,48,1525,624.5
0,21992,VINTAGE PAISLEY STATIONERY SET,76,464,624.2
0,22431,WATERING CAN BLUE ELEPHANT,66,320,624.0
0,22208,WOOD STAMP SET THANK YOU,87,632,621.56
0,21620,SET OF 4 ROSE BOTANICAL CANDLES,65,407,621.25
0,22828,REGENCY MIRROR WITH SHUTTERS,3,4,620.0
0,23109,LED TEA LIGHTS,20,214,618.46
0,23255,CHILDRENS CUTLERY CIRCUS PARADE,43,149,618.35
0,22592,CARDHOLDER HOLLY WREATH METAL,38,167,617.61
0,22829,SWEETHEART WIRE WALL TIDY,35,62,616.9
0,84509A,SET OF 4 ENGLISH ROSE PLACEMATS,48,164,615.0
0,22070,SMALL RED RETROSPOT MUG IN BOX ,33,173,614.19
0,47559B,TEA TIME OVEN GLOVE,73,497,611.75
0,22983,CARD BILLBOARD FONT,112,1452,609.84
0,21917,SET 12 KIDS  WHITE CHALK STICKS,67,1487,607.26
0,22670,FRENCH WC SIGN BLUE METAL,55,485,606.25
0,22816,CARD MOTORBIKE SANTA,80,1464,606.24
0,22075,6 RIBBONS ELEGANT CHRISTMAS ,45,507,606.15
0,23270,SET OF 2 CERAMIC PAINTED HEARTS ,54,417,604.65
0,23213,STAR WREATH DECORATION WITH BELL,46,483,603.75
0,85034B,3 WHITE CHOC MORRIS BOXED CANDLES,33,408,603.0
0,23101,SILVER STARS TABLE DECORATION,85,722,599.26
0,22045,SPACEBOY GIFT WRAP,59,1425,598.5
0,21116,OWL DOORSTOP,33,125,596.35
0,85175,CACTI T-LIGHT CANDLES,56,1419,595.98
0,23371,SET 36 COLOUR PENCILS SPACEBOY ,56,496,595.6800000000001
0,23194,GYMKHANA TREASURE BOOK BOX,48,277,594.45
0,23388,WOODLAND MINI BACKPACK,41,143,593.45
0,22831,WHITE BROCANTE SOAP DISH,41,201,592.95
0,22955,36 FOIL STAR CAKE CASES ,35,312,590.59
0,22746,POPPY'S PLAYHOUSE LIVINGROOM ,69,288,589.8000000000001
0,21705,BAG 500g SWIRLY MARBLES,45,572,582.8
0,85206A,CREAM FELT EASTER EGG BASKET,42,366,582.3
0,51014A,"FEATHER PEN,HOT PINK",58,1222,581.4599999999999
0,23228,FILIGREE HEART BIRD WHITE ,23,464,580.0
0,22426,ENAMEL WASH BOWL CREAM,54,158,579.7
0,22807,SET OF 6 T-LIGHTS TOADSTOOLS,45,228,579.1000000000001
0,23267,SET OF 4 SANTA PLACE SETTINGS,43,462,577.5
0,85035C,ROSE 3 WICK MORRIS BOX CANDLE,49,382,576.5
0,23096,PETIT TRAY CHIC,47,349,575.8499999999999
0,22544,MINI JIGSAW SPACEBOY,50,1493,575.49
0,21830,ASSORTED CREEPY CRAWLIES,43,1369,574.98
0,20754,RETROSPOT RED WASHING UP GLOVES,77,273,573.3000000000001
0,22080,RIBBON REEL POLKADOTS ,55,347,572.55
0,21693,SMALL HAMMERED SILVER CANDLEPOT ,24,194,572.3000000000001
0,23483,HANGING  BUTTERFLY T-LIGHT HOLDER,28,493,572.15
0,21578,WOODLAND DESIGN  COTTON TOTE BAG,38,254,571.5
0,21993,FLORAL FOLK STATIONERY SET,78,442,571.2
0,22196,SMALL HEART MEASURING SPOONS,77,672,571.1999999999999
0,21688,SILVER PLATE CANDLE BOWL SMALL,24,193,569.3500000000001
0,22982,PANTRY PASTRY BRUSH,59,455,568.75
0,22946,WOODEN ADVENT CALENDAR CREAM,26,32,567.5999999999999
0,23316,RED REFECTORY CLOCK ,33,57,567.15
0,82580,BATHROOM METAL SIGN,120,1030,566.5
0,22674,FRENCH TOILET SIGN BLUE METAL,59,453,566.25
0,22329,ROUND CONTAINER SET OF 5 RETROSPOT,46,349,566.2499999999999
0,23164,REGENCY CAKE SLICE,28,114,564.3000000000001
0,22974,CHILDRENS DOLLY GIRL MUG,48,342,564.3
0,22085,PAPER CHAIN KIT SKULLS ,30,202,563.9000000000001
0,22059,CERAMIC STRAWBERRY DESIGN MUG,56,458,563.1
0,20751,FUNKY WASHING UP GLOVES ASSORTED,62,268,562.8000000000001
0,23005,TRAVEL CARD WALLET I LOVE LONDON,53,1340,562.8
0,22799,SWEETHEART WIRE FRUIT BOWL,34,76,562.75
0,22466,FAIRY TALE COTTAGE NIGHT LIGHT,30,288,561.6
0,22312,OFFICE MUG WARMER POLKADOT,36,204,561.0000000000001
0,23368,SET 12 COLOUR PENCILS DOLLY GIRL ,81,863,560.95
0,22935,BAKING MOULD ROSE MILK CHOCOLATE,20,183,558.75
0,22115,METAL SIGN EMPIRE TEA,64,521,558.47
0,85061W,WHITE JEWELLED HEART DECORATION,45,657,558.4499999999999
0,22776,SWEETHEART 3 TIER CAKE STAND ,43,56,557.1999999999999
0,47504K,ENGLISH ROSE GARDEN SECATEURS,68,549,556.91
0,22536,MAGIC DRAWING SLATE PURDEY,56,1408,556.8
0,20829,GLITTER HANGING BUTTERFLY STRING,48,265,556.5
0,21534,DAIRY MAID LARGE MILK JUG,49,114,555.9000000000001
0,23292,SPACEBOY CHILDRENS CUP,56,444,555.0
0,21622,VINTAGE UNION JACK CUSHION COVER,38,112,554.4
0,22939,APRON APPLE DELIGHT,21,119,554.0500000000001
0,22064,PINK DOUGHNUT TRINKET POT ,47,409,553.89
0,22433,WATERING CAN GREEN DINOSAUR,55,284,553.8
0,22573,STAR WOODEN CHRISTMAS DECORATION,48,651,553.3499999999999
0,23348,CHILDRENS TOY COOKING UTENSIL SET,57,271,552.08
0,23235,STORAGE TIN VINTAGE LEAF,43,212,552.0
0,21903,MAN FLU METAL SIGN,49,262,550.2
0,23553,LANDMARK FRAME CAMDEN TOWN ,28,44,550.0
0,82581,TOILET METAL SIGN,91,1057,548.85
0,21616,4 PEAR BOTANICAL DINNER CANDLES,45,371,548.75
0,22327,ROUND SNACK BOXES SET OF 4 SKULLS,49,186,548.7
0,84969,BOX OF 6 ASSORTED COLOUR TEASPOONS,26,129,548.25
0,23543,WALL ART KEEP CALM ,31,72,548.2
0,20984,12 PENCILS TALL TUBE POSY,75,1813,548.17
0,21718,RED METAL BEACH SPADE ,36,438,547.5
0,23168,CLASSIC CAFE SUGAR DISPENSER,67,444,547.44
0,22897,OVEN MITT APPLES DESIGN,55,386,546.3
0,23031,DRAWER KNOB CRACKLE GLAZE PINK,41,331,546.15
0,23399,HOME SWEET HOME HANGING HEART,67,642,545.6999999999999
0,21109,LARGE CAKE TOWEL CHOCOLATE SPOTS,28,228,545.4
0,21591,COSY HOUR CIGAR BOX MATCHES ,68,435,543.75
0,22224,WHITE LOVEBIRD LANTERN,34,184,542.8000000000001
0,23358,HOT STUFF HOT WATER BOTTLE,19,160,542.5
0,23253,16 PIECE CUTLERY SET PANTRY DESIGN,14,34,542.3
0,22760,"TRAY, BREAKFAST IN BED",23,45,541.3499999999999
0,23061,VINTAGE EMBOSSED HEART,40,433,541.25
0,21878,PACK OF 6 SANDCASTLE FLAGS ASSORTED,52,635,539.75
0,72807B,SET/3 OCEAN SCENT CANDLE JEWEL BOX,34,127,539.75
0,21980,PACK OF 12 RED RETROSPOT TISSUES ,83,1728,539.2199999999999
0,21749,LARGE RED RETROSPOT WINDMILL,34,268,538.8000000000001
0,22350,ILLUSTRATED CAT BOWL ,37,211,538.05
0,23268,SET OF 2 CERAMIC CHRISTMAS REINDEER,30,384,537.6
0,23346,SPACEBOY BEAKER,35,430,537.5
0,23414,ZINC BOX SIGN HOME,29,54,537.3
0,23334,IVORY WICKER HEART SMALL,40,852,536.76
0,85184C,S/4 VALENTINE DECOUPAGE HEART BOX,30,375,535.0500000000001
0,22837,HOT WATER BOTTLE BABUSHKA ,27,115,534.75
0,22574,HEART WOODEN CHRISTMAS DECORATION,47,629,534.65
0,22818,CARD CHRISTMAS VILLAGE,72,1272,534.24
0,21695,SMALL SILVER FLOWER CANDLE POT,23,181,533.95
0,22449,SILK PURSE BABUSHKA PINK,34,160,533.6
0,22963,JAM JAR WITH GREEN LID,72,634,532.92
0,23326,HANGING MINI COLOURED BOTTLES,19,845,532.35
0,10133,COLOURING PENCILS BROWN TUBE,47,1135,530.45
0,84356,POMPOM CURTAIN,17,100,529.0
0,22916,HERB MARKER THYME,70,813,528.45
0,84050,PINK HEART SHAPE EGG FRYING PAN,58,320,527.9999999999999
0,23531,WALL ART BIG LOVE ,29,77,526.75
0,22797,CHEST OF DRAWERS GINGHAM HEART ,30,31,525.4499999999999
0,21744,SNOWFLAKE PORTABLE TABLE LIGHT ,36,178,525.1
0,23231,WRAP DOILEY DESIGN,48,1250,525.0
0,23556,LANDMARK FRAME COVENT GARDEN ,24,42,525.0
0,20992,JAZZ HEARTS PURSE NOTEBOOK,93,1243,524.79
0,35961,FOLKART ZINC HEART CHRISTMAS DEC,62,616,523.5999999999999
0,22696,WICKER WREATH LARGE,53,283,523.05
0,23390,DOLLY GIRL MINI BACKPACK,41,126,522.9000000000001
0,22934,BAKING MOULD EASTER EGG WHITE CHOC,28,190,522.1
0,22774,RED DRAWER KNOB ACRYLIC EDWARDIAN,32,417,521.25
0,22027,TEA PARTY BIRTHDAY CARD,90,1260,520.5600000000001
0,22540,MINI JIGSAW CIRCUS PARADE ,25,1342,520.4399999999999
0,22929,SCHOOL DESK AND CHAIR ,8,8,520.0
0,23424,GINGHAM RECIPE BOOK BOX,32,105,519.75
0,23086,ZINC  STAR T-LIGHT HOLDER ,12,464,519.52
0,22357,KINGS CHOICE BISCUIT TIN,40,125,519.25
0,22335,HEART DECORATION PAINTED ZINC ,38,843,519.1500000000001
0,23291,DOLLY GIRL CHILDRENS CUP,51,415,518.75
0,18097C,WHITE TALL PORCELAIN T-LIGHT HOLDER,27,226,518.7
0,23000,TRAVEL CARD WALLET TRANSPORT,59,1235,518.7
0,21818,GLITTER HEART DECORATION,55,1086,518.3000000000001
0,22572,ROCKING HORSE GREEN CHRISTMAS ,57,624,517.92
0,22360,GLASS JAR ENGLISH CONFECTIONERY,57,177,517.35
0,21313,GLASS HEART T-LIGHT HOLDER ,47,656,517.28
0,21207,SKULL AND CROSSBONES  GARLAND ,40,319,516.7499999999999
0,23289,DOLLY GIRL CHILDRENS BOWL,51,413,516.25
0,23302,KNEELING MAT HOUSEWORK  DESIGN,67,345,515.79
0,22442,GROW YOUR OWN FLOWERS SET OF 3,39,144,514.8
0,23066,SMALL DECO JEWELLERY STAND,27,62,511.5
0,21900,"KEY FOB , SHED",94,786,510.90000000000003
0,84536A,ENGLISH ROSE NOTEBOOK A7 SIZE,82,1213,509.46
0,21713,CITRONELLA CANDLE FLOWERPOT,54,242,508.20000000000005
0,84596B,SMALL DOLLY MIX DESIGN ORANGE BOWL,98,1126,507.78
0,23438, RED SPOT GIFT BAG LARGE,30,406,507.5
0,22593,CHRISTMAS GINGHAM STAR,47,597,507.45
0,22863,SOAP DISH BROCANTE,38,172,507.40000000000003
0,22920,HERB MARKER BASIL,69,780,507.0000000000001
0,22917,HERB MARKER ROSEMARY,67,779,506.35
0,21619,4 VANILLA BOTANICAL CANDLES,53,363,506.25
0,22843,BISCUIT TIN VINTAGE GREEN,41,75,506.25
0,21240,BLUE POLKADOT CUP,68,609,505.16999999999996
0,85038,6 CHOCOLATE LOVE HEART T-LIGHTS,32,249,504.90000000000003
0,21110,LARGE CAKE TOWEL PINK SPOTS,27,143,504.45
0,84692,BOX OF 24 COCKTAIL PARASOLS,96,1201,504.42
0,20828,GLITTER BUTTERFLY CLIPS,48,197,502.34999999999997
0,72807A,SET/3 ROSE CANDLE IN JEWELLED BOX,35,118,501.5
0,84971S,SMALL HEART FLOWERS HOOK ,36,590,501.49999999999994
0,22483,RED GINGHAM TEDDY BEAR ,38,173,500.75000000000006
0,40016,CHINESE DRAGON PAPER LANTERNS,24,1434,500.28
0,22918,HERB MARKER PARSLEY,73,800,500.00000000000006
0,22498,WOODEN REGATTA BUNTING,33,84,499.8
0,22530,MAGIC DRAWING SLATE DOLLY GIRL ,67,1190,499.8
0,20674,GREEN POLKADOT BOWL,46,409,497.57
0,23317,BLUE REFECTORY CLOCK ,26,50,497.49999999999994
0,22066,LOVE HEART TRINKET POT,47,1096,497.4
0,22466,FAIRY TALE COTTAGE NIGHTLIGHT,23,255,497.24999999999994
0,22778,GLASS CLOCHE SMALL,40,129,496.11
0,22358,KINGS CHOICE TEA CADDY ,39,168,495.6000000000001
0,21730,GLASS STAR FROSTED T-LIGHT HOLDER,40,100,495.00000000000006
0,22628,PICNIC BOXES SET OF 3 RETROSPOT ,31,100,495.0
0,22892,SET OF SALT AND PEPPER TOADSTOOLS,48,396,495.0
0,22130,PARTY CONE CHRISTMAS DECORATION ,35,604,494.67999999999995
0,22594,CHRISTMAS GINGHAM TREE,46,581,493.84999999999997
0,21990,MODERN FLORAL STATIONERY SET,52,351,491.45000000000005
0,22071,SMALL WHITE RETROSPOT MUG IN BOX ,37,134,489.54
0,21239,PINK  POLKADOT CUP,60,589,488.16999999999996
0,22603,CHRISTMAS RETROSPOT TREE WOOD,59,573,487.04999999999995
0,21906,PHARMACIE FIRST AID TIN,32,74,486.7
0,23374,RED SPOT PAPER GIFT BAG,45,593,486.25999999999993
0,22155,STAR DECORATION RUSTIC,44,1157,485.94
0,22921,HERB MARKER CHIVES ,62,747,485.55000000000007
0,21328,BALLOONS  WRITING SET ,80,294,485.09999999999997
0,23271,CHRISTMAS TABLE SILVER CANDLE SPIKE,34,584,484.71999999999997
0,21642,ASSORTED TUTTI FRUTTI PEN,42,1442,483.69999999999993
0,22220,CAKE STAND LOVEBIRD 2 TIER WHITE,33,66,481.7
0,21394,RED POLKADOT BEAKER ,39,1235,481.65
0,37450,CERAMIC CAKE BOWL + HANGING CAKES,33,168,481.20000000000005
0,22695,WICKER WREATH SMALL,50,402,480.28
0,21870,I CAN ONLY PLEASE ONE PERSON MUG,43,384,480.0
0,22076,6 RIBBONS EMPIRE  ,39,427,479.00999999999993
0,23315,IVORY REFECTORY CLOCK,24,48,477.59999999999997
0,22436,12 COLOURED PARTY BALLOONS,51,734,477.1
0,85034A,3 GARDENIA MORRIS BOXED CANDLES,37,291,474.75
0,21238,RED RETROSPOT CUP,70,558,474.29999999999995
0,23024,LARGE BONNE JAM JAR  T-LIGHT HOLDER,7,184,474.1600000000001
0,23283,DOORMAT VINTAGE LEAVES DESIGN ,24,61,472.95
0,23373,VINTAGE CHRISTMAS PAPER GIFT BAG,42,574,470.67999999999995
0,23028,DRAWER KNOB CRACKLE GLAZE BLUE,38,285,470.24999999999994
0,22823,CHEST NATURAL WOOD 20 DRAWERS,3,4,470.0
0,23088,ZINC HEART FLOWER T-LIGHT HOLDER,26,376,470.0
0,23227,FILIGREE HEART BUTTERFLY WHITE ,22,376,470.0
0,84997C,BLUE 3 PIECE POLKADOT CUTLERY SET,28,122,469.90000000000003
0,21506,"FANCY FONT BIRTHDAY CARD, ",84,1116,468.72
0,23226,FILIGREE HEART DAISY WHITE,24,373,466.25
0,85049C,ROMANTIC PINKS RIBBONS ,74,373,466.25
0,22933,BAKING MOULD EASTER EGG MILK CHOC,32,158,466.1000000000001
0,23197,SKETCHBOOK MAGNETIC SHOPPING LIST,52,328,465.99999999999994
0,21249,WOODLAND  HEIGHT CHART STICKERS ,23,162,465.9000000000001
0,21813,GARLAND WITH STARS AND BELLS,18,94,465.3
0,22292,HANGING CHICK  YELLOW DECORATION,34,320,464.0
0,22770,MIRROR CORNICE,25,31,463.45
0,21788,KIDS RAIN MAC BLUE,32,578,462.5
0,23554,LANDMARK FRAME OXFORD STREET,22,37,462.5
0,23555,LANDMARK FRAME NOTTING HILL ,19,37,462.5
0,21982,PACK OF 12 SUKI TISSUES ,83,1454,461.76
0,46000M,POLYESTER FILLER PAD 45x45cm,39,297,460.35
0,22374,AIRLINE BAG VINTAGE JET SET RED,45,108,459.0
0,21232,STRAWBERRY CERAMIC TRINKET POT,25,378,458.82
0,22284,HEN HOUSE DECORATION,37,278,458.69999999999993
0,21055,TOOL BOX SOFT TOY ,30,51,456.45
0,22975,SPACEBOY CHILDRENS EGG CUP,47,365,456.25
0,22912,YELLOW COAT RACK PARIS FASHION,43,92,455.40000000000003
0,22852,DOG BOWL VINTAGE CREAM,36,107,454.75
0,22931,BAKING MOULD HEART WHITE CHOCOLATE,41,178,453.9
0,22398,MAGNETS PACK OF 4 SWALLOWS,87,824,453.8
0,21470,FLOWER VINE RAFFIA FOOD COVER,42,121,453.75
0,22332,SKULLS PARTY BAG + STICKER SET,40,280,452.4
0,22434,BALLOON PUMP WITH 10 BALLOONS,43,232,452.4
0,23372,SET 36 COLOUR PENCILS DOLLY GIRL,37,381,451.93
0,22365,DOORMAT RESPECTABLE HOUSE,32,58,451.8
0,48116,DOORMAT MULTICOLOUR STRIPE,33,58,451.8
0,22428,ENAMEL FIRE BUCKET CREAM,29,65,451.75
0,23546,WRAP PAISLEY PARK ,43,1075,451.5
0,22576,SWALLOW WOODEN CHRISTMAS DECORATION,44,531,451.34999999999997
0,23378,PACK OF 12 50'S CHRISTMAS TISSUES,51,1234,451.02
0,22579,WOODEN TREE CHRISTMAS SCANDINAVIAN,98,1505,450.44999999999993
0,23558,LANDMARK FRAME LONDON BRIDGE ,23,36,450.0
0,84535B,FAIRY CAKES NOTEBOOK A6 SIZE,48,810,449.86
0,22030,SWALLOWS GREETING CARD,75,1080,449.28000000000003
0,22747,POPPY'S PLAYHOUSE BATHROOM,48,221,449.1
0,22604,SET OF 4 NAPKIN CHARMS CUTLERY,36,187,448.05
0,22650,CERAMIC PIRATE CHEST MONEY BANK,39,309,448.04999999999995
0,22443,GROW YOUR OWN HERBS SET OF 3,32,56,445.2
0,23067,HANGING ENGRAVED METAL HEART,26,107,444.05
0,84880,WHITE WIRE EGG HOLDER,27,62,443.95000000000005
0,22716,CARD CIRCUS PARADE,82,1056,443.52
0,23369,SET 36 COLOUR PENCILS LOVE LONDON,40,374,443.18
0,22176,BLUE OWL SOFT TOY,30,150,442.50000000000006
0,47599B,BLUE PARTY BAGS ,37,230,442.0
0,22564,ALPHABET STENCIL CRAFT,56,353,441.25
0,16161U,WRAP SUKI AND FRIENDS,42,1050,441.0
0,22949,36 DOILIES DOLLY GIRL,33,304,440.79999999999995
0,22928,YELLOW GIANT GARDEN THERMOMETER,30,74,440.3
0,22241,GARLAND WOODEN HAPPY EASTER,48,352,440.0
0,22091,EMPIRE TISSUE BOX,51,964,439.6
0,15044D,RED PAPER PARASOL,16,165,438.75
0,22156,HEART DECORATION WITH PEARLS ,51,516,438.59999999999997
0,22494,EMERGENCY FIRST AID TIN ,39,379,437.27
0,22731,3D CHRISTMAS STAMPS STICKERS ,40,349,436.25
0,23365,SET 12 COLOUR PENCILS LOVE LONDON,49,671,436.15000000000003
0,22675,FRENCH KITCHEN SIGN BLUE METAL,45,348,435.0
0,21577,SAVE THE PLANET COTTON TOTE BAG,31,193,434.25
0,23221,REINDEER HEART DECORATION SILVER,44,523,434.09
0,23331,DECORATIVE WICKER HEART SMALL,35,689,434.07000000000005
0,22611,VINTAGE UNION JACK SHOPPING BAG,18,91,433.65000000000003
0,22037,ROBOT BIRTHDAY CARD,78,1032,433.44
0,37447,CERAMIC CAKE DESIGN SPOTTED PLATE,28,289,430.60999999999996
0,72816,SET/3 CHRISTMAS DECOUPAGE CANDLES,8,448,430.1
0,21056,DOCTOR'S BAG SOFT TOY,19,48,429.59999999999997
0,23287,RED VINTAGE SPOT BEAKER,50,503,427.55
0,21224,SET/4 SKULL BADGES,32,342,427.5
0,23075,PARLOUR CERAMIC WALL HOOK,23,103,427.45000000000005
0,84818,DANISH ROSE PHOTO FRAME,44,383,426.89
0,22601,CHRISTMAS RETROSPOT ANGEL WOOD,51,502,426.7
0,21793,CLASSIC FRENCH STYLE BASKET BROWN,17,96,425.2
0,22589,CARDHOLDER GINGHAM STAR,22,153,425.17
0,23470,CARD HOLDER LOVE BIRD LARGE ,32,68,425.0
0,23022,SMALL BONNE JAM JAR  T-LIGHT HOLDER,11,231,424.8
0,84279P,CHERRY BLOSSOM  DECORATIVE FLASK,35,113,423.75
0,21382,SET/4 SPRING FLOWER DECORATION,37,298,423.70000000000005
0,22923,FRIDGE MAGNETS LES ENFANTS ASSORTED,33,535,423.54999999999995
0,23216,LAUREL HEART ANTIQUE GOLD,19,363,423.51
0,85104,SILVER GLASS T-LIGHT SET,5,163,423.25
0,22060,LARGE CAKE STAND HANGING HEARTS,16,70,421.1
0,22293,HANGING CHICK GREEN DECORATION,29,290,420.5
0,21466,RED FLOWER CROCHET FOOD COVER,39,112,420.0
0,84580,MOUSE TOY WITH PINK T-SHIRT,39,112,420.0
0,21564,PINK  HEART SHAPE LOVE BUCKET ,30,217,419.83000000000004
0,51014C,"FEATHER PEN,COAL BLACK",36,793,419.66999999999996
0,21245,GREEN POLKADOT PLATE ,30,248,419.12
0,22986,WRAP GINGHAM ROSE ,33,1026,418.92
0,22377,BOTTLE BAG RETROSPOT ,32,253,418.8
0,72349B,SET/6 PURPLE BUTTERFLY T-LIGHTS,30,218,418.44
0,23380,PACK OF 12 VINTAGE DOILY TISSUES,37,1149,417.87
0,82001S,VINYL RECORD FRAME SILVER,22,116,417.72
0,23418,LAVENDER TOILETTE BOTTLE,28,207,416.64
0,23526,WALL ART DOG LICENCE ,24,70,416.5
0,22380,TOY TIDY SPACEBOY  ,41,212,416.38
0,22853,CAT BOWL VINTAGE CREAM,34,128,416.0
0,21648,ASSORTED TUTTI FRUTTI SMALL PURSE,15,351,415.95
0,23469,CARD HOLDER LOVE BIRD SMALL,28,100,415.00000000000006
0,21809,CHRISTMAS HANGING TREE WITH BELL,33,838,414.54
0,21832,CHOCOLATE CALCULATOR,36,251,414.15
0,22587,FELTCRAFT HAIRBAND RED AND BLUE,60,487,413.95
0,22338,STAR DECORATION PAINTED ZINC ,51,1883,412.51000000000005
0,23412,HEART MIRROR ANTIQUE WHITE,23,55,412.5
0,23034,DRAWER KNOB CERAMIC BLACK,31,284,411.79999999999995
0,22412,METAL SIGN NEIGHBOURHOOD WITCH ,40,196,411.6
0,22614,PACK OF 12 SPACEBOY TISSUES,65,1210,410.09999999999997
0,22154,ANGEL DECORATION 3 BUTTONS ,39,974,409.08
0,22419,LIPSTICK PEN RED,53,1051,408.42
0,21901,"KEY FOB , BACK DOOR ",77,628,408.20000000000005
0,22919,HERB MARKER MINT,71,628,408.20000000000005
0,21462,"NURSERY A,B,C PAINTED LETTERS",27,96,408.0
0,22526,WHEELBARROW FOR CHILDREN ,26,32,408.0
0,22277,COSMETIC BAG VINTAGE ROSE PAISLEY,29,206,407.6
0,22131,FOOD CONTAINER SET 3 LOVE HEART ,53,209,407.54999999999995
0,79000,MOROCCAN TEA GLASS,24,513,407.45
0,23155,KNICKERBOCKERGLORY MAGNET ASSORTED ,45,489,405.86999999999995
0,85185B,PINK HORSE SOCK PUPPET,22,144,405.6
0,21624,VINTAGE UNION JACK DOORSTOP,30,68,404.6
0,22710,WRAP I LOVE LONDON ,27,1000,404.0
0,21792,CLASSIC FRENCH STYLE BASKET GREEN ,23,90,403.1
0,21258,VICTORIAN SEWING BOX LARGE,24,32,402.6
0,21819,GLITTER CHRISTMAS STAR ,48,997,402.17
0,85036A,GARDENIA 1 WICK MORRIS BOXED CANDLE,23,115,401.99
0,84536B,FAIRY CAKES NOTEBOOK A7 SIZE,43,1086,401.72
0,20665,RED RETROSPOT PURSE ,28,136,401.20000000000005
0,21845,DAIRY MAID STRIPE MUG,21,475,401.17
0,47503A,ASS FLORAL PRINT MULTI SCREWDRIVER,57,886,401.17
0,22902,TOTE BAG I LOVE LONDON,29,191,401.1
0,22913,RED COAT RACK PARIS FASHION,40,81,400.95000000000005
0,21201,TROPICAL  HONEYCOMB PAPER GARLAND ,19,157,400.34999999999997
0,21989,PACK OF 20 SKULL PAPER NAPKINS,59,471,400.34999999999997
0,22310,IVORY KNITTED MUG COSY ,14,260,399.0
0,22783,SET 3 WICKER OVAL BASKETS W LIDS,12,26,398.7
0,23433,HANGING QUILTED PATCHWORK APPLES,39,480,398.4
0,21916,SET 12 RETRO WHITE CHALK STICKS,69,948,398.16
0,21626,VINTAGE UNION JACK PENNANT,27,204,397.8
0,22503,CABIN BAG VINTAGE PAISLEY,7,15,397.65
0,21111,"SWISS ROLL TOWEL, CHOCOLATE  SPOTS",20,263,396.75
0,23107,WHITE HEARTS WIRE PLANT POT HOLDER,27,143,396.47
0,79164,BLACK WINE GLASS,9,1016,396.24
0,22997,TRAVEL CARD WALLET UNION JACK,57,942,395.64
0,72802B,OCEAN SCENT CANDLE IN JEWELLED BOX,31,93,395.25
0,84012,MAGIC SHEEP WOOL GROWING FROM PAPER,41,433,395.25
0,20961,STRAWBERRY BATH SPONGE ,40,316,395.0
0,22742,MAKE YOUR OWN PLAYTIME CARD KIT,29,152,394.40000000000003
0,22461,SAVOY ART DECO CLOCK,25,58,393.9
0,21613,S/12 VANILLA  BOTANICAL T-LIGHTS,20,140,393.8
0,23232,WRAP VINTAGE PETALS  DESIGN,29,975,393.5
0,21509,COWBOYS AND INDIANS BIRTHDAY CARD ,70,936,393.12
0,22948,METAL DECORATION NAUGHTY CHILDREN ,30,462,392.7
0,84032B,CHARLIE + LOLA RED HOT WATER BOTTLE,49,174,392.34000000000003
0,21389,IVORY HANGING DECORATION  BIRD,37,461,391.84999999999997
0,21615,4 LAVENDER BOTANICAL DINNER CANDLES,39,283,391.25
0,22891,TEA FOR ONE POLKADOT,42,92,391.0
0,21967,PACK OF 12 SKULL TISSUES,58,1193,390.66999999999996
0,22995,TRAVEL CARD WALLET SUKI,40,930,390.59999999999997
0,23041,PAPER LANTERN 9 POINT SNOW STAR,20,94,390.1
0,20963,APPLE BATH SPONGE,35,312,390.0
0,22676,FRENCH BLUE METAL DOOR SIGN 1,33,312,390.0
0,23286,BLUE VINTAGE SPOT BEAKER,52,458,389.3
0,21123,SET/10 IVORY POLKADOT PARTY CANDLES,27,311,388.75
0,85035A,GARDENIA 3 WICK MORRIS BOXED CANDLE,39,138,388.5
0,21981,PACK OF 12 WOODLAND TISSUES ,66,1230,388.4
0,21039,RED RETROSPOT SHOPPING BAG,21,152,387.59999999999997
0,22583,PACK OF 6 HANDBAG GIFT BOXES,27,152,387.59999999999997
0,22314,OFFICE MUG WARMER CHOC+BLUE,31,140,387.50000000000006
0,22597,MUSICAL ZINC HEART DECORATION ,42,1080,387.12
0,84032A,CHARLIE+LOLA PINK HOT WATER BOTTLE,36,142,386.50000000000006
0,23375,50'S CHRISTMAS PAPER GIFT BAG,38,471,386.21999999999997
0,23405,HOME SWEET HOME 2 DRAWER CABINET,26,78,386.1
0,21557,SET OF 6 FUNKY BEAKERS,8,147,385.65
0,22094,RED RETROSPOT TISSUE BOX,56,928,384.28000000000003
0,71459,HANGING JAM JAR T-LIGHT HOLDERS,20,480,383.03999999999996
0,22735,RIBBON REEL SOCKS AND MITTENS,30,232,382.8
0,22285,HANGING HEN ON NEST DECORATION,29,232,382.79999999999995
0,21471,STRAWBERRY RAFFIA FOOD COVER,32,102,382.5
0,22977,DOLLY GIRL CHILDRENS EGG CUP,40,306,382.5
0,22537,MAGIC DRAWING SLATE DINOSAUR,67,909,381.78
0,71477,COLOURED GLASS STAR T-LIGHT HOLDER,16,111,381.69
0,51014L,"FEATHER PEN,LIGHT PINK",45,819,381.51
0,22755,SMALL PURPLE BABUSHKA NOTEBOOK ,59,566,380.3
0,22244,3 HOOK HANGER MAGIC GARDEN,29,195,380.25
0,90209C,PINK ENAMEL+GLASS HAIR COMB,8,215,380.1
0,85159B,"WHITE TEA,COFFEE,SUGAR JARS",26,197,379.65
0,72800E,4 IVORY DINNER CANDLES SILVER FLOCK,35,202,379.1
0,22439,6 ROCKET BALLOONS ,56,582,378.3
0,22452,MEASURING TAPE BABUSHKA PINK,24,128,377.6000000000001
0,21696,SMALL SILVER TRELLIS CANDLEPOT,18,128,377.6
0,15058A,BLUE POLKADOT GARDEN PARASOL,18,49,377.55
0,23026,DRAWER KNOB VINTAGE GLASS STAR,20,181,376.48
0,23406,HOME SWEET HOME KEY HOLDER,34,60,375.0
0,70006,LOVE HEART POCKET WARMER,31,512,374.7
0,21041,RED RETROSPOT OVEN GLOVE DOUBLE,37,127,374.65000000000003
0,37446,MINI CAKE STAND WITH HANGING CAKES,45,258,374.09999999999997
0,23505,PLAYING CARDS I LOVE LONDON ,42,299,373.75
0,72818,CHRISTMAS DECOUPAGE CANDLE,16,950,372.8
0,84997A,GREEN 3 PIECE POLKADOT CUTLERY SET,18,95,372.65000000000003
0,18007,ESSENTIAL BALM 3.5g TIN IN ENVELOPE,14,5794,372.6
0,22278,OVERNIGHT BAG VINTAGE ROSE PAISLEY,28,75,371.25
0,23492,VINTAGE JINGLE BELLS WREATH,17,45,371.25
0,21329,DINOSAURS  WRITING SET ,71,225,371.24999999999994
0,23452,HEART MINI PORTRAIT FRAME,38,190,370.5
0,22063,CERAMIC BOWL WITH STRAWBERRY DESIGN,38,140,369.80000000000007
0,22944,CHRISTMAS METAL POSTCARD WITH BELLS,23,936,369.34000000000003
0,23285,PINK VINTAGE SPOT BEAKER,50,434,368.9
0,23231,WRAP  VINTAGE DOILY ,35,875,367.5
0,22924,FRIDGE MAGNETS LA VIE EN ROSE,31,450,366.9
0,22372,AIRLINE BAG VINTAGE WORLD CHAMPION ,37,88,366.8
0,20686,DOLLY MIXTURE CHILDREN'S UMBRELLA,20,112,364.0
0,21125,SET 6 FOOTBALL CELEBRATION CANDLES,28,291,363.75
0,21913,VINTAGE SEASIDE JIGSAW PUZZLES,31,97,363.75
0,23409,PHOTO FRAME LINEN AND LACE LARGE,20,97,363.75
0,22712,CARD DOLLY GIRL ,71,864,362.88
0,23073,GEORGIAN TRINKET BOX,20,29,362.5
0,22099,CARAVAN SQUARE TISSUE BOX,49,827,361.23
0,23391, I LOVE LONDON MINI BACKPACK,22,87,361.05
0,23002,TRAVEL CARD WALLET SKULLS,40,857,359.94
0,22586,FELTCRAFT HAIRBAND PINK AND BLUE,55,423,359.54999999999995
0,23019,SMALL APOTHECARY MEASURING JAR ,17,46,359.5
0,23479,WIRE EGG BASKET ,15,49,359.45
0,20668,DISCO BALL CHRISTMAS DECORATION,56,3173,357.71999999999997
0,22098,BOUDOIR SQUARE TISSUE BOX,54,756,355.90000000000003
0,22478,BIRDHOUSE GARDEN MARKER ,25,284,355.0
0,22334,DINOSAUR PARTY BAG + STICKER SET,33,214,353.09999999999997
0,72802C,VANILLA SCENT CANDLE JEWELLED BOX,26,83,352.75
0,84795B,SUNSET CHECK HAMMOCK,10,48,351.6
0,22438,BALLOON ART MAKE YOUR OWN FLOWERS,32,371,350.61
0,21617,4 LILY  BOTANICAL DINNER CANDLES,30,188,350.0
0,23376,PACK OF 12 VINTAGE CHRISTMAS TISSUE,44,897,349.83
0,22243,5 HOOK HANGER RED MAGIC TOADSTOOL,25,212,349.79999999999995
0,82599,FANNY'S REST STOPMETAL SIGN,34,166,348.6
0,22500,SET OF 2 TINS JARDIN DE PROVENCE,38,107,348.35
0,21327,SKULLS WRITING SET ,52,211,348.15
0,23432,PRETTY HANGING QUILTED HEARTS,30,419,347.77
0,21033,JUMBO BAG CHARLIE AND LOLA TOYS,24,137,347.6
0,20956,PORCELAIN T-LIGHT HOLDERS ASSORTED,25,278,347.5
0,22711,WRAP CIRCUS PARADE,31,825,346.5
0,22691,DOORMAT WELCOME SUNRISE,24,45,346.35
0,22754,SMALL RED BABUSHKA NOTEBOOK ,56,505,345.65
0,23431,NATURAL HANGING QUILTED HEARTS ,35,416,345.28
0,22361,GLASS JAR DAISY FRESH COTTON WOOL,46,117,345.15000000000003
0,22453,MEASURING TAPE BABUSHKA BLUE,19,117,345.15000000000003
0,23138,SINGLE WIRE HOOK IVORY HEART,32,238,345.09999999999997
0,22994,TRAVEL CARD WALLET RETROSPOT,39,821,344.82
0,84968C,SET OF 16 VINTAGE PISTACHIO CUTLERY,15,27,344.25
0,23472, NINE DRAWER OFFICE TIDY,16,24,344.09999999999997
0,23400,SHELF WITH 4 HOOKS HOME SWEET HOME,32,55,343.75
0,22653,BUTTON BOX ,31,175,341.25
0,22673,FRENCH GARDEN SIGN BLUE METAL,35,273,341.25
0,22677,FRENCH BLUE METAL DOOR SIGN 2,32,273,341.25
0,23087,ZINC  HEART T-LIGHT HOLDER,19,273,341.25
0,23250,VINTAGE RED TRIM ENAMEL BOWL ,28,273,341.25
0,22081,RIBBON REEL FLORA + FAUNA ,29,206,339.9
0,22859,EASTER TIN BUNNY BOUQUET,45,206,339.9
0,23506,MINI PLAYING CARDS SPACEBOY ,54,807,338.94
0,23681,LUNCH BAG RED VINTAGE DOILY,32,205,338.25
0,21823,PAINTED METAL HEART WITH HOLLY BELL,35,549,338.13
0,22546,MINI JIGSAW PURDEY,19,941,337.76
0,21465,PINK FLOWER CROCHET FOOD COVER,29,90,337.5
0,23153,ZINC SWEETHEART WIRE LETTER RACK,29,90,337.5
0,85019B,BLOSSOM  IMAGES NOTEBOOK SET,12,270,337.5
0,23104,IVORY CAFE HANGING LAMP ,12,29,337.3
0,21872,GLAMOROUS  MUG,43,275,336.91
0,22110,BIRD HOUSE HOT WATER BOTTLE,50,132,336.59999999999997
0,21395,BLUE POLKADOT BEAKER ,28,862,336.18
0,22221,CAKE STAND LOVEBIRD 2 TIER PINK,18,38,336.09999999999997
0,21537,RED RETROSPOT PUDDING BOWL,24,79,335.75
0,84596F,SMALL MARSHMALLOWS PINK BOWL,74,718,335.59
0,21352,EUCALYPTUS & PINECONE  WREATH,13,106,335.50000000000006
0,22210,WOOD STAMP SET BEST WISHES,61,383,335.10999999999996
0,22566,FELTCRAFT HAIRBAND PINK AND PURPLE,47,394,334.9
0,23193,BUFFALO BILL TREASURE BOOK BOX,41,150,334.78
0,21246,RED RETROSPOT BIG BOWL,12,71,334.65000000000003
0,21988,PACK OF 6 SKULL PAPER PLATES,45,393,334.04999999999995
0,82578,KITCHEN METAL SIGN,73,607,333.85
0,23017,APOTHECARY MEASURING JAR,12,28,333.8
0,21198,WHITE HEART CONFETTI IN TUBE,21,345,333.09
0,22440,BALLOON WATER BOMB PACK OF 35,50,791,332.22
0,85199S,SMALL HANGING IVORY/RED WOOD BIRD,45,789,331.38
0,23345, DOLLY GIRL BEAKER,33,265,331.25
0,22318,FIVE HEART HANGING DECORATION,28,112,330.40000000000003
0,84510A,SET OF 4 ENGLISH ROSE COASTERS,44,264,330.0
0,21204,DAISIES  HONEYCOMB GARLAND ,23,200,329.99999999999994
0,22093,MOTORING TISSUE BOX,53,788,329.68
0,22342,HOME GARLAND PAINTED ZINC ,28,367,329.25
0,22533,MAGIC DRAWING SLATE BAKE A CAKE ,32,866,329.15999999999997
0,22276,WASH BAG VINTAGE ROSE PAISLEY,28,129,328.95
0,21519,GIN & TONIC DIET GREETING CARD ,56,792,328.32
0,22252,BIRDCAGE DECORATION TEALIGHT HOLDER,24,277,328.01
0,22678,FRENCH BLUE METAL DOOR SIGN 3,31,262,327.5
0,23381,PACK OF 12 VINTAGE LEAF TISSUES ,26,917,327.39
0,21407,BROWN CHECK CAT DOORSTOP ,36,77,327.25
0,21789,KIDS RAIN MAC PINK,28,385,327.25
0,84763,ZINC FINISH 15CM PLANTER POTS,16,291,326.51
0,85227,SET OF 6 3D KIT CARDS FOR KIDS,56,384,326.4
0,85183B,CHARLIE & LOLA WASTEPAPER BIN FLORA,33,245,326.25
0,23335,EGG FRYING PAN IVORY ,38,162,325.92
0,22708,WRAP DOLLY GIRL,31,775,325.5
0,22473,TV DINNER TRAY VINTAGE PAISLEY,16,139,325.05
0,23106,ZINC HEARTS PLANT POT HOLDER,22,126,324.24
0,21078,SET/20 STRAWBERRY PAPER NAPKINS ,70,381,323.84999999999997
0,21875,KINGS CHOICE MUG,34,270,323.82
0,22306,SILVER MUG BONE CHINA TREE OF LIFE,29,299,323.78000000000003
0,35648,VINTAGE BEAD PINK PURSE ,22,335,322.37
0,22808,SET OF 6 T-LIGHTS EASTER CHICKS,18,123,322.05000000000007
0,20986,BLUE CALCULATOR RULER,16,288,322.0
0,22445,PENCIL CASE LIFE IS BEAUTIFUL,34,109,321.55
0,21126,SET OF 6 GIRLS CELEBRATION CANDLES,31,257,321.25
0,84950,ASSORTED COLOUR T-LIGHT HOLDER,31,508,320.6
0,23119,PACK OF 6 LARGE FRUIT STRAWS ,41,517,320.53999999999996
0,22857,ASSORTED EASTER GIFT TAGS,24,376,319.59999999999997
0,21107,CREAM SLICE FLANNEL PINK SPOT ,21,111,317.85
0,22714,CARD BIRTHDAY COWBOY,57,756,317.52
0,21984,PACK OF 12 PINK PAISLEY TISSUES ,59,965,316.15
0,22416,SET OF 36 DOILIES SPACEBOY DESIGN ,21,218,316.09999999999997
0,22227,HANGING HEART MIRROR DECORATION ,34,485,315.25
0,21191,LARGE WHITE HONEYCOMB PAPER BELL  ,18,150,315.0
0,22705,WRAP GREEN PEARS ,29,750,315.0
0,37342,POLKADOT COFFEE CUP & SAUCER PINK,23,395,314.93
0,23102,SILVER HEARTS TABLE DECORATION,51,379,314.57
0,23288,GREEN VINTAGE SPOT BEAKER,46,370,314.5
0,21781,MA CAMPAGNE CUTLERY BOX,17,21,313.95
0,37340,MULTICOLOUR SPRING FLOWER MUG,24,790,313.62
0,22651,GENTLEMAN SHIRT REPAIR KIT ,29,368,312.79999999999995
0,17091J,VANILLA INCENSE IN TIN,27,770,312.61
0,22477,WATERING CAN GARDEN MARKER,24,250,312.5
0,23557,LANDMARK FRAME BAKER STREET ,15,25,312.5
0,23220,REINDEER HEART DECORATION GOLD,32,376,312.08
0,72817,SET OF 2 CHRISTMAS DECOUPAGE CANDLE,32,365,310.43
0,23508,MINI PLAYING CARDS DOLLY GIRL ,47,738,309.96000000000004
0,23542,WALL ART 70'S ALPHABET ,17,39,308.15
0,22209,WOOD STAMP SET HAPPY BIRTHDAY,48,303,308.07
0,22313,OFFICE MUG WARMER PINK,21,105,308.05000000000007
0,85019A,ROMANTIC IMAGES NOTEBOOK SET,12,244,308.0
0,20772,GARDEN PATH JOURNAL,18,130,307.65
0,22028,PENNY FARTHING BIRTHDAY CARD,58,732,307.44
0,21682,LARGE MEDINA STAMPED METAL BOWL ,15,62,306.90000000000003
0,23178,JAM CLOCK MAGNET,31,106,306.34
0,22074,6 RIBBONS SHIMMERING PINKS ,27,412,306.29999999999995
0,21747,SMALL SKULL WINDMILL,21,260,306.28000000000003
0,37370,RETRO COFFEE MUGS ASSORTED,31,244,306.2
0,21902,"KEY FOB , FRONT  DOOR ",59,471,306.15000000000003
0,21179,NO JUNK MAIL METAL SIGN,51,471,305.81
0,23392,SPACEBOY ROCKET LOLLY MAKERS,26,147,305.76
0,23545,WRAP RED VINTAGE DOILY,26,725,304.5
0,22123,PING MICROWAVE APRON,26,178,303.53999999999996
0,23018,LARGE APOTHECARY MEASURING JAR ,11,26,303.4
0,35646,VINTAGE BEAD PINK EVENING BAG,18,233,303.25
0,22535,MAGIC DRAWING SLATE BUNNIES ,51,720,302.4
0,22609,PENS ASSORTED SPACEBALL,36,1440,302.4
0,20931,BLUE POT PLANT CANDLE ,18,101,302.35
0,16225,RATTLE SNAKE EGGS,24,349,301.87
0,20996,JAZZ HEARTS ADDRESS BOOK,70,1473,301.26000000000005
0,84086C,PINK/PURPLE RETRO RADIO,10,102,300.90000000000003
0,22591,CARDHOLDER GINGHAM CHRISTMAS TREE,21,93,300.85
0,22858,EASTER TIN KEEPSAKE,41,182,300.29999999999995
0,15039,SANDALWOOD FAN,23,466,300.1
0,20967,GREY FLORAL FELTCRAFT SHOULDER BAG,28,80,300.0
0,90057,DIAMANTE RING ASSORTED IN BOX.,9,240,300.0
0,23280,FOLDING BUTTERFLY MIRROR HOT PINK ,45,361,299.63
0,23419,HOME SWEET HOME BOTTLE ,26,144,299.52000000000004
0,22451,SILK PURSE BABUSHKA RED,15,95,299.05000000000007
0,37501,TEA TIME TEA SET IN GIFT BOX,11,43,298.85
0,22167, OVAL WALL MIRROR DIAMANTE ,18,30,298.5
0,85103,SILVER T-LIGHT SETTING,3,50,298.3
0,22097,SWALLOW SQUARE TISSUE BOX,44,659,296.57
0,21983,PACK OF 12 BLUE PAISLEY TISSUES ,48,929,296.51
0,22575,METAL MERRY CHRISTMAS WREATH,31,152,296.4
0,85173,SET/6 FROG PRINCE T-LIGHT CANDLES,20,224,296.32
0,21658,GLASS  BEURRE DISH,33,75,296.25
0,23511,EMBROIDERED RIBBON REEL EMILY ,30,142,295.36
0,22067,CHOC TRUFFLE GOLD TRINKET POT ,19,208,295.32
0,22680,FRENCH BLUE METAL DOOR SIGN 5,29,236,295.0
0,23535,BICYCLE SAFTEY WALL ART,8,52,295.0
0,23471,SIX DRAWER OFFICE TIDY,15,31,294.84999999999997
0,85135C,RED DRAGONFLY HELICOPTER,24,37,294.15
0,82567,"AIRLINE LOUNGE,METAL SIGN",52,140,294.0
0,23056,FLOWERS CHANDELIER T-LIGHT HOLDER,13,47,293.75
0,22161,HEART DECORATION RUSTIC HANGING ,63,1380,293.02000000000004
0,23223,CHRISTMAS TREE HANGING SILVER ,28,353,292.98999999999995
0,35471D,SET OF 3 BIRD LIGHT PINK FEATHER ,56,749,292.11
0,21896,POTTING SHED TWINE,37,139,291.90000000000003
0,22117,METAL SIGN HER DINNER IS SERVED ,33,150,291.3
0,22165,"DIAMANTE HEART SHAPED WALL MIRROR, ",12,33,291.15
0,22309,TEA COSY RED  STRIPE,21,123,291.15
0,20802,SMALL GLASS SUNDAE DISH CLEAR,20,212,291.11999999999995
0,22153,ANGEL DECORATION STARS ON DRESS,32,693,291.06
0,16016,LARGE CHINESE STYLE SCISSOR,21,342,290.7
0,22393,PAPERWEIGHT VINTAGE COLLAGE,24,191,289.77
0,16237,SLEEPING CAT ERASERS,69,1379,289.59
0,22207,FRYING PAN UNION FLAG,23,68,289.0
0,22922,FRIDGE MAGNETS US DINER ASSORTED,20,358,288.7
0,22687,DOORMAT CHRISTMAS VILLAGE,14,36,286.98
0,22565,FELTCRAFT HAIRBANDS PINK AND WHITE ,41,337,286.45
0,23140,TRIPLE WIRE HOOK IVORY HEART,16,69,286.35
0,23543,KEEP CALM WALL ART ,9,37,286.05
0,23099,FRENCH CARRIAGE LANTERN,25,43,285.95
0,22685,FRENCH BLUE METAL DOOR SIGN 0,27,228,285.0
0,85054,FRENCH ENAMEL POT W LID,22,124,284.20000000000005
0,23458,DOLLY CABINET 3 DRAWERS ,18,19,284.05
0,22671,FRENCH LAUNDRY SIGN BLUE METAL,25,172,283.79999999999995
0,35651,VINTAGE BEAD PINK SCARF ,17,172,283.79999999999995
0,22985,WRAP BILLBOARD FONTS DESIGN,23,675,283.5
0,21824,PAINTED METAL STAR WITH HOLLY BELLS,36,588,283.38
0,22399,MAGNETS PACK OF 4 CHILDHOOD MEMORY,27,226,282.5
0,85059,FRENCH ENAMEL WATER BASIN,28,102,282.5
0,23403,LETTER HOLDER HOME SWEET HOME,31,75,281.25
0,15044B,BLUE PAPER PARASOL ,14,102,280.9
0,22096,PINK PAISLEY SQUARE TISSUE BOX ,41,707,280.89000000000004
0,21294,ETCHED GLASS COASTER,29,556,280.48
0,21391,FRENCH LAVENDER SCENT HEART,23,282,280.35
0,85107,CUT GLASS T-LIGHT HOLDER OCTAGON,13,134,279.78
0,22320,BIRDS MOBILE VINTAGE DESIGN,17,47,279.65000000000003
0,85231B,CINAMMON SET OF 9 T-LIGHTS,46,328,278.8
0,22953,BIRTHDAY PARTY CORDON BARRIER TAPE,30,223,278.75
0,85111,SILVER GLITTER FLOWER VOTIVE HOLDER,25,959,278.10999999999996
0,21820,GLITTER HEART GARLAND WITH BELLS ,22,74,277.5
0,21508,VINTAGE KID DOLLY CARD ,50,660,277.2
0,21679,SKULLS  STICKERS,24,325,276.25
0,22304,COFFEE MUG BLUE PAISLEY DESIGN,19,108,275.4
0,22802,FAUX FUR CHOCOLATE THROW,11,18,275.1
0,22999,TRAVEL CARD WALLET RETRO PETALS,21,655,275.1
0,22341,LOVE GARLAND PAINTED ZINC ,16,166,273.9
0,22706,WRAP COWBOYS  ,25,650,273.0
0,22986,GINGHAM ROSE WRAP,25,650,273.0
0,22984,CARD GINGHAM ROSE ,45,660,272.88
0,23534,STOP FOR TEA WALL ART,11,47,272.45
0,85039B,S/4 IVORY MINI ROSE CANDLE IN BOWL,16,178,272.09999999999997
0,21899,"KEY FOB , GARAGE DESIGN",47,418,271.70000000000005
0,22315,200 RED + WHITE BENDY STRAWS,36,217,271.25
0,22679,FRENCH BLUE METAL DOOR SIGN 4,28,217,271.25
0,22788,BROCANTE COAT RACK,12,29,271.15
0,21987,PACK OF 6 SKULL PAPER CUPS,48,417,271.05
0,22860,EASTER TIN CHICKS PINK DAISY,33,164,270.59999999999997
0,23142,IVORY WIRE KITCHEN ORGANISER,15,26,270.40000000000003
0,22777,GLASS CLOCHE LARGE,12,33,270.3
0,20767,BLUE PAISLEY JOURNAL ,31,106,270.29999999999995
0,22757,LARGE RED BABUSHKA NOTEBOOK ,34,254,270.2
0,21894,POTTING SHED SEED ENVELOPES,26,216,270.0
0,21206,STRAWBERRY HONEYCOMB  GARLAND ,20,163,268.95
0,22203,MILK PAN RED RETROSPOT,30,91,268.75
0,84884A,ANT WHITE WIRE HEART SPIRAL,21,73,268.35
0,22217,T-LIGHT HOLDER HANGING LACE,28,276,267.6
0,23179,CLOCK MAGNET MUM'S KITCHEN,15,92,265.88
0,22068,BLACK PIRATE TREASURE CHEST,32,190,265.62
0,23070,EDWARDIAN HEART PHOTO FRAME,14,64,265.6
0,22911,PAPER CHAIN KIT LONDON,27,90,265.50000000000006
0,21288,STRIPEY CHOCOLATE NESTING BOXES,18,90,265.5
0,22973,CHILDREN'S CIRCUS PARADE MUG,24,160,263.99999999999994
0,22168,ORGANISER WOOD ANTIQUE WHITE ,22,31,263.5
0,22539,MINI JIGSAW DOLLY GIRL,35,657,263.29
0,22496,SET OF 2 ROUND TINS DUTCH CHEESE,33,144,262.8
0,85130D,BEADED CRYSTAL HEART PINK LARGE,23,241,262.63
0,21422,PORCELAIN ROSE SMALL,16,308,261.8
0,71038,WHITE HANGING BEADS CANDLE HOLDER,19,48,261.6
0,22495,SET OF 2 ROUND TINS CAMEMBERT ,32,145,261.43
0,22471,TV DINNER TRAY AIR HOSTESS ,20,72,260.40000000000003
0,21636,MADRAS NOTEBOOK MEDIUM,34,347,260.25
0,23027,DRAWER KNOB VINTAGE GLASS HEXAGON,15,125,260.0
0,22804,PINK HANGING HEART T-LIGHT HOLDER,25,88,259.6
0,85141,JARDIN ETCHED GLASS FRUITBOWL,21,38,259.5
0,84819,DANISH ROSE ROUND SEWING BOX,23,194,259.4
0,23462,ROCOCO WALL MIRROR WHITE,17,13,259.35
0,22497,SET OF 2 TINS VINTAGE BATHROOM ,24,61,259.25
0,21883,STARS GIFT TAPE ,39,517,259.23
0,23040,PAPER LANTERN 9 POINT SNOW STAR ,14,45,258.75
0,23487,SWEET HEART CAKE CARRIER,20,26,258.7
0,22267,EASTER DECORATION EGG BUNNY ,40,275,258.61
0,23513,EMBROIDERED RIBBON REEL SUSIE ,26,124,257.92
0,85159A,"BLACK TEA,COFFEE,SUGAR JARS",19,145,257.55
0,22613,PACK OF 20 SPACEBOY NAPKINS,36,303,257.54999999999995
0,22683,FRENCH BLUE METAL DOOR SIGN 8,28,206,257.5
0,85232D,SET/3 DECOUPAGE STACKING TINS,19,52,257.40000000000003
0,23517,EMBROIDERED RIBBON REEL REBECCA ,22,89,257.21
0,23237,SET OF 4 KNICK KNACK TINS LEAVES ,12,62,256.90000000000003
0,21683,MEDIUM MEDINA STAMPED METAL BOWL ,17,87,256.65000000000003
0,21986,PACK OF 12 PINK POLKADOT TISSUES,56,816,256.53999999999996
0,22660,DOORMAT I LOVE LONDON,17,32,256.5
0,22682,FRENCH BLUE METAL DOOR SIGN 7,24,205,256.25
0,22281,EASTER TREE YELLOW BIRDS,15,43,255.85
0,22786,CUSHION COVER PINK UNION JACK,13,43,255.85
0,23249,VINTAGE RED ENAMEL TRIM PLATE,20,155,255.74999999999997
0,20748,KENSINGTON COFFEE SET,11,20,255.0
0,22753,SMALL YELLOW BABUSHKA NOTEBOOK ,53,373,254.96999999999997
0,22806,SET OF 6 T-LIGHTS WEDDING CAKE ,15,121,254.95000000000002
0,23526,DOG LICENCE WALL ART,9,44,254.6
0,23025,DRAWER KNOB VINTAGE GLASS BALL,17,122,253.76000000000002
0,22062,CERAMIC BOWL WITH LOVE HEART DESIGN,14,142,253.54000000000002
0,22199,FRYING PAN RED RETROSPOT,27,90,253.5
0,85036C,ROSE 1 WICK MORRIS BOXED CANDLE,33,154,253.10000000000002
0,22118,JOY WOODEN BLOCK LETTERS,30,87,253.05
0,23113,PANTRY CHOPPING BOARD,20,51,252.45000000000002
0,21864,UNION JACK FLAG PASSPORT COVER ,18,120,252.00000000000003
0,22307,GOLD MUG BONE CHINA TREE OF LIFE,28,221,251.53
0,21469,POLKA DOT RAFFIA FOOD COVER,25,67,251.25
0,20985,HEART CALCULATOR,23,216,251.0
0,22709,WRAP WEDDING DAY,18,625,250.5
0,23055,IVORY CHANDELIER T-LIGHT HOLDER,15,40,250.0
0,23401,RUSTIC MIRROR WITH LACE HEART,24,40,250.0
0,21586,KINGS CHOICE GIANT TUBE MATCHES,19,98,249.89999999999998
0,21631,HIPPY CHIC DECORATIVE PARASOL,6,61,249.75000000000003
0,22758,LARGE PURPLE BABUSHKA NOTEBOOK  ,33,260,249.32
0,22519,CHILDS GARDEN BRUSH PINK,19,123,249.3
0,21447,12 IVORY ROSE PEG PLACE SETTINGS,25,199,248.75
0,23460,SWEETHEART WALL TIDY ,16,25,248.74999999999997
0,22713,CARD I LOVE LONDON ,44,591,248.22
0,21706,FOLDING UMBRELLA RED/WHITE POLKADOT,18,50,247.5
0,84279B,CHERRY BLOSSOM DECORATIVE FLASK,26,66,247.5
0,85183A,CHARLIE & LOLA WASTEPAPER BIN BLUE,29,196,247.5
0,22915,ASSORTED BOTTLE TOP  MAGNETS ,40,706,246.84
0,23244,ROUND STORAGE TIN VINTAGE LEAF,24,126,245.7
0,21043,APRON MODERN VINTAGE COTTON,21,97,245.15
0,22364,GLASS JAR DIGESTIVE BISCUITS,41,83,244.85000000000002
0,23058,CHRISTMAS HANGING SNOWFLAKE,20,284,244.76000000000002
0,23536,WALL ART VILLAGE SHOW ,17,41,243.95000000000002
0,21068,VINTAGE BILLBOARD LOVE/HATE MUG,26,206,243.82
0,21689,SILVER VANILLA  FLOWER CANDLE POT,15,65,243.75
0,22681,FRENCH BLUE METAL DOOR SIGN 6,23,195,243.75
0,23069,EDWARDIAN PHOTO FRAME,12,39,243.75
0,84581,DOG TOY WITH PINK CROCHET SKIRT,27,65,243.75
0,23514,EMBROIDERED RIBBON REEL SALLY ,20,117,243.36
0,21700,BIG DOUGHNUT FRIDGE MAGNETS,20,286,243.1
0,22255,FELT TOADSTOOL  SMALL,17,286,243.1
0,22254,FELT TOADSTOOL LARGE,17,194,242.5
0,84754,S/15 SILVER GLASS BAUBLES IN BAG,22,194,242.5
0,84828,JUNGLE POPSICLES ICE LOLLY MOULDS,31,194,242.5
0,21175,GIN AND TONIC DIET METAL SIGN,12,95,242.25
0,21361,LOVE LARGE WOOD LETTERS ,18,19,242.25
0,85114C,RED ENCHANTED FOREST PLACEMAT,20,154,242.09999999999997
0,23222,CHRISTMAS TREE HANGING GOLD,27,291,241.52999999999997
0,22288,HANGING METAL RABBIT DECORATION,14,193,241.25
0,21211,SET OF 72 SKULL PAPER  DOILIES,18,166,240.7
0,21199,PINK  HEART CONFETTI IN TUBE,19,253,240.32999999999998
0,22223,CAKE PLATE LOVEBIRD PINK,11,72,240.0
0,21162,TOXIC AREA  DOOR HANGER ,50,392,239.79999999999998
0,22803,IVORY EMBROIDERED QUILT ,5,6,239.70000000000002
0,20932,PINK POT PLANT CANDLE,13,99,239.55
0,22543,MINI JIGSAW BAKE A CAKE ,13,640,239.53999999999996
0,47504H,ENGLISH ROSE SPIRIT LEVEL ,35,299,239.29000000000002
0,22642,SET OF 4 NAPKIN CHARMS STARS   ,15,139,238.88000000000002
0,22211,WOOD STAMP SET FLOWERS,47,255,238.70999999999998
0,22608,PENS ASSORTED FUNKY JEWELED ,26,1116,238.68
0,22264,FELT FARM ANIMAL WHITE BUNNY ,20,653,238.25
0,72802A,ROSE SCENT CANDLE IN JEWELLED BOX,23,56,238.0
0,23451,SQUARE MINI PORTRAIT FRAME,20,122,237.89999999999998
0,21618,4 WILDFLOWER BOTANICAL CANDLES,28,154,237.5
0,22231,JIGSAW TREE WITH BIRDHOUSE,43,245,236.57
0,21650,ASSORTED TUTTI FRUTTI BRACELET,28,1243,236.17000000000002
0,20839,FRENCH PAISLEY CUSHION COVER ,25,263,236.14999999999998
0,22251,BIRDHOUSE DECORATION MAGIC GARDEN,28,188,235.0
0,21317,GLASS SPHERE CANDLE STAND MEDIUM,13,43,234.85
0,23551,PACK OF 12 PAISLEY PARK TISSUES ,36,602,234.77999999999997
0,22305,COFFEE MUG PINK PAISLEY DESIGN,15,92,234.6
0,22999,TRAVEL CARD WALLET VINTAGE LEAF,27,558,234.35999999999999
0,22129,PARTY CONES CANDY TREE DECORATION,6,312,234.0
0,23135,SMALL ZINC HEART WALL ORGANISER,11,44,233.8
0,22376,AIRLINE BAG VINTAGE JET SET WHITE,26,55,233.75
0,22480,RED TEA TOWEL CLASSIC DESIGN,25,187,233.75
0,35001W,HAND OPEN SHAPE DECO.WHITE,2,79,233.59000000000003
0,21463,MIRRORED DISCO BALL ,24,45,233.25
0,15044A,PINK PAPER PARASOL ,17,79,233.05000000000004
0,23559,WOODLAND BUNNIES LOLLY MAKERS,21,112,232.96
0,21408,SPOTTY PINK DUCK DOORSTOP,21,60,232.0
0,23549,WRAP BIRD GARDEN ,21,550,231.0
0,23550,WRAP ALPHABET POSTER  ,21,550,231.0
0,90200D,PINK SWEETHEART BRACELET,12,57,230.25
0,21262,WHITE GOOSE FEATHER CHRISTMAS TREE ,18,78,230.10000000000002
0,85039A,SET/4 RED MINI ROSE CANDLE IN BOWL,13,151,229.95
0,23272,TREE T-LIGHT HOLDER WILLIE WINKIE,18,169,229.70999999999998
0,22375,AIRLINE BAG VINTAGE JET SET BROWN,27,54,229.5
0,22862,LOVE HEART NAPKIN BOX ,15,54,229.5
0,72803A,ROSE SCENT CANDLE JEWELLED DRAWER,24,54,229.5
0,84968D,SET OF 16 VINTAGE RED CUTLERY,10,18,229.5
0,90062,CARNIVAL BRACELET,6,18,229.5
0,22389,PAPERWEIGHT SAVE THE PLANET,21,141,229.23
0,84974,S/2 ZINC HEART DESIGN PLANTERS,14,23,228.85
0,20764,ABSTRACT CIRCLES SKETCHBOOK ,27,61,228.75
0,23423,PANTRY 3 HOOK ROLLING PIN HANGER,18,61,228.75
0,21812,GARLAND WITH HEARTS AND BELLS,13,46,227.70000000000002
0,21320,GLASS CHALICE GREEN  LARGE ,7,113,226.98000000000002
0,21112,"SWISS ROLL TOWEL, PINK  SPOTS",10,146,226.70000000000002
0,15058B,PINK POLKADOT GARDEN PARASOL,12,30,226.5
0,23377,PACK OF 12 DOLLY GIRL TISSUES,36,579,225.80999999999997
0,23518,EMBROIDERED RIBBON REEL RACHEL ,16,78,225.42000000000002
0,21467,CHERRY CROCHET FOOD COVER,26,60,225.0
0,22761,CHEST 7 DRAWER MA CAMPAGNE,6,9,224.55
0,23454,THREE MINI HANGING FRAMES,20,54,224.10000000000002
0,85032A,ROMANTIC IMAGES GIFT WRAP SET,43,304,223.70000000000002
0,22266,EASTER DECORATION HANGING BUNNY,37,562,223.16000000000003
0,22421,LIPSTICK PEN FUSCHIA,40,545,222.9
0,35810A,ENAMEL PINK COFFEE CONTAINER,23,241,222.89
0,23411, TRELLIS COAT RACK,13,45,222.75000000000003
0,21363,HOME SMALL WOOD LETTERS,23,45,222.75
0,20752,BLUE POLKADOT WASHING UP GLOVES,44,106,222.60000000000002
0,85199L,LARGE HANGING IVORY & RED WOOD BIRD,23,342,222.3
0,22932,BAKING MOULD TOFFEE CUP CHOCOLATE,14,104,222.00000000000003
0,23507,MINI PLAYING CARDS BUFFALO BILL ,43,528,221.76
0,85172,HYACINTH BULB T-LIGHT CANDLES,19,528,221.76
0,21071,VINTAGE BILLBOARD DRINK ME MUG,24,177,221.25
0,82616B,FRAPPUCINO SCARF KNITTING KIT,15,177,221.25
0,84509B,SET OF 4 FAIRY CAKE PLACEMATS,20,59,221.25
0,37327,ASSTD MULTICOLOUR CIRCLES MUG,14,567,221.13
0,85194L,HANGING SPRING FLOWER EGG LARGE,19,260,221.0
0,51008,AFGHAN SLIPPER SOCK PAIR,9,64,220.8
0,23547,WRAP FLOWER SHOP  ,21,525,220.5
0,23006,TRAVEL CARD WALLET FLOWER MEADOW,26,524,220.08
0,22518,CHILDS GARDEN BRUSH BLUE,20,109,219.90000000000003
0,22378,WALL TIDY RETROSPOT ,18,176,219.6
0,23225,CHERUB HEART DECORATION SILVER ,27,264,219.11999999999998
0,21880,RED RETROSPOT TAPE,34,439,219.11
0,23502,PLAYING CARDS VINTAGE DOILY ,33,175,218.75
0,20768,GREEN FERN JOURNAL ,16,92,218.4
0,21264,WHITE GOOSE FEATHER TREE 60CM ,16,112,218.39999999999998
0,21188,3D HEARTS  HONEYCOMB PAPER GARLAND,10,74,218.30000000000004
0,85071B,RED CHARLIE+LOLA PERSONAL DOORSIGN,37,388,217.88
0,85212,MINI PAINTED GARDEN DECORATION ,28,736,217.83999999999997
0,22905,CALENDAR IN SEASON DESIGN,19,79,217.75000000000003
0,84817,DANISH ROSE DECORATIVE PLATE,32,239,217.5
0,23435,3 RAFFIA RIBBONS VINTAGE CHRISTMAS,21,236,217.4
0,21556,CERAMIC STRAWBERRY MONEY BOX,16,85,216.75
0,22249,DECORATION WHITE CHICK MAGIC GARDEN,33,255,216.75
0,21507,"ELEPHANT, BIRTHDAY CARD, ",39,516,216.72
0,22815,CARD PSYCHEDELIC APPLES,39,516,216.72
0,23004,TRAVEL CARD WALLET PANTRY,34,515,216.3
0,21355,TOAST ITS - I LOVE YOU ,36,173,216.25
0,21811,CHRISTMAS HANGING HEART WITH BELL,7,173,216.25
0,22400,MAGNETS PACK OF 4 HOME SWEET HOME,51,435,216.09
0,85032B,BLOSSOM IMAGES GIFT WRAP SET,43,318,215.4
0,22450,SILK PURSE BABUSHKA BLUE,21,65,215.35000000000002
0,71101E,STANDING FAIRY POLE SUPPORT ,15,268,215.32
0,23327,HANGING CLEAR MINI BOTTLE,12,341,214.83
0,23187,FRENCH STYLE STORAGE JAR BONBONS,27,701,214.80999999999997
0,22190,LOCAL CAFE MUG,19,206,214.35000000000002
0,22684,FRENCH BLUE METAL DOOR SIGN 9,19,171,213.75
0,17012D,ORIGAMI ROSE INCENSE/CANDLE SET ,23,245,213.35
0,22643,SET OF 4 NAPKIN CHARMS LEAVES   ,21,136,213.2
0,21905,MORE BUTTER METAL SIGN ,43,210,213.06
0,85025B,EAU DE NILE HEART SHAPE PHOTO FRAME,15,129,212.84999999999997
0,22228,BUNNY WOODEN PAINTED WITH BIRD ,40,292,212.77999999999997
0,20886,BOX OF 9 PEBBLE CANDLES,20,109,212.54999999999998
0,85049D,BRIGHT BLUES RIBBONS ,38,170,212.5
0,85131A,BEADED PEARL HEART WHITE ON STICK,12,170,212.5
0,23415,HOME SWEET HOME HOOK,25,142,211.61999999999998
0,22200,FRYING PAN PINK POLKADOT,19,66,211.5
0,22258,FELT FARM ANIMAL RABBIT,17,201,211.41
0,70007,HI TEC ALPINE HAND WARMER,27,151,211.39
0,21291,SMALL POLKADOT CHOCOLATE GIFT BAG ,12,248,210.79999999999998
0,79066K,RETRO MOD TRAY,29,259,210.07
0,22046,TEA PARTY  WRAPPING PAPER ,20,500,210.0
0,23548,WRAP MAGIC FOREST ,20,500,210.0
0,22132,RED LOVE HEART SHAPE CUP,21,247,209.95
0,22359,GLASS JAR KINGS CHOICE,26,71,209.45000000000002
0,21059,PARTY INVITES DINOSAURS,29,246,209.1
0,84569D,PACK 6 HEART/ICE-CREAM PATCHES,15,167,208.75
0,21143,ANTIQUE GLASS HEART DECORATION ,14,107,208.64999999999998
0,20704,MR ROBOT SOFT TOY,15,76,208.2
0,21448,12 DAISY PEGS IN WOOD BOX,23,126,207.89999999999998
0,22448,PIN CUSHION BABUSHKA RED,12,62,207.70000000000002
0,22715,CARD WEDDING DAY,37,504,207.35999999999999
0,21530,DAIRY MAID TOASTRACK,31,205,207.31
0,16011,ANIMAL STICKERS,23,984,206.64000000000001
0,22819,"BIRTHDAY CARD, RETRO SPOT",39,492,206.64000000000001
0,22817,CARD SUKI BIRTHDAY,37,492,206.64
0,22444,GROW YOUR OWN PLANT IN A CAN ,10,165,206.25
0,23043,PAPER LANTERN 9 POINT HOLLY STAR L,8,33,206.25
0,23183,MOTHER'S KITCHEN SPOON REST ,20,55,206.25
0,23660,HENRIETTA HEN MUG ,15,125,206.24999999999997
0,22472,TV DINNER TRAY DOLLY GIRL,20,44,205.8
0,21058,PARTY INVITES WOODLAND,26,242,205.7
0,23566,EGG CUP MILKMAID HEIDI,14,164,205.0
0,84625A,PINK NEW BAROQUECANDLESTICK CANDLE,13,174,204.6
0,23016,GLASS TWIST BON BON JAR,7,26,204.09999999999997
0,22262,FELT EGG COSY CHICKEN,21,240,204.0
0,22282,12 EGG HOUSE PAINTED WOOD,12,16,204.0
0,21250,SET OF SKULL WALL STICKERS,7,74,203.9
0,21219,SET/4 BADGES BALLOON GIRL,18,163,203.75
0,22686,FRENCH BLUE METAL DOOR SIGN No,19,163,203.75
0,21991,BOHEMIAN COLLAGE STATIONERY SET,34,145,203.35
0,22182,CAKE STAND VICTORIAN FILIGREE SMALL,12,62,203.3
0,22116,METAL SIGN HIS DINNER IS SERVED,34,209,203.27
0,20766,GARDEN PATH SKETCHBOOK,27,54,202.5
0,84912B,GREEN ROSE WASHBAG,16,54,202.5
0,21504,SKULLS GREETING CARD,30,492,202.32
0,22152,PLACE SETTING WHITE STAR,32,481,202.02
0,85032C,CURIOUS IMAGES GIFT WRAP SET,45,284,202.0
0,84929,ASSTD FRUIT+FLOWERS FRIDGE MAGNETS,31,834,201.66000000000003
0,21638,ASSORTED TUTTI FRUTTI NOTEBOOK,13,96,201.60000000000002
0,23121,PACK OF 6 COCKTAIL PARASOL STRAWS,35,480,201.6
0,21528,DAIRY MAID TRADITIONAL TEAPOT ,20,29,201.55
0,85032D,YULETIDE IMAGES GIFT WRAP SET,26,292,201.4
0,71279,PINK GLASS CANDLEHOLDER,16,68,200.60000000000002
0,23072,MARIE ANTOINETTE TRINKET BOX SILVER,9,16,200.0
0,23219,LAUREL STAR ANTIQUE SILVER ,18,160,200.0
0,22319,HAIRCLIPS FORTIES FABRIC ASSORTED,23,578,199.06
0,21925,UNION STRIPE CUSHION COVER ,19,158,197.5
0,84509G,SET OF 4 FAIRY CAKE PLACEMATS ,17,80,197.5
0,17012C,ORIGAMI LAVENDER INCENSE/CANDL SET ,20,218,197.2
0,22581,WOOD STOCKING CHRISTMAS SCANDISPOT,35,330,197.05999999999997
0,22163,HEART STRING MEMO HOLDER HANGING,20,200,196.88000000000002
0,22181,SNOWSTORM PHOTO FRAME FRIDGE MAGNET,18,246,196.62
0,22026,BANQUET BIRTHDAY  CARD  ,34,468,196.56
0,21205,MULTICOLOUR 3D BALLS GARLAND,20,77,196.35
0,23539,WALL ART LOVES' SECRET ,12,33,196.35
0,79191C,RETRO PLASTIC ELEPHANT TRAY,28,231,196.35
0,84519B,CARROT CHARLIE+LOLA COASTER SET,27,157,196.25
0,85071A,BLUE CHARLIE+LOLA PERSONAL DOORSIGN,29,339,196.21
0,23408,PHOTO FRAME LINEN AND LACE SMALL,23,94,195.52
0,21261,GREEN GOOSE FEATHER CHRISTMAS TREE ,8,66,194.70000000000002
0,21739,COSY SLIPPER SHOES SMALL GREEN,15,66,194.70000000000002
0,21773,DECORATIVE ROSE BATHROOM BOTTLE,22,251,194.23
0,22811,SET OF 6 T-LIGHTS CACTI ,19,89,192.85000000000002
0,10125,MINI FUNKY DESIGN TAPES,23,247,192.75
0,21373,MIRRORED WALL ART SNOWFLAKES,22,257,192.75
0,21866,UNION JACK FLAG LUGGAGE TAG,32,154,192.5
0,22025,RING OF ROSES BIRTHDAY CARD,30,468,192.24
0,22362,GLASS JAR PEACOCK BATH SALTS,34,65,191.75000000000003
0,23325,RUSTIC STRAWBERRY JAM POT SMALL,10,116,191.39999999999998
0,22524,CHILDRENS GARDEN GLOVES BLUE,23,153,191.25
0,23136,IVORY WIRE SWEETHEART LETTER TRAY,20,51,191.25
0,23425,STORAGE TIN HOME SWEET HOME,20,106,190.84
0,84665,SQUARE CHERRY BLOSSOM CABINET,11,32,190.4
0,23510,MINI PLAYING CARDS GYMKHANA,42,453,190.26
0,21200,MULTICOLOUR HONEYCOMB PAPER GARLAND,14,144,189.6
0,20897,VINTAGE NOTEBOOK PARIS DAYS,5,71,189.04999999999998
0,21351,CINAMMON & ORANGE WREATH,13,28,189.0
0,85017B,ENVELOPE 50 BLOSSOM IMAGES,30,411,188.96
0,21803,CHRISTMAS TREE STAR DECORATION,19,449,188.57999999999998
0,23224,CHERUB HEART DECORATION GOLD,25,227,188.41
0,22325,MOBILE VINTAGE HEARTS ,17,38,188.10000000000002
0,84708B,PINK JEWELLED PHOTO FRAME ,9,38,188.10000000000002
0,22664,TOY TIDY DOLLY GIRL DESIGN,20,102,188.0
0,23398,HANGING HEART BONHEUR,30,221,187.85
0,84459B,YELLOW METAL CHICKEN HEART ,24,126,187.73999999999998
0,22522,CHILDS GARDEN FORK BLUE ,43,220,187.0
0,22024,RAINY LADIES BIRTHDAY CARD,34,445,186.9
0,22396,MAGNETS PACK OF 4 RETRO PHOTO,38,403,185.98999999999998
0,21194,PINK  HONEYCOMB PAPER FAN,20,167,185.4
0,35599D,PINK AND WHITE CHRISTMAS TREE 120CM,7,73,185.35000000000002
0,20770,ABSTRACT CIRCLE JOURNAL ,15,79,185.25
0,84519A,TOMATO CHARLIE+LOLA COASTER SET,21,148,185.0
0,22474,SPACEBOY TV DINNER TRAY,20,41,184.95000000000002
0,21399,BLUE POLKADOT COFFEE MUG,17,451,184.44
0,85088,CANDY SPOT HAND BAG,9,97,184.02
0,21821,GLITTER STAR GARLAND WITH BELLS ,16,49,183.75
0,47580,TEA TIME DES TEA COSY,16,72,183.6
0,22481,BLACK TEA TOWEL CLASSIC DESIGN,31,236,183.5
0,90200E,GREEN SWEETHEART BRACELET,10,46,183.5
0,22939,ADULT APRON APPLE DELIGHT,11,37,183.15
0,23115,RED APPLES CHOPPING BOARD   ,10,37,183.15
0,22700,BLACK AND WHITE DOG BOWL,16,113,182.15
0,84625C,BLUE NEW BAROQUE CANDLESTICK CANDLE,10,113,182.15
0,15058C,ICE CREAM DESIGN GARDEN PARASOL,7,38,182.1
0,85176,SEWING SUSAN 21 NEEDLE SET,20,214,181.89999999999998
0,21215,IVORY PAPER CUP CAKE CASES ,22,330,181.50000000000003
0,22023,EMPIRE BIRTHDAY CARD,31,432,181.44
0,22814,CARD PARTY GAMES ,34,432,181.44
0,22107,PIZZA PLATE IN BOX,15,59,181.25
0,35004B,SET OF 3 BLACK FLYING DUCKS,11,35,181.15
0,22390,PAPERWEIGHT CHILDHOOD MEMORIES,10,87,181.04999999999998
0,22511,RETROSPOT BABUSHKA DOORSTOP,20,80,180.8
0,22343,PARTY PIZZA DISH RED RETROSPOT,22,348,180.72
0,85036B,CHOCOLATE 1 WICK MORRIS BOX CANDLE,15,70,180.5
0,22523,CHILDS GARDEN FORK PINK,42,212,180.2
0,21579,LOLITA  DESIGN  COTTON TOTE BAG,13,80,180.0
0,84632,DECORATIVE HANGING SHELVING UNIT,3,3,179.85000000000002
0,23180,MUM'S KITCHEN CLOCK,13,45,179.85
0,85130C,BEADED CRYSTAL HEART BLUE  LARGE,16,183,179.82999999999998
0,21473,SWEETHEART CREAM STEEL TABLE RECT,8,9,179.54999999999998
0,21158,MOODY GIRL DOOR HANGER ,46,316,179.42
0,21677,HEARTS  STICKERS,23,211,179.35
0,21802,CHRISTMAS TREE HEART DECORATION,18,427,179.34
0,23515,EMBROIDERED RIBBON REEL DAISY ,17,86,178.88
0,85049F,BABY BOOM RIBBONS ,33,143,178.75
0,21587,COSY HOUR GIANT TUBE MATCHES,12,70,178.5
0,84968F,SET OF 16 VINTAGE SKY BLUE CUTLERY,11,14,178.5
0,23117,POPPY FIELDS CHOPPING BOARD,18,36,178.20000000000002
0,22340,NOEL GARLAND PAINTED ZINC ,24,379,178.04999999999998
0,21873,IF YOU CAN'T STAND THE HEAT MUG,29,214,177.85999999999999
0,22321,BIRD DECORATION RED RETROSPOT,17,209,177.64999999999998
0,22420,LIPSTICK PEN BABY PINK,29,437,177.54
0,22363,GLASS JAR MARMALADE ,24,60,177.00000000000003
0,22475,SKULL DESIGN TV DINNER TRAY,21,40,177.0
0,23033,DRAWER KNOB CERAMIC RED,15,122,176.89999999999998
0,23060,HEART BEADED TRELLIS DECORATION,14,85,176.8
0,23123,COCKTAIL SWORDS 50 PIECES,24,213,176.79
0,23484,HEART TRELLIS TRIPLE T-LIGHT HOLDER,12,61,176.29000000000002
0,22270,HAPPY EASTER HANGING DECORATION,10,47,176.25
0,22250,DECORATION  BUTTERFLY  MAGIC GARDEN,25,207,175.95
0,23453,OVAL  MINI PORTRAIT FRAME,14,90,175.5
0,22261,FELT EGG COSY WHITE RABBIT ,28,206,175.1
0,23324,RUSTIC STRAWBERRY JAM POT LARGE ,14,84,174.72
0,90209B,GREEN ENAMEL+GLASS HAIR COMB,7,97,174.3
0,21251,DINOSAUR HEIGHT CHART STICKER SET,10,59,174.05
0,21014,SWISS CHALET TREE DECORATION ,27,519,172.90999999999997
0,85231G,ORANGE SCENTED SET/9 T-LIGHTS,31,203,172.54999999999998
0,21354,TOAST ITS - BEST MUM,21,138,172.5
0,21468,BUTTERFLY CROCHET FOOD COVER,17,46,172.5
0,21817,GLITTER CHRISTMAS TREE,24,401,172.03
0,21926,RED/CREAM STRIPE CUSHION COVER ,16,137,171.25
0,23410,CURIO CABINET LINEN AND LACE ,12,21,171.15
0,22162,HEART GARLAND RUSTIC PADDED,14,60,171.10000000000002
0,84931B,BLUE SCOTTIE DOG W FLOWER PATTERN,8,67,170.85
0,22095,LADS ONLY TISSUE BOX,38,287,170.64000000000001
0,22529,MAGIC DRAWING SLATE GO TO THE FAIR ,21,433,170.34
0,84609,TALL ROCOCO CANDLE HOLDER,6,20,170.0
0,72819,CUPID DESIGN SCENTED CANDLES,11,77,169.95
0,22702,BLACK AND WHITE CAT BOWL,18,114,169.8
0,21786,POLKADOT RAIN HAT ,25,403,169.26
0,20765,CHRYSANTHEMUM SKETCHBOOK ,26,45,168.75
0,21947,SET OF 6 HEART CHOPSTICKS,19,135,168.75
0,22785,SQUARECUSHION COVER PINK UNION FLAG,9,25,168.75
0,23564,EGG CUP MILKMAID INGRID,13,135,168.75
0,85127,SMALL SQUARE CUT GLASS CANDLESTICK,6,34,168.3
0,23169,CLASSIC GLASS SWEET JAR,4,44,168.2
0,21640,ASSORTED TUTTI FRUTTI  FOB NOTEBOOK,16,197,167.45
0,84913B,MINT GREEN ROSE TOWEL,11,36,167.4
0,21654,RIDGED GLASS FINGER BOWL,20,380,167.28
0,84823,DANISH ROSE FOLDING CHAIR,8,21,166.95000000000002
0,21383,PACK OF 12 STICKY BUNNIES,24,256,166.4
0,23046,PAPER LANTERN 9 POINT DELUXE STAR,8,25,166.25
0,23218,LAUREL STAR ANTIQUE GOLD,12,133,166.25
0,15044C,PURPLE PAPER PARASOL,18,56,165.20000000000002
0,23281,FOLDING BUTTERFLY MIRROR RED  ,30,199,165.17
0,21439,BASKET OF TOADSTOOLS,23,132,165.0
0,23466,TUSCAN VILLA DOVECOTE BIRD FEEDER,11,20,165.0
0,21070,VINTAGE BILLBOARD MUG ,18,139,164.63
0,21476,STEEL SWEETHEART ROUND TABLE CREAM,7,11,164.45
0,23336,EGG FRYING PAN PINK ,22,79,164.32
0,85177,BASKET OF FLOWERS SEWING KIT,17,193,164.04999999999998
0,85169A,IVORY LOVE BIRD CANDLE,19,163,163.91
0,22559,SEASIDE FLYING DISC,13,131,163.75
0,22599,CHRISTMAS MUSICAL ZINC STAR,27,495,163.15
0,16008,SMALL FOLDING SCISSOR(POINTED EDGE),28,1220,163.04
0,79160,HEART SHAPE WIRELESS DOORBELL,16,87,163.02
0,72799E,IVORY PILLAR CANDLE SILVER FLOCK,19,83,162.77
0,23282,FOLDING BUTTERFLY MIRROR IVORY ,31,196,162.67999999999998
0,21163,DO NOT TOUCH MY STUFF DOOR HANGER ,38,308,162.51999999999998
0,22233,JIGSAW RABBIT AND BIRDHOUSE,26,137,162.45
0,22520,CHILDS GARDEN TROWEL BLUE ,34,191,162.35
0,23021,GLASS BONNE JAM JAR,12,39,161.85000000000002
0,23524,HORSE & PONY WALL ART,8,43,161.25
0,47585A,PINK FAIRY CAKE CUSHION COVER,11,43,161.25
0,84944,SET OF 6 KASHMIR FOLKART BAUBLES,21,88,160.79999999999998
0,22521,CHILDS GARDEN TROWEL PINK,31,189,160.64999999999998
0,85187,S/12 MINI RABBIT EASTER,14,103,160.35
0,22246,MAGIC GARDEN FELT GARLAND ,12,82,159.9
0,21576,LETS GO SHOPPING COTTON TOTE BAG,17,71,159.75
0,23042,PAPER LANTERN 7 POINT SNOW STAR,13,24,159.6
0,22279,POCKET BAG BLUE PAISLEY RED SPOT,16,127,158.75
0,22821,GIFT BAG PSYCHEDELIC APPLES,21,244,158.60000000000002
0,21106,CREAM SLICE FLANNEL CHOCOLATE SPOT ,12,57,158.55
0,35809A,ENAMEL PINK TEA CONTAINER,17,154,158.29999999999998
0,21675,BUTTERFLIES STICKERS,20,186,158.1
0,84535A,ENGLISH ROSE NOTEBOOK A6 SIZE,9,356,157.8
0,21822,GLITTER CHRISTMAS TREE WITH BELLS,22,173,157.55
0,22051,BLUE SCANDINAVIAN PAISLEY WRAP,15,375,157.5
0,22479,DAISY GARDEN MARKER,18,126,157.5
0,23150,IVORY SWEETHEART SOAP DISH,20,63,156.87
0,22981,PANTRY APPLE CORER,25,108,156.6
0,22756,LARGE YELLOW BABUSHKA NOTEBOOK ,27,161,156.53
0,21208,PASTEL COLOUR HONEYCOMB FAN,25,272,156.48
0,40001,WHITE BAMBOO RIBS LAMPSHADE,11,184,156.39999999999998
0,21808,"CHRISTMAS GARLAND STARS,TREES",9,43,156.25
0,84849D,HOT BATHS SOAP HOLDER,29,92,155.48000000000002
0,22021,BLUE FELT EASTER EGG BASKET,20,94,155.1
0,22269,EGG CUP NATURAL CHICKEN,32,238,154.74
0,84843,WHITE SOAP RACK WITH 2 BOTTLES,15,26,154.70000000000002
0,21775,DECORATIVE FLORE BATHROOM BOTTLE,21,123,153.75
0,21707,FOLDING UMBRELLA BLACKBLUE POLKADOT,14,31,153.45
0,22820,GIFT BAG BIRTHDAY,19,236,153.4
0,20681,PINK POLKADOT CHILDRENS UMBRELLA,11,47,152.75
0,21159,MOODY BOY  DOOR HANGER ,37,253,152.73
0,22595,CHRISTMAS GINGHAM HEART,13,179,152.14999999999998
0,21884,CAKES AND BOWS GIFT  TAPE,23,285,152.13000000000002
0,23499,SET 12 VINTAGE DOILY CHALK ,35,362,152.04
0,72131,COLUMBIAN CANDLE RECTANGLE,10,89,151.95
0,23338,EGG FRYING PAN RED ,28,73,151.84
0,22414,DOORMAT NEIGHBOURHOOD WITCH ,13,24,151.7
0,20831,GOLD PHOTO FRAME,8,104,151.56
0,22247,BUNNY DECORATION MAGIC GARDEN,22,178,151.29999999999998
0,22717,CARD DOG AND BALL ,28,360,151.2
0,21972,SET OF 36 DINOSAUR PAPER DOILIES,12,104,150.79999999999998
0,22403,MAGNETS PACK OF 4 VINTAGE LABELS ,31,347,150.53
0,20998,ROSE DU SUD OVEN GLOVE,14,51,150.45000000000002
0,21112,SWISS ROLL TOWEL PINK  SPOTS,12,51,150.45000000000002
0,84592,CROCHET ROSE PURSE WITH SUEDE BACK,11,51,150.45000000000002
0,21061,PARTY INVITES FOOTBALL,15,177,150.45
0,22248,DECORATION  PINK CHICK MAGIC GARDEN,19,177,150.45
0,20846,ZINC HEART LATTICE T-LIGHT HOLDER,16,120,150.0
0,22073,RED RETROSPOT STORAGE JAR,15,40,150.0
0,23459,DOLLY CABINET 2 DRAWERS ,11,12,150.0
0,84963B,BLUE PAINTED KASHMIRI CHAIR,1,3,149.85000000000002
0,84520B,PACK 20 ENGLISH ROSE PAPER NAPKINS,19,200,149.84
0,85130B,BEADED CRYSTAL HEART GREEN LARGE,13,185,149.59
0,35241,ENAMEL BLUE RIM BISCUIT BIN,13,31,148.55
0,21709,FOLDING UMBRELLA CHOCOLATE POLKADOT,12,30,148.5
0,21710,FOLDING UMBRELLA PINKWHITE POLKADOT,8,30,148.5
0,17012F,ORIGAMI SANDLEWOOD INCENSE/CAND SET,20,170,147.89999999999998
0,21899,GARAGE KEY FOB,35,227,147.55
0,22272,FELTCRAFT DOLL MARIA,17,50,147.50000000000003
0,23598,PAPER BUNTING VINTAGE PARTY,10,50,147.50000000000003
0,22532,MAGIC DRAWING SLATE LEAP FROG ,28,351,147.42000000000002
0,21062,PARTY INVITES SPACEMAN,19,173,147.04999999999998
0,90209A,PURPLE ENAMEL+GLASS HAIR COMB,2,76,147.0
0,84951A,SET OF 4 PISTACHIO LOVEBIRD COASTER,12,185,146.87
0,21187,WHITE BELL HONEYCOMB PAPER GARLAND ,9,89,146.85
0,84031B,CHARLIE LOLA BLUE HOT WATER BOTTLE ,14,44,146.8
0,22976,CIRCUS PARADE CHILDRENS EGG CUP ,21,117,146.25
0,23516,EMBROIDERED RIBBON REEL SOPHIE  ,11,39,146.25
0,22701,PINK DOG BOWL,21,95,145.61
0,22825,DECORATIVE PLANT POT WITH FRIEZE,10,18,145.5
0,22232,JIGSAW TOADSTOOLS 3 PIECE,26,194,145.2
0,21643,ASSORTED TUTTI FRUTTI MIRROR,8,116,145.0
0,23186,FRENCH STYLE STORAGE JAR CAFE ,21,459,144.63
0,21743,STAR PORTABLE TABLE LIGHT ,11,49,144.55
0,20702,PINK PADDED MOBILE,10,34,144.5
0,21581,SKULLS  DESIGN  COTTON TOTE BAG,15,64,144.0
0,21828,EIGHT PIECE SNAKE  SET,20,115,143.75
0,23047,PAPER LANTERN 5 POINT SEQUIN STAR,9,25,143.75
0,84826,ASSTD DESIGN 3D PAPER STICKERS,14,465,143.73
0,35598D,PINK/WHITE CHRISTMAS TREE 60CM,12,220,143.60000000000002
0,22615,PACK OF 12 CIRCUS PARADE TISSUES ,25,456,143.54
0,21054,NURSE'S BAG SOFT TOY,7,16,143.2
0,21927,BLUE/CREAM STRIPE CUSHION COVER ,16,114,142.5
0,23402,HOME SWEET HOME 3 PEG HANGER ,14,38,142.5
0,82616C,MIDNIGHT GLAMOUR SCARF KNITTING KIT,17,114,142.5
0,22286,"DECORATION , WOBBLY RABBIT , METAL ",10,86,141.89999999999998
0,79163,BLACK CHAMPAGNE GLASS,12,363,141.57
0,22513,DOORSTOP FOOTBALL DESIGN,19,70,141.14000000000001
0,21507,ELEPHANT BIRTHDAY CARD ,23,336,141.12
0,21398,RED POLKADOT COFFEE  MUG,15,353,141.09
0,21285,RETROSPOT CANDLE  MEDIUM,13,146,140.73000000000002
0,21287,SCENTED VELVET LOUNGE CANDLE ,12,342,140.4
0,23039,T-LIGHT HOLDER SILVER HEART HANDLE,12,72,140.39999999999998
0,21725,SWEETIES  STICKERS,13,165,140.25
0,23015,CORDIAL GLASS JUG,8,17,140.25
0,23134,LARGE ZINC HEART WALL ORGANISER,10,17,140.25
0,85170C,SET/6 EAU DE NIL BIRD T-LIGHTS,13,81,140.10000000000002
0,21289,LARGE STRIPES CHOCOLATE GIFT BAG,6,112,140.0
0,84806B,WHITE CANDYSTUFT ARTIFICIAL FLOWER,8,114,139.85999999999999
0,22936,BAKING MOULD ROSE WHITE CHOCOLATE,10,43,139.75
0,23422,PANTRY HOOK BALLOON WHISK ,13,67,139.36
0,84031A,CHARLIE+LOLA RED HOT WATER BOTTLE ,13,38,139.3
0,21397,BLUE POLKADOT EGG CUP ,17,324,139.26
0,47469,ASSORTED SHAPES PHOTO CLIP SILVER ,6,316,139.16
0,84951B,SET OF 4 BLACK LOVEBIRD COASTERS,8,139,138.85000000000002
0,23396,LA JARDIN BOTANIQUE CUSHION COVER,11,37,138.75
0,23114,VINTAGE LEAF CHOPPING BOARD  ,11,28,138.60000000000002
0,21708,FOLDING UMBRELLA CREAM POLKADOT,7,28,138.6
0,84459A,PINK METAL CHICKEN HEART ,21,93,138.57
0,23429,RED RETRO KITCHEN WALL CLOCK,6,17,138.55
0,22133,PINK LOVE HEART SHAPE CUP,17,162,137.7
0,84821,DANISH ROSE DELUXE COASTER,14,183,137.54999999999998
0,23071,MARIE ANTOINETTE TRINKET BOX GOLD,6,11,137.5
0,22229,BUNNY WOODEN PAINTED WITH FLOWER ,28,179,137.42999999999998
0,22048,BIRTHDAY BANQUET GIFT WRAP,13,325,136.5
0,22050,PINK PAISLEY ROSE GIFT WRAP,12,325,136.5
0,22707,WRAP MONSTER FUN ,13,325,136.5
0,23120,PACK OF 6 SMALL FRUIT STRAWS,29,325,136.5
0,23691,WRAP KEEP CALM BIRTHDAY,13,325,136.5
0,21774,DECORATIVE CATS BATHROOM BOTTLE,22,125,136.33
0,47563A,RETRO LONGBOARD IRONING BOARD COVER,16,109,136.25
0,22035,VINTAGE CARAVAN GREETING CARD ,26,324,136.08
0,22718,CARD CAT AND TREE ,25,324,136.08
0,22336,DOVE DECORATION PAINTED ZINC ,17,506,135.70000000000002
0,23536,VILLAGE SHOW WALL ART,4,24,135.6
0,22406,MONEY BOX KINGS CHOICE DESIGN,22,135,135.21
0,23523,TREASURE AHOY WALL ART,6,36,135.0
0,21090,SET/6 COLLAGE PAPER PLATES,25,328,134.82
0,22402,MAGNETS PACK OF 4 VINTAGE COLLAGE,40,288,134.68
0,85144,JARDIN ETCHED GLASS CHEESE DISH,18,31,134.65
0,21647,ASSORTED TUTTI FRUTTI LARGE PURSE,10,64,134.4
0,20840,FRENCH FLORAL CUSHION COVER ,16,158,134.29999999999998
0,16259,PIECE OF CAMO STATIONERY SET,15,1140,133.32
0,21292,SMALL STRIPES CHOCOLATE GIFT BAG ,9,156,132.6
0,21717,EASTER TIN BUCKET,9,52,132.6
0,35971,ROSE FOLKART HEART DECORATIONS,15,106,132.5
0,22101,MIRROR MOSAIC VOTIVE HOLDER,10,63,132.3
0,84658,WHITE STITCHED CUSHION COVER,8,19,132.05
0,10002,INFLATABLE POLITICAL GLOBE ,13,155,131.75
0,85045,GREEN CHRISTMAS TREE STRING 20LIGHT,4,30,131.7
0,21209,MULTICOLOUR HONEYCOMB FAN,21,208,131.51999999999998
0,23521,WALL ART CAT AND BIRD ,8,46,131.3
0,21221,SET/4 BADGES CUTE CREATURES,9,105,131.25
0,21272,SALLE DE BAIN HOOK,20,105,131.25
0,84976,RECTANGULAR SHAPED MIRROR,14,159,131.01000000000002
0,85035B,CHOCOLATE 3 WICK MORRIS BOX CANDLE,14,64,131.0
0,21063,PARTY INVITES JAZZ HEARTS,25,154,130.89999999999998
0,72598,SET/12 TAPER CANDLES,18,154,130.89999999999998
0,23661,MILK MAIDS MUG ,10,79,130.35
0,22245,"HOOK, 1 HANGER ,MAGIC GARDEN",16,153,130.04999999999998
0,22638,SET OF 4 NAPKIN CHARMS CROWNS ,15,84,129.72
0,85016,SET OF 6 VINTAGE NOTELETS KIT,4,158,129.3
0,20755,BLUE PAISLEY POCKET BOOK,21,152,129.2
0,21415,CLAM SHELL SMALL ,10,69,129.18
0,23484,HEART TRELLISTRIPLE T-LIGHT HOLDER,4,48,129.12
0,23413,DECORATIVE VINTAGE COFFEE  BOX,9,28,129.0
0,23057,BEADED CHANDELIER T-LIGHT HOLDER,11,26,128.7
0,85025C,PINK HEART SHAPE PHOTO FRAME,13,78,128.7
0,23141,TRIPLE WIRE HOOK PINK HEART,8,31,128.65
0,22339,CHRISTMAS TREE PAINTED ZINC ,15,645,128.07000000000002
0,47570B,TEA TIME TABLE CLOTH,7,12,127.80000000000001
0,20762,GREEN FERN SKETCHBOOK ,20,34,127.5
0,21464,DISCO BALL ROTATOR BATTERY OPERATED,20,30,127.5
0,22584,PACK OF 6 PANETTONE GIFT BOXES,6,50,127.5
0,84968E,SET OF 16 VINTAGE BLACK CUTLERY,2,10,127.5
0,84600,NEW BAROQUE JEWELLERY BOX ,7,16,127.2
0,85136A,YELLOW SHARK HELICOPTER,12,16,127.2
0,22057,CERAMIC PLATE STRAWBERRY DESIGN,18,106,127.14
0,84849B,FAIRY SOAP SOAP HOLDER,18,75,126.75
0,21060,PARTY INVITES BALLOON GIRL,20,149,126.64999999999999
0,16169M,WRAP DAISY CARPET ,12,300,126.0
0,84660A,WHITE STITCHED WALL CLOCK,11,148,125.80000000000001
0,21634,ASSORTED MINI MADRAS NOTEBOOK,6,216,125.52
0,20934,SET/3 POT PLANT CANDLES,14,23,125.35
0,84006,MAGIC TREE -PAPER FLOWERS,23,147,124.94999999999999
0,84804B,BLUE DELPHINIUM ARTIFICIAL FLOWER,4,51,124.53000000000002
0,23045,PAPER LANTERN 5 POINT STAR MOON ,9,30,124.50000000000001
0,23455,SMALL PARLOUR PICTURE FRAME,12,43,124.27
0,20716,PARTY FOOD SHOPPER BAG,15,99,123.75
0,21192,WHITE BELL HONEYCOMB PAPER ,9,75,123.75
0,21358,TOAST ITS - HAPPY BIRTHDAY,18,99,123.75
0,22954,HEN PARTY CORDON BARRIER TAPE,10,99,123.75
0,85125,SMALL ROUND CUT GLASS CANDLESTICK,7,25,123.75
0,23482,PEARLISED IVORY HEART LARGE ,10,75,123.74999999999999
0,85114B,IVORY ENCHANTED FOREST PLACEMAT,15,75,123.74999999999999
0,21167,WHITE SAGE INCENSE,10,588,123.47999999999999
0,90058B,CRYSTAL STUD EARRINGS ASSORTED COL ,9,324,123.12
0,22688,DOORMAT PEACE ON EARTH BLUE,8,15,122.55
0,85180A,RED HEARTS LIGHT CHAIN ,10,79,122.55
0,21879,HEARTS GIFT TAPE,24,375,122.31000000000002
0,35599B,BLACK CHRISTMAS TREE 120CM,8,56,122.28
0,85194S,HANGING SPRING FLOWER EGG SMALL,18,353,122.27000000000001
0,20801,LARGE PINK GLASS SUNDAE DISH,13,114,122.22
0,47593B,SCOTTIE DOGS BABY BIB,25,306,121.91999999999999
0,35598B,BLACK CHRISTMAS TREE 60CM,7,173,121.65
0,22893,MINI CAKE STAND T-LIGHT HOLDER,20,289,121.38
0,20832,RED FLOCK LOVE HEART PHOTO FRAME,17,264,121.36
0,85071C,"CHARLIE+LOLA""EXTREMELY BUSY"" SIGN",26,272,121.19999999999999
0,17084R,ASSORTED INCENSE PACK,7,576,120.96
0,21741,COSY SLIPPER SHOES LARGE GREEN,7,41,120.95000000000002
0,47594B,SCOTTIES DESIGN WASHBAG,18,62,120.89999999999999
0,37475,SET/4 COLOURFUL MIXING BOWLS,7,13,120.58999999999999
0,84926E,FLOWERS TILE COASTER,17,364,120.19999999999999
0,16045,POPART WOODEN PENCILS ASST,25,2600,120.0
0,21804,WHITE CHRISTMAS GARLAND STARS TREES,11,32,120.0
0,23520,EMBROIDERED RIBBON REEL RUBY ,11,32,120.0
0,15034,PAPER POCKET TRAVELING FAN ,27,855,119.70000000000002
0,22514,CHILDS GARDEN SPADE BLUE,24,57,119.70000000000002
0,22598,CHRISTMAS MUSICAL ZINC TREE,19,385,119.49
0,22785,SQUARECUSHION COVER PINK UNION JACK,10,47,119.25
0,90200A,PURPLE SWEETHEART BRACELET,9,28,119.0
0,23457,LARGE PARLOUR PICTURE FRAME,10,24,118.80000000000001
0,23538,WALL ART VINTAGE HEART,7,24,118.80000000000001
0,23337,EGG FRYING PAN MINT ,22,57,118.56
0,85170D,SET/6 PINK BIRD T-LIGHT CANDLES,14,85,118.5
0,22268,EASTER DECORATION SITTING BUNNY,22,139,118.14999999999999
0,85184C,SET 4 VALENTINE DECOUPAGE HEART BOX,18,40,118.00000000000001
0,22422,TOOTHPASTE TUBE PEN,20,433,117.68
0,21374,MIRRORED WALL ART SKULLS,12,86,117.5
0,90114,SUMMER DAISIES BAG CHARM,3,46,117.3
0,20838,FRENCH LATTICE CUSHION COVER ,12,138,117.29999999999998
0,21064,BOOM BOX SPEAKER BOYS,15,26,117.10000000000001
0,20761,BLUE PAISLEY SKETCHBOOK,18,31,116.25
0,21356,TOAST ITS - FAIRY FLOWER,15,93,116.25
0,84558A,3D DOG PICTURE PLAYING CARDS,13,39,115.05000000000001
0,23347,I LOVE LONDON BEAKER,14,92,115.0
0,22640,SET OF 4 NAPKIN CHARMS 3 KEYS ,14,74,114.94
0,22510,GINGHAM BABUSHKA DOORSTOP,15,44,114.68
0,84569A,PACK 3 IRON ON DOG PATCHES,9,91,113.75
0,85078,SCANDINAVIAN 3 HEARTS NAPKIN RING,22,597,113.43
0,23003,TRAVEL CARD WALLET VINTAGE ROSE ,15,270,113.4
0,85180B,PINK HEARTS LIGHT CHAIN ,7,33,112.65
0,20866,BLUE ROSE FABRIC MIRROR,14,90,112.5
0,21562,HAWAIIAN GRASS SKIRT ,9,90,112.5
0,23495,SET OF 3 PANTRY WOODEN SPOONS,11,90,112.5
0,23525,BUFFALO BILL WALL ART ,5,30,112.5
0,23527,ANIMALS AND NATURE WALL ART,5,30,112.5
0,23527,WALL ART ANIMALS AND NATURE ,11,30,112.5
0,84920,PINK FLOWER FABRIC PONY,9,30,112.5
0,21547,CERAMIC BIRDHOUSE CRESTED TIT SMALL,8,38,112.10000000000002
0,84661B,BLACK SQUARE TABLE CLOCK,7,46,112.02000000000001
0,21881,CUTE CATS TAPE,16,206,111.82000000000001
0,16235,RECYCLED PENCIL WITH RABBIT ERASER,28,532,111.72
0,22405,MONEY BOX POCKET MONEY DESIGN,20,114,111.53999999999999
0,35095B,RED VICTORIAN FABRIC OVAL BOX,23,265,111.3
0,20658,RED RETROSPOT LUGGAGE TAG,18,89,111.25
0,85200,BUNNY EGG BOX,12,89,111.25
0,90200B,BLACK SWEETHEART BRACELET,11,26,110.5
0,22547,MINI JIGSAW DINOSAUR ,15,289,110.34
0,84596G,SMALL CHOCOLATES PINK BOWL,33,256,109.17999999999999
0,22861,EASTER TIN CHICKS IN GARDEN,13,66,108.89999999999999
0,85188A,GREEN METAL SWINGING BUNNY,13,128,108.8
0,23565,EGG CUP MILKMAID HELGA ,7,87,108.75
0,84857C,PINK MONTE CARLO HANDBAG,5,49,108.64999999999999
0,23420,PANTRY HOOK TEA STRAINER ,10,52,108.16000000000001
0,23339,EGG FRYING PAN BLUE ,24,52,108.16
0,22069,BROWN  PIRATE TREASURE CHEST ,10,122,108.05999999999999
0,21455,PAINTED YELLOW WOODEN DAISY,13,127,107.94999999999999
0,21066,VINTAGE RED MUG,14,86,107.5
0,90184B,AMETHYST CHUNKY BEAD BRACELET W STR,5,12,107.39999999999999
0,72800D,4 BLUE DINNER CANDLES SILVER FLOCK,17,42,107.1
0,84804A,CREAM DELPHINIUM ARTIFICIAL FLOWER,5,45,106.83000000000001
0,21065,BOOM BOX SPEAKER GIRLS,10,40,106.4
0,23036,T-LIGHT HOLDER SILVER PETIT FOUR ,7,85,106.25
0,23597,PAPER BUNTING PAISLEY PARK,11,36,106.20000000000002
0,79302M,"ART LIGHTS,FUNK MONKEY",9,36,106.20000000000002
0,23428,IVORY RETRO KITCHEN WALL CLOCK,5,13,105.95000000000002
0,21263,GREEN GOOSE FEATHER TREE 60CM,15,54,105.3
0,22515,CHILDS GARDEN SPADE PINK,17,50,105.00000000000001
0,21472,LADYBIRD + BEE RAFFIA FOOD COVER,7,28,105.0
0,21644,ASSORTED TUTTI FRUTTI HEART BOX,12,84,105.0
0,22040,BOTANICAL ROSE GIFT WRAP,9,250,105.0
0,35924,HANGING FAIRY CAKE DECORATION,10,50,105.0
0,35954,SMALL FOLKART STAR CHRISTMAS DEC,15,461,104.61000000000001
0,23562,SET OF 6 RIBBONS PERFECTLY PRETTY  ,8,36,104.04
0,20684,STRAWBERRY DREAM CHILDS UMBRELLA,12,32,104.0
0,72800B, 4 PURPLE FLOCK DINNER CANDLES,19,58,103.89999999999999
0,22482,BLUE TEA TOWEL CLASSIC DESIGN,15,83,103.75
0,23124,18PC WOODEN CUTLERY SET DISPOSABLE,9,83,103.75
0,35964,FOLKART CLIP ON STARS,20,265,103.35000000000001
0,22164,STRING OF STARS CARD HOLDER,7,35,103.25000000000001
0,21084,SET/6 COLLAGE PAPER CUPS,26,497,102.71000000000001
0,21015,DARK BIRD HOUSE TREE DECORATION,19,330,102.41999999999999
0,23037,CANDLE HOLDER SILVER MADELINE,6,62,102.29999999999998
0,21684,SMALL MEDINA STAMPED METAL BOWL ,10,120,102.0
0,46775D,SUNSET COLOUR CHUNKY KNITTED THROW,5,6,101.7
0,16012,FOOD/DRINK SPONGE STICKERS,14,483,101.42999999999999
0,21222,SET/4 BADGES BEETLES,12,81,101.25
0,21580,RABBIT  DESIGN  COTTON TOTE BAG,10,45,101.25
0,23523,WALL ART TREASURE AHOY ,7,27,101.25
0,23379,PACK OF 12 RED APPLE TISSUES,17,258,100.61999999999999
0,22317,FIVE CATS HANGING DECORATION,9,34,100.30000000000001
0,22454,MEASURING TAPE BABUSHKA RED,7,34,100.30000000000001
0,71403,"PINK/WHITE ""KEEP CLEAN"" BULLET BIN",7,34,100.30000000000001
0,23416,CHAMBRE HOOK,10,73,100.28999999999999
0,22391,PAPERWEIGHT HOME SWEET HOME,11,68,100.19999999999999
0,82613D,METAL SIGN CUPCAKE SINGLE HOOK,17,173,100.05
0,21867,PINK UNION JACK  LUGGAGE TAG,24,80,100.0
0,22204,MILK PAN BLUE POLKADOT,11,36,100.0
0,78124,MAGAZINE RACK GEBRA ASSORTED ,6,80,100.0
0,22043,CHRISTMAS CARD SCREEN PRINT ,19,468,99.96000000000001
0,22833,HALL CABINET WITH 3 DRAWERS,2,2,99.9
0,21277,FRENCH STYLE EMBOSSED HEART CABINET,5,5,99.8
0,84849A,HELLO SAILOR BLUE SOAP HOLDER,11,59,99.71000000000001
0,23254,KIDS CUTLERY DOLLY GIRL ,5,24,99.60000000000001
0,23256,KIDS CUTLERY SPACEBOY ,5,24,99.60000000000001
0,23456,MEDIUM PARLOUR PICTURE FRAME ,10,24,99.60000000000001
0,90161C,ANT COPPER LIME BOUDICCA BRACELET,8,20,99.0
0,90161D,ANT COPPER PINK BOUDICCA BRACELET,6,20,99.0
0,23533,WALL ART GARDEN HAVEN ,9,22,98.9
0,72800C,4 PINK DINNER CANDLE SILVER FLOCK,16,56,98.8
0,21948,SET OF 6 CAKE CHOPSTICKS,13,79,98.75
0,22280,POCKET BAG PINK PAISELY BROWN SPOT,11,79,98.75
0,22703,PINK CAT BOWL,19,75,98.61000000000001
0,17012B,ORIGAMI JASMINE INCENSE/CANDLE SET,13,114,98.6
0,22260,FELT EGG COSY BLUE RABBIT ,17,116,98.6
0,21651,HANGING GLASS ETCHED TEALIGHT,5,64,98.39999999999999
0,62018,SOMBRERO ,12,50,97.5
0,72232,FENG SHUI PILLAR CANDLE,20,513,97.47000000000001
0,20705,MRS ROBOT SOFT TOY,8,32,97.4
0,82613B,"METAL SIGN,CUPCAKE SINGLE HOOK",16,144,97.0
0,84559A,3D SHEET OF DOG STICKERS,16,114,96.89999999999999
0,85093,CANDY SPOT EGG WARMER HARE,10,222,96.89999999999999
0,35923,CANDY HEART HANGING DECORATION,12,219,95.72999999999999
0,21641,ASSORTED TUTTI FRUTTI KEYRING BALL,8,231,95.54999999999998
0,85135B,BLUE DRAGONFLY HELICOPTER,10,12,95.4
0,84341B,SMALL PINK MAGIC CHRISTMAS TREE,11,242,95.25
0,84709B,PINK OVAL JEWELLED MIRROR,8,16,95.2
0,21454,PAINTED PINK RABBIT ,18,112,95.19999999999999
0,21195,PINK  HONEYCOMB PAPER BALL ,6,45,94.50000000000001
0,17021,NAMASTE SWAGAT INCENSE,13,315,94.5
0,21807,WHITE CHRISTMAS STAR DECORATION,13,225,94.5
0,84659A,WHITE TRAVEL ALARM CLOCK,8,37,94.35
0,84931A,PINK SCOTTIE DOG W FLOWER PATTERN,8,37,94.35
0,22198,LARGE POPCORN HOLDER ,10,57,94.05
0,20867,PINK ROSE FABRIC MIRROR,10,75,93.75
0,21369,MIRRORED WALL ART SPLODGES,8,67,93.75
0,23519,EMBROIDERED RIBBON REEL CLAIRE,5,25,93.75
0,84352,SILVER CHRISTMAS TREE BAUBLE STAND ,4,6,93.69999999999999
0,23421,PANTRY HOOK SPATULA,8,45,93.60000000000001
0,23360,SET 8 CANDLES VINTAGE DOILEY,4,48,93.6
0,23575,SNACK TRAY PAISLEY PARK,8,48,93.6
0,79030G,TUMBLER NEW ENGLAND,12,240,93.6
0,22105,MIRROR MOSAIC GOBLET CANDLE HOLDER,7,22,93.5
0,35004G,SET OF 3 GOLD FLYING DUCKS,5,23,93.24999999999999
0,84687,BEACH HUT SHELF W 3 DRAWERS,6,17,93.15
0,22903,CALENDAR FAMILY FAVOURITES,7,35,93.05000000000001
0,21318,GLASS CHALICE BLUE SMALL ,15,122,92.94
0,82001S,SILVER RECORD COVER FRAME,2,27,92.61
0,22525,CHILDRENS GARDEN GLOVES PINK,17,74,92.5
0,21750,LARGE SKULL WINDMILL,9,44,92.4
0,22647,CERAMIC LOVE HEART MONEY BANK,8,166,92.38
0,21442,GREEN BIRDHOUSE DECORATION,15,146,91.94
0,17107D,"FLOWER FAIRY,5 SUMMER B'DRAW LINERS",10,36,91.8
0,85205B,PINK FELT EASTER RABBIT GARLAND,7,36,91.8
0,16219,HOUSE SHAPE PENCIL SHARPENER,28,1342,91.32
0,85049H,URBAN BLACK RIBBONS ,21,73,91.25
0,17012A,ORIGAMI VANILLA INCENSE/CANDLE SET ,10,105,90.95
0,22259,FELT FARM ANIMAL HEN,7,136,90.32
0,85132B,CHARLIE AND LOLA TABLE TINS,9,34,90.3
0,23402,HOME SWEEET HOME 3 PEG HANGER ,3,24,90.0
0,23528,SPACEBOY WALL ART,4,24,90.0
0,85019C,CURIOUS  IMAGES NOTEBOOK SET,2,72,90.0
0,21761,WOOD AND GLASS MEDICINE CABINET,3,3,89.85
0,84660C,PINK STITCHED WALL CLOCK,5,102,89.78
0,21365,MIRRORED WALL ART STARS,14,102,89.7
0,23430,BLUE RETRO KITCHEN WALL CLOCK,3,11,89.65
0,23473,WOODLAND SMALL RED FELT HEART,9,108,89.63999999999999
0,21386,IVORY HANGING DECORATION  EGG,20,261,89.19
0,90161B,ANT COPPER TURQ BOUDICCA BRACELET,6,18,89.10000000000001
0,35922,EASTER BUNNY WREATH,6,18,89.1
0,84820,DANISH ROSE TRINKET TRAYS,8,23,88.85000000000001
0,21324,HANGING MEDINA LANTERN SMALL,10,30,88.50000000000001
0,21284,RETROSPOT CANDLE  SMALL,9,98,87.62
0,21726,MULTI HEARTS  STICKERS,14,103,87.55
0,20763,DAISY SKETCHBOOK ,10,34,87.5
0,21446,12 RED ROSE PEG PLACE SETTINGS,19,70,87.5
0,22409,MONEY BOX BISCUITS DESIGN,12,70,87.5
0,21629,SQUARE FLOOR CUSHION VINTAGE RED,5,11,87.45
0,84707A,SILVER JEWELLED MIRROR TRINKET TRAY,7,12,87.39999999999999
0,16236,KITTY PENCIL ERASERS,29,416,87.36
0,22337,ANGEL DECORATION PAINTED ZINC ,10,134,87.10000000000001
0,21359,RELAX LARGE WOOD LETTERS,5,22,86.9
0,20733,GOLD MINI TAPE MEASURE ,17,102,86.7
0,23489,"GARLAND, VINTAGE BELLS",3,30,86.7
0,21417,COCKLE SHELL DISH,8,50,86.66000000000001
0,84789,ENCHANTED BIRD PLANT CAGE,11,23,86.25
0,84924A,WAKE UP COCKEREL CALENDAR SIGN ,9,23,86.25
0,35911A,MULTICOLOUR RABBIT EGG WARMER,10,94,86.14999999999999
0,21865,PINK UNION JACK  PASSPORT COVER ,17,41,86.10000000000001
0,82600,N0 SINGING METAL SIGN,8,41,86.10000000000001
0,84596L,BISCUITS SMALL BOWL LIGHT BLUE,23,201,86.08
0,21265,PINK GOOSE FEATHER TREE 60CM,5,44,85.8
0,47480,HANGING PHOTO CLIP ROPE LADDER,5,52,85.8
0,21269,ANTIQUE CREAM CUTLERY SHELF ,5,10,85.0
0,21841,BABY MOUSE RED GINGHAM DRESS,8,20,85.0
0,22194,BLACK DINER WALL CLOCK,9,10,85.0
0,79191B,RETRO PLASTIC POLKA TRAY,12,100,85.0
0,85203,HANGING WOOD AND FELT BUTTERFLY ,16,202,84.84
0,22230,JIGSAW TREE WITH WATERING CAN,22,189,84.49
0,84927F,PSYCHEDELIC TILE HOOK,16,164,84.48
0,21849,SILVER DIAMANTE PEN IN GIFT BOX,7,17,84.15
0,22985,"WRAP, BILLBOARD FONTS DESIGN",8,200,84.0
0,22324,BLUE POLKADOT KIDS BAG,4,43,83.85
0,16258A,SWIRLY CIRCULAR RUBBERS IN BAG,11,239,83.82
0,22446,PIN CUSHION BABUSHKA PINK,6,40,83.60000000000001
0,23091,METAL HERB GERDEN CONTAINER,2,15,83.42999999999999
0,84919,BLUE CUSHION COVER WITH FLOWER,4,12,83.4
0,90160C,TURQ+RED BOUDICCA LARGE BRACELET,6,12,83.4
0,90195A,PURPLE GEMSTONE BRACELET,5,14,83.3
0,82613C,"METAL SIGN,CUPCAKE SINGLE HOOK",13,133,83.25
0,23074,EMBOSSED HEART TRINKET BOX,14,40,83.2
0,16238,PARTY TIME PENCIL ERASERS,24,393,82.53
0,22108,PING! MICROWAVE PLATE,9,52,82.5
0,84912A,PINK ROSE WASHBAG,7,22,82.5
0,84660B,BLACK STITCHED WALL CLOCK,5,66,82.38
0,22052,VINTAGE CARAVAN GIFT WRAP,8,196,82.32
0,22286,DECORATION WOBBLY RABBIT METAL ,14,120,82.08
0,21051,RIBBONS PURSE ,7,39,81.9
0,22044,CHRISTMAS CARD STACK OF PRESENTS,15,372,81.72000000000001
0,22214,CANDLE PLATE LACE WHITE,4,32,81.6
0,23475,WOODLAND SMALL PINK FELT HEART,9,98,81.33999999999999
0,21000,ROSE DU SUD COSMETICS BAG,8,19,80.75
0,90185D,CRYSTAL DIAMANTE EXPANDABLE RING,4,19,80.75
0,17013D,ORIGAMI ROSE INCENSE IN TUBE,2,192,80.64
0,23695,DOILY THANK YOU CARD,13,192,80.64
0,22265,EASTER DECORATION NATURAL CHICK,17,124,80.60000000000001
0,85211,S/4 GROOVY CAT MAGNETS,8,81,80.33
0,21949,SET OF 6 STRAWBERRY CHOPSTICKS,15,64,80.0
0,84816,DANISH ROSE BEDSIDE CABINET,6,2,79.9
0,85202,HANGING WOOD AND FELT HEART,17,190,79.8
0,22618,COOKING SET RETROSPOT,6,8,79.6
0,90147,CHUNKY SILVER NECKLACE PASTEL FLOWE,5,8,79.6
0,85136C,RED SHARK HELICOPTER,8,10,79.5
0,23522,WALL ART DOG AND BALL ,7,28,79.28
0,23127,DOLLCRAFT GIRL NICOLE,4,16,79.2
0,85232A,SET/3 POLKADOT STACKING TINS,6,16,79.2
0,23103,BELL HEART DECORATION,3,48,79.19999999999999
0,20771,CHRYSANTHEMUM  JOURNAL,10,31,79.05
0,22049,WRAP CHRISTMAS SCREEN PRINT,11,325,79.0
0,23509,MINI PLAYING CARDS FUN FAIR ,20,188,78.96000000000001
0,17084N,FAIRY DREAMS INCENSE ,14,375,78.75
0,21220,SET/4 BADGES DOGS,13,63,78.75
0,79067,CORONA MEXICAN TRAY,4,21,78.75
0,22545,MINI JIGSAW BUNNIES,15,240,78.72
0,20615,BLUE POLKADOT PASSPORT COVER,8,76,78.60000000000001
0,84916,HAND TOWEL PALE BLUE W FLOWERS,7,29,78.55
0,22092,BLUE PAISLEY TISSUE BOX,31,188,78.48
0,21656,RIDGED GLASS POSY VASE ,6,54,78.3
0,21723,ALPHABET HEARTS STICKER SHEET,9,92,78.2
0,23544,WALL ART MID CENTURY MODERN ,6,10,78.2
0,21128,GOLD FISHING GNOME,6,17,78.15
0,23561,SET OF 6 RIBBONS PARTY,3,27,78.03
0,85169B,BLACK LOVE BIRD CANDLE,7,78,77.58
0,20777,CHRYSANTHEMUM NOTEBOOK,14,47,77.54999999999998
0,71270,PHOTO CLIP LINE,8,62,77.5
0,21680,WOODLAND  STICKERS,11,91,77.35
0,21333,CLASSIC WHITE FRAME,4,26,76.70000000000002
0,35653,VINTAGE BEAD NOTEBOOK,6,26,76.70000000000002
0,72799F,IVORY PILLAR CANDLE GOLD FLOCK,5,26,76.70000000000002
0,85230B,CINNAMON SCENTED VOTIVE CANDLE,10,264,76.55999999999999
0,85163A,WHITE BAROQUE WALL CLOCK ,6,6,76.5
0,90196A,PURPLE GEMSTONE NECKLACE 45CM,3,6,76.5
0,84559B,3D SHEET OF CAT STICKERS,18,90,76.49999999999999
0,90160A,PURPLE BOUDICCA LARGE BRACELET,4,11,76.45
0,23481,PEARLISED IVORY HEART SMALL ,8,61,76.25
0,35001G,HAND OPEN SHAPE GOLD,8,20,76.0
0,22136,LOVE HEART SOCK HANGER,13,46,75.89999999999999
0,22287,"DECORATION , WOBBLY CHICKEN, METAL ",9,46,75.89999999999999
0,84813,SET OF 4 DIAMOND NAPKIN RINGS,4,13,75.75
0,22408,MONEY BOX CONFECTIONERY DESIGN,10,77,75.61
0,22042,CHRISTMAS CARD SINGING ANGEL,15,180,75.6
0,22201,FRYING PAN BLUE POLKADOT,12,29,75.25
0,21664,RIDGED GLASS STORAGE JAR CREAM LID,5,20,75.0
0,22127,PARTY CONES CARNIVAL ASSORTED,4,60,75.0
0,23524,WALL ART HORSE & PONY ,9,20,75.0
0,23149,ANTIQUE IVORY WIRE BOWL SMALL,7,30,74.7
0,20796,SMALL BLUE PROVENCAL CERAMIC BALL,6,45,74.25
0,23413,VINTAGE COFFEE GRINDER BOX,4,15,74.25
0,23465,TUSCAN VILLA BIRD FEEDER,3,9,74.25
0,84800L,LARGE WHITE/PINK ROSE ART FLOWER,7,35,74.20000000000002
0,22344,PARTY PIZZA DISH PINK POLKADOT,11,149,74.14999999999999
0,21666,RIDGED GLASS T-LIGHT HOLDER,7,114,74.10000000000001
0,84313C,ORANGE TV TRAY TABLE ,7,38,74.1
0,21801,CHRISTMAS TREE DECORATION WITH BELL,10,176,73.92
0,22538,MINI JIGSAW GO TO THE FAIR,8,176,73.92
0,21371,MIRRORED WALL ART POPPIES,9,84,73.8
0,22394,PAPERWEIGHT KINGS CHOICE ,9,66,73.5
0,84846A,SCENTED CANDLE IN DIGITALIS TIN,4,35,73.5
0,22322,BIRD DECORATION GREEN POLKADOT,9,86,73.1
0,21633,SUNFLOWER DECORATIVE PARASOL,4,14,72.9
0,22486,PLASMATRONIC LAMP,4,14,72.9
0,84678,CLASSICAL ROSE SMALL VASE,4,52,72.8
0,21189,WHITE HONEYCOMB PAPER GARLAND ,8,44,72.6
0,21026,SPACE OWL,10,58,72.5
0,21069,VINTAGE BILLBOARD TEA MUG,10,58,72.5
0,84192,ASSORTED COLOUR METAL CAT ,13,58,72.5
0,23304,SET 4 PICNIC CUTLERY CHERRY ,6,37,72.15
0,22517,CHILDS GARDEN RAKE PINK,14,34,71.4
0,35095A,BLUE VICTORIAN FABRIC OVAL BOX,17,170,71.4
0,47578A,ENGLISH ROSE SMALL SCENTED FLOWER,12,84,71.4
0,84360,TABLE LAMP WHITE SHADE WOOD BASE,6,12,71.4
0,20769,DAISY JOURNAL ,12,28,71.39999999999999
0,23474,WOODLAND SMALL BLUE FELT HEART,8,86,71.38
0,21403,BLUE EGG  SPOON,27,474,71.28
0,84509C,SET OF 4 POLKADOT PLACEMATS ,8,19,71.25
0,20775,DAISY NOTEBOOK ,13,43,70.94999999999999
0,85118,HEART T-LIGHT HOLDER,4,90,70.74000000000001
0,23512,EMBROIDERED RIBBON REEL ROSIE,9,34,70.72
0,21418,STARFISH SOAP DISH,5,36,70.67999999999999
0,23044,PAPER LANTERN 9 POINT HOLLY STAR S,8,17,70.55000000000001
0,21818,GLITTER CHRISTMAS HEART ,4,83,70.55
0,84457,SET/3 RABBITS FLOWER SKIPPPING ROPE,12,83,70.55
0,35638A,PINK AND BLACK STRING CURTAIN,2,34,70.3
0,23359,SET OF 12 T-LIGHTS VINTAGE DOILEY,3,36,70.19999999999999
0,85071D,CHARLIE+LOLA MY ROOM DOOR SIGN,23,113,69.99
0,90082B,DIAMANTE BOW BROOCH RED COLOUR,2,11,69.85
0,21520,BOOZE & WOMEN GREETING CARD ,15,166,69.72
0,21344,MOROCCAN BEATEN METAL DISH,2,7,69.65
0,84711B,PINK OVAL SHAPE TRINKET BOX,4,7,69.64999999999999
0,90124C,GREEN MURANO TWIST NECKLACE,4,7,69.64999999999999
0,20936,FORKED CACTUS CANDLE,8,24,69.10000000000001
0,85179A,GREEN BITTY LIGHT CHAIN,5,47,68.95
0,20893,HANGING BAUBLE T-LIGHT HOLDER SMALL,6,27,68.85
0,23567,EGG CUP HENRIETTA HEN PINK,8,55,68.75
0,21441,BLUE BIRDHOUSE DECORATION,14,96,68.39999999999999
0,23576,SNACK TRAY RED VINTAGE DOILY,8,35,68.25
0,23580,SNACK TRAY HAPPY FOREST  ,6,35,68.25
0,21248,DOOR HANGER  MUM + DADS ROOM,18,47,68.14999999999999
0,35914,PINK CHICK EGG WARMER + EGG CUP,7,61,68.1
0,79190A,RETRO PLASTIC 70'S TRAY,14,162,68.03999999999999
0,23229,DONKEY TAIL GAME ,3,18,67.5
0,23525,WALL ART BUFFALO BILL ,8,18,67.5
0,23529,DOLLY GIRL WALL ART,3,18,67.5
0,90180A,BLACK+WHITE NECKLACE W TASSEL,3,11,67.45
0,20795,LARGE BLUE PROVENCAL CERAMIC BALL,9,32,67.2
0,84926A,WAKE UP COCKEREL TILE COASTER,11,204,66.83999999999999
0,21676,FLOWERS  STICKERS,9,78,66.3
0,20803,SMALL PINK GLASS SUNDAE DISH,11,163,66.27
0,23476,WOODLAND LARGE RED FELT HEART,5,53,66.25
0,84877D,BLUE ROUND COMPACT MIRROR,4,51,66.25
0,16015,MEDIUM CHINESE STYLE SCISSOR,4,132,66.0
0,23542,70'S ALPHABET WALL ART,4,8,66.0
0,23023,RIDGED BONNE JAM JAR T-LIGHT HOLDER,7,40,65.99999999999999
0,22410,MONEY BOX HOUSEKEEPING DESIGN,11,69,65.61
0,23151,ZINC SWEETHEART SOAP DISH,11,40,65.60000000000001
0,72122,COFFEE SCENT PILLAR CANDLE,15,69,65.55
0,23697,A PRETTY THANK YOU CARD,11,156,65.52
0,21724,PANDA AND BUNNIES STICKER SHEET,15,77,65.44999999999999
0,84913A,SOFT PINK ROSE TOWEL ,5,14,65.10000000000001
0,84926D,LA PALMIERA TILE COASTER,14,198,65.1
0,22316,200 BENDY SKULL STRAWS,7,52,65.0
0,35972,DAISY FOLKART HEART DECORATION,7,52,65.0
0,85129C,BEADED CRYSTAL HEART BLUE SMALL,4,52,65.0
0,21424,WOODLAND STORAGE BOX LARGE ,7,22,64.9
0,84859C,PINK DISCO HANDBAG,5,29,64.55
0,22100,SKULLS SQUARE TISSUE BOX,12,154,64.36
0,85027L,FRENCH CHATEAU LARGE PLATTER ,9,33,64.35
0,35967,FOLK ART METAL STAR T-LIGHT HOLDER,13,169,64.34
0,85186A,EASTER BUNNY GARLAND OF FLOWERS,13,153,64.26
0,21096,SET/6 FRUIT SALAD  PAPER PLATES,16,150,64.02
0,22268,DECORATION SITTING BUNNY,15,336,63.84
0,23253,16 PC CUTLERY SET PANTRY DESIGN,1,4,63.8
0,21690,SILVER  CANDLEPOT JARDIN ,5,17,63.75
0,84877B,GREEN ROUND COMPACT MIRROR,4,51,63.75
0,84952C,MIRROR LOVE BIRD T-LIGHT HOLDER,4,17,63.75
0,17107D,FLOWER FAIRY 5 DRAWER LINERS,10,25,63.74999999999999
0,85124B,BLUE JUICY FRUIT PHOTO FRAME,9,25,63.74999999999999
0,21944,KITTENS DESIGN FLANNEL,11,89,63.69
0,84712B,PINK JEWELLED PHOTO FRAME,4,8,63.6
0,84800S,SMALL WHITE/PINK ROSE ART FLOWER,5,56,63.160000000000004
0,21197,MULTICOLOUR  CONFETTI IN TUBE,4,74,63.059999999999995
0,16156L,WRAP CAROUSEL,6,150,63.0
0,20830,SILVER PHOTO FRAME,10,30,63.0
0,21503,TOYBOX  WRAP ,6,150,63.0
0,22038,BOTANICAL LAVENDER GIFT WRAP ,6,150,63.0
0,47503H,ASS FLORAL PRINT SPIRIT LEVEL ,17,68,63.0
0,72586,SET OF 6 HALLOWEEN GHOST T-LIGHTS,22,150,63.0
0,85132A,CHARLIE + LOLA BISCUITS TINS,6,20,62.99999999999999
0,85040B,SET/4 BLUE FLOWER CANDLES IN BOWL,14,38,62.699999999999996
0,90010E,AMBER GLASS/SILVER BRACELET,5,7,62.64999999999999
0,90175A,WHITE GLASS CHUNKY CHARM BRACELET,6,7,62.64999999999999
0,90175C,BLUE GLASS CHUNKY CHARM BRACELET,4,7,62.64999999999999
0,85230G,ORANGE VOTIVE CANDLE,9,216,62.63999999999999
0,16048,TEATIME ROUND PENCIL SHARPENER ,19,461,62.519999999999996
0,21145,ANTIQUE GLASS PLACE SETTING,4,50,62.5
0,22256,FELT FARM ANIMAL CHICKEN,10,50,62.5
0,21814,HEART T-LIGHT HOLDER ,6,43,62.349999999999994
0,84674,FLYING PIG WATERING CAN,8,21,61.95
0,22287,DECORATION WOBBLY CHICKEN,13,116,61.61999999999999
0,20836,FRENCH PAISLEY CUSHION COVER,8,74,61.419999999999995
0,21280,VINTAGE KITCHEN PRINT VEGETABLES,4,24,61.199999999999996
0,22353,LUNCH BOX WITH CUTLERY FAIRY CAKES ,11,24,61.199999999999996
0,84584,PINK GINGHAM CAT WITH SCARF,7,24,61.199999999999996
0,20856,DENIM PATCH PURSE PINK BUTTERFLY,12,37,61.05
0,21973,SET OF 36 MUSHROOM PAPER DOILIES,9,42,60.9
0,84598,BOYS ALPHABET IRON ON PATCHES,3,288,60.48
0,23579,SNACK TRAY I LOVE LONDON,7,31,60.45
0,20758,ABSTRACT CIRCLES POCKET BOOK,15,71,60.349999999999994
0,21698,MOCK LOBSTER FRIDGE MAGNET,8,140,60.12
0,10080,GROOVY CACTUS INFLATABLE,11,154,60.06
0,21088,SET/6 FRUIT SALAD PAPER CUPS,21,287,60.050000000000004
0,BANK CHARGES,Bank Charges,4,5,60.001
0,18094C,WHITE AND BLUE CERAMIC OIL BURNER,4,48,60.0
0,20847,ZINC HEART LATTICE CHARGER LARGE,6,16,60.0
0,23436,GIFT BAG LARGE VINTAGE CHRISTMAS,4,48,60.0
0,71053,WHITE MOROCCAN METAL LANTERN,3,16,60.0
0,35004C,SET OF 3 COLOURED  FLYING DUCKS,6,11,59.95
0,84616,SILVER ROCCOCO CHANDELIER,1,2,59.9
0,37413,ICON MUG REVOLUTIONARY,28,140,59.76
0,37476,CONDIMENT TRAY 4 BOWLS AND 4 SPOONS,3,6,59.699999999999996
0,84711A,SILVER OVAL SHAPE TRINKET BOX,3,6,59.699999999999996
0,84637,KITCHEN FLOWER POTS WALL PLAQUE,4,10,59.5
0,90198B,VINTAGE ROSE BEAD BRACELET BLACK,7,14,59.5
0,21161,KEEP OUT BOYS DOOR HANGER ,7,41,59.449999999999996
0,21851,LILAC DIAMANTE PEN IN GIFT BOX,6,12,59.400000000000006
0,23116,VEGETABLE GARDEN CHOPPING BOARD,4,12,59.400000000000006
0,23126,DOLLCRAFT GIRL AMELIE KIT,3,12,59.400000000000006
0,46776F,WOVEN ROSE GARDEN CUSHION COVER ,3,12,59.400000000000006
0,23417,BATHROOM HOOK,8,48,59.03999999999999
0,84247E,PACK OF 12 CHRISTMAS FUN CARDS,11,20,59.00000000000001
0,72799C,PINK PILLAR CANDLE SILVER FLOCK,8,39,58.89000000000001
0,84898F,YELLOW FLOWERS FELT HANDBAG KIT,8,28,58.800000000000004
0,84629,WHITE 3 FRAME BIRDS AND TREE ,4,5,58.75
0,21279,VINTAGE KITCHEN PRINT FRUITS,6,23,58.65
0,21555,CERAMIC STRAWBERRY TRINKET TRAY,6,23,58.65
0,23244,STORAGE TIN VINTAGE LEAF,3,30,58.5
0,84218,BOX/12 CHICK & EGG IN BASKET,18,30,58.5
0,84741C,CITRUS GARLAND FELT FLOWERS ,7,30,58.5
0,17129F,BLUE GLASS GEMS IN BAG,5,86,57.98
0,21030,SPACE CADET RED,8,46,57.5
0,47574A,ENGLISH ROSE SCENTED HANGING FLOWER,15,53,57.25
0,84881,BLUE WIRE SPIRAL CANDLE HOLDER,4,9,57.15
0,21003,ROSE DU SUD CUSHION COVER,3,9,57.14999999999999
0,22516,CHILDS GARDEN RAKE BLUE,12,27,56.7
0,23528,WALL ART SPACEBOY,5,15,56.25
0,84882,GREEN WIRE STANDING CANDLE HOLDER,7,15,56.25
0,21882,SKULLS TAPE,12,154,55.940000000000005
0,23467,VINTAGE ZINC PLANTER  ,4,17,55.93000000000001
0,84631,FRUIT TREE AND BIRDS WALL PLAQUE,6,7,55.65
0,84638,SMALL KITCHEN FLOWER POTS PLAQUE,5,8,55.6
0,22031,BOTANICAL LAVENDER BIRTHDAY CARD,10,132,55.44
0,85116,BLACK CANDELABRA T-LIGHT HOLDER,9,65,55.300000000000004
0,16218,CARTOON  PENCIL SHARPENERS,14,770,55.2
0,22447,PIN CUSHION BABUSHKA BLUE,3,24,55.2
0,22395,PAPERWEIGHT VINTAGE PAISLEY,7,75,55.17
0,20652,BLUE POLKADOT LUGGAGE TAG ,8,44,55.0
0,22289,HANGING METAL CHICKEN DECORATION,7,44,55.0
0,22345,PARTY PIZZA DISH BLUE POLKADOT,11,131,54.89
0,84809A,WHITE CHRYSANTHEMUMS ART FLOWER,3,26,54.60000000000001
0,22813,PACK 3 BOXES BIRD PANETTONE ,4,28,54.599999999999994
0,21375,LARGE CAMPHOR WOOD FIELD MUSHROOM ,4,10,54.5
0,90030B,RED KUKUI COCONUT SEED NECKLACE,6,34,53.8
0,47421,ASSORTED COLOUR LIZARD SUCTION HOOK,8,128,53.76
0,21456,2 PICTURE BOOK EGGS EASTER CHICKS,9,43,53.75
0,90184A,AMBER CHUNKY BEAD BRACELET W STRAP,2,6,53.7
0,90010B,BLACK/WHITE GLASS/SILVER BRACELET,2,6,53.699999999999996
0,21402,RED  EGG  SPOON,26,447,53.64
0,90123A,PINK HEART OF GLASS BRACELET,6,9,53.550000000000004
0,21662,VINTAGE GLASS COFFEE CADDY,6,9,53.55
0,85185B,PINK HORSE SOCK PUPPET KIT,7,18,53.1
0,21306,SET/4 DAISY MIRROR MAGNETS,11,183,53.06999999999999
0,79030G,"TUMBLER, NEW ENGLAND",4,32,52.8
0,84859A,SILVER DISCO HANDBAG,8,25,52.75
0,21426,WOODLAND STORAGE BOX SMALL,7,25,52.50000000000001
0,20696,FLORAL SOFT CAR TOY,3,14,52.5
0,23574,PACKING CHARGE,7,7,52.5
0,84805A,CREAM CLIMBING HYDRANGA ART FLOWER,3,30,52.5
0,21243,PINK POLKADOT PLATE ,4,31,52.39
0,85204,HANGING WOOD AND FELT FLOWER,10,431,52.31999999999999
0,46000R,POLYESTER FILLER PAD 45x30cm,9,36,52.2
0,22104,MIRROR MOSAIC CANDLE PLATE,4,36,52.199999999999996
0,23236,DOILEY BISCUIT TIN,3,18,52.019999999999996
0,21377,SMALL CAMPHOR WOOD FIELD  MUSHROOM,8,45,51.56999999999999
0,84926F,PSYCHEDELIC TILE COASTER,8,138,51.53999999999999
0,23532,WALL ART WORK REST AND PLAY  ,6,11,51.45
0,23194,GYMKHANNA TREASURE BOOK BOX,3,24,51.28
0,23125,6PC WOOD PLATE SET DISPOSABLE,6,41,51.25
0,23568,EGG CUP HENRIETTA HEN CREAM ,5,41,51.25
0,20773,BLUE PAISLEY NOTEBOOK,13,31,51.15
0,22602,CHRISTMAS RETROSPOT HEART WOOD,3,60,51.0
0,84688,BEACH HUT DESIGN BLACKBOARD,2,12,51.0
0,84796A,PINK HAWAIIAN PICNIC HAMPER FOR 2,3,4,51.0
0,85124C,GREEN JUICY FRUIT PHOTO FRAME,9,20,51.0
0,85163B,BLACK BAROQUE WALL CLOCK ,3,4,51.0
0,21401,BLUE PUDDING SPOON,28,421,50.82
0,90082A,DIAMANTE BOW BROOCH GREEN COLOUR,3,8,50.8
0,21379,CAMPHOR WOOD PORTOBELLO MUSHROOM,9,53,50.769999999999996
0,21171,BATHROOM METAL SIGN ,17,35,50.75
0,22512,DOORSTOP RACING CAR DESIGN,11,36,50.6
0,22033,BOTANICAL ROSE GREETING CARD,6,120,50.4
0,23694,PAISLEY PARK CARD,10,120,50.4
0,18098C,PORCELAIN BUTTERFLY OIL BURNER,3,17,50.150000000000006
0,85123A,CREAM HANGING HEART T-LIGHT HOLDER,4,17,50.150000000000006
0,84661A,WHITE SQUARE TABLE CLOCK,6,21,50.029999999999994
0,23064,CINDERELLA CHANDELIER ,9,1,49.95
0,23324,RUSTIC STRAWBERRY JAMPOT LARGE ,2,24,49.92
0,22764,"RUSTIC WOODEN CABINET, GLASS DOORS",1,2,49.9
0,22346,PARTY PIZZA DISH GREEN POLKADOT,8,107,49.85
0,90124A,PINK MURANO TWIST NECKLACE,3,5,49.75
0,84827,ASS DES PHONE SPONGE CRAFT STICKER,5,86,49.74
0,21711,FOLDING UMBRELLA WHITE/RED POLKADOT,5,10,49.50000000000001
0,21850,BLUE  DIAMANTE PEN IN GIFT BOX,7,10,49.5
0,23537,WALL ART I LOVE LONDON ,5,10,49.5
0,21202,DOLLY HONEYCOMB GARLAND,5,30,49.49999999999999
0,20782,CAMOUFLAGE EAR MUFF HEADPHONES,4,9,49.410000000000004
0,21376,LARGE  TALL CAMPHOR WOOD TOADSTOOL ,4,9,49.05
0,79337,BLUE FLOCK GLASS CANDLEHOLDER,4,109,49.040000000000006
0,21378,SMALL TALL CAMPHOR WOOD TOADSTOOL,6,48,48.959999999999994
0,35637A,IVORY STRING CURTAIN WITH POLE ,5,21,48.949999999999996
0,21421,PORCELAIN ROSE LARGE ,5,39,48.75
0,21692,SILVER LATTICE VANILLA CANDLE POT,4,13,48.75
0,72801C,4 ROSE PINK DINNER CANDLES,8,39,48.75
0,84748,FOLK FELT HANGING MULTICOL GARLAND,3,13,48.75
0,85230E,STRAWBRY SCENTED VOTIVE CANDLE,7,168,48.71999999999999
0,21657,MILK BOTTLE WITH GLASS STOPPER ,3,7,48.650000000000006
0,23139,SINGLE WIRE HOOK PINK HEART,7,35,48.629999999999995
0,16216,LETTER SHAPE PENCIL SHARPENER,14,635,48.6
0,21281,VINTAGE KITCHEN PRINT SEAFOOD,2,19,48.449999999999996
0,22308,TEA COSY BLUE STRIPE,10,19,48.449999999999996
0,85213,MINI  ZINC GARDEN DECORATIONS ,6,120,48.239999999999995
0,85130A,BEADED PEARL HEART WHITE LARGE,4,29,47.849999999999994
0,22166,WALL MIRROR RECTANGLE DIAMANTE PINK,5,6,47.7
0,21001,ROSE DU SUD WASHBAG ,5,8,47.6
0,84766,SILVER ROCOCO CANDLE STICK,2,8,47.6
0,20669,RED HEART LUGGAGE TAG,10,38,47.5
0,20966,SANDWICH BATH SPONGE,9,38,47.5
0,21027,NINJA RABBIT PINK,7,38,47.5
0,84876D,BLUE HEART COMPACT MIRROR,3,30,47.5
0,16168M,FUNKY MONKEY GIFT BAG MEDIUM,7,113,47.46
0,21632,VINTAGE PINK DECORATIVE PARASOL,1,12,47.400000000000006
0,22183,CAKE STAND VICTORIAN FILIGREE MED,3,7,47.25
0,84563B,BLUE & WHITE BREAKFAST TRAY,4,16,47.2
0,22882,NUMBER TILE VINTAGE FONT 3,14,24,46.8
0,85095,THREE CANVAS LUGGAGE TAGS,3,24,46.8
0,21286,RETROSPOT CANDLE  LARGE,4,38,45.94
0,20699,MOUSEY LONG LEGS SOFT TOY,6,18,45.9
0,20757,RED DAISY POCKET BOOK ,12,54,45.9
0,84051,ASS COLOUR GLOWING TIARAS,7,54,45.9
0,23061,VINTAGE ENGRAVED HEART,2,36,45.0
0,85049B,LUSH GREENS RIBBONS,6,36,45.0
0,21815,STAR  T-LIGHT HOLDER ,6,31,44.949999999999996
0,85186C,BUNNY EGG GARLAND,16,107,44.94
0,47594A,CAROUSEL DESIGN WASHBAG,14,23,44.85
0,23305,SET 4 PICNIC CUTLERY BLUEBERRY,4,23,44.849999999999994
0,84925F,PSYCHEDELIC WALL THERMOMETER,6,23,44.57
0,22102,MIRROR MOSAIC T-LIGHT HOLDER ,5,27,44.55
0,21117,BLOND DOLL DOORSTOP,6,31,44.25
0,21157,RED RETROSPOT WASHBAG,4,21,44.10000000000001
0,85208,SET/12 FUNKY FELT FLOWER PEG IN BAG,8,21,44.1
0,21400,RED PUDDING SPOON,20,347,44.04
0,22257,FELT FARM ANIMAL SHEEP,6,67,43.91
0,85170B,SET/6 BLACK BIRD T-LIGHT CANDLES,9,28,43.800000000000004
0,35649,VINTAGE BEAD COSMETIC BAG ,3,13,43.550000000000004
0,21311,SET/4 BIRD MIRROR MAGNETS ,12,125,43.489999999999995
0,85188B,PINK METAL SWINGING BUNNY,4,51,43.35
0,22458,CAST IRON HOOK GARDEN FORK,4,17,43.349999999999994
0,22541,MINI JIGSAW LEAP FROG,8,103,43.260000000000005
0,20616,CHERRY BLOSSOM PASSPORT COVER,10,41,42.900000000000006
0,20933,YELLOW POT PLANT CANDLE,5,14,42.900000000000006
0,20707,CRAZY DAISY HEART DECORATION,7,34,42.5
0,21132,SILVER STANDING GNOME   ,3,10,42.5
0,22641,SET OF 4 NAPKIN CHARMS INSTRUMENT,4,38,42.5
0,90063A,WHITE VINT ART DECO CRYSTAL NECKLAC,3,5,42.5
0,90151,SILVER/NATURAL SHELL NECKLACE,2,5,42.5
0,22124,SET OF 2 TEA TOWELS PING MICROWAVE,8,37,42.190000000000005
0,51020A,SUMMER FUN DESIGN SHOWER CAP,5,78,41.82
0,85230A,OPIUM SCENTED VOTIVE CANDLE,6,144,41.75999999999999
0,21678,PAISLEY PATTERN  STICKERS,8,49,41.65
0,23440,PAINT YOUR OWN EGGS IN CRATE,4,20,41.6
0,23041,PAPER LANTERN 6 POINT SNOW STAR,2,10,41.5
0,84429A,MEDIUM PINK BUDDHA HEAD ,5,14,41.300000000000004
0,22856,ASSORTED EASTER DECORATIONS  BELLS,6,33,41.25
0,82011C,BATHROOM SCALES FOOTPRINTS IN SAND,7,11,41.25
0,84875B,GREEN SQUARE COMPACT MIRROR,4,33,41.25
0,85129D,BEADED CRYSTAL HEART PINK SMALL,6,33,41.25
0,90058A,CRYSTAL STUD EARRINGS CLEAR DISPLAY,3,108,41.04
0,21038,SET/4 MODERN VINTAGE COTTON NAPKINS,12,49,40.870000000000005
0,22157,ANGEL DECORATION WITH LACE PADDED,2,48,40.8
0,85026B,EAU DE NILE JEWELLED T-LIGHT HOLDER,6,48,40.8
0,22134,MINI LADLE LOVE HEART RED ,9,97,40.74
0,22106,MIRROR MOSAIC HURRICANE LAMP ,2,6,40.5
0,22216,T-LIGHT HOLDER WHITE LACE,5,79,40.269999999999996
0,84799,SPRIG LAVENDER ARTIFICIAL FLOWER,2,64,40.16
0,85092,CANDY SPOT TEA COSY,2,27,40.05
0,23496,PANTRY KITCHEN THERMOMETER ,11,32,40.0
0,85129B,BEADED CRYSTAL HEART GREEN SMALL,4,32,40.0
0,21686,MEDINA STAMPED METAL STOOL,1,1,39.95
0,23462,ROCOCO WALL MIROR,1,2,39.9
0,79190B,RETRO PLASTIC POLKA TRAY,9,95,39.9
0,21784,SHOE SHINE BOX ,4,4,39.8
0,84707B,PINK JEWELLED MIRROR TRINKET TRAY,3,4,39.8
0,90014B,GOLD M PEARL  ORBIT NECKLACE,3,4,39.8
0,22415,WHITE TISSUE REAM,3,5,39.75
0,90036D,"FLOWER GLASS GARLAND NECKL.36""BLACK",2,5,39.75
0,21846,PINK DIAMANTE PEN IN GIFT BOX,6,8,39.6
0,23057,GEMSTONE CHANDELIER T-LIGHT HOLDER,1,8,39.6
0,23126,DOLLCRAFT GIRL AMELIE,2,8,39.6
0,23128,DOLLCRAFT BOY JEAN-PAUL ,2,8,39.6
0,46776E,WOVEN CANDY CUSHION COVER ,2,8,39.6
0,84905,PINK BUTTERFLY CUSHION COVER ,1,8,39.6
0,20774,GREEN FERN NOTEBOOK,11,24,39.599999999999994
0,23191,BUNDLE OF 3 RETRO EXERCISE BOOKS,2,24,39.599999999999994
0,23325,RUSTIC STRAWBERRY JAMPOT SMALL,2,24,39.599999999999994
0,20868,SILVER FABRIC MIRROR,12,94,39.24
0,16054,POPART RECT PENCIL SHARPENER ASST,10,326,39.120000000000005
0,79403,FROSTED WHITE BASE ,4,46,39.099999999999994
0,47021G,SET/6 BEAD COASTERS GAUZE BAG GOLD,4,100,39.0
0,62086A,PINK RETRO BIG FLOWER BAG,4,20,39.0
0,21067,VINTAGE RED TEATIME MUG,10,31,38.75
0,21457,2 PICTURE BOOK EGGS EASTER DUCKS,5,31,38.75
0,22719,GUMBALL MONOCHROME COAT RACK,7,31,38.75
0,84993A,75 GREEN PETIT FOUR CASES,16,92,38.64
0,35957,SMALLFOLKART BAUBLE CHRISTMAS DEC,2,144,38.400000000000006
0,20898,VINTAGE NOTEBOOK TRAVELOGUE,1,13,38.35000000000001
0,21253,SET OF PICTURE FRAME  STICKERS,2,13,38.35000000000001
0,85087,CANDY SPOT CUSHION COVER,4,13,38.35000000000001
0,84927E,FLOWERS TILE HOOK,5,28,38.28
0,85023B,EAU DE NILE JEWELLED PHOTOFRAME,5,15,38.25
0,90120C,GREEN MURANO TWIST BRACELET,3,9,38.25
0,90148,LONG SILVER NECKLACE PASTEL FLOWER,2,3,38.25
0,90196B,BLACK GEMSTONE NECKLACE 45CM,3,3,38.25
0,20845,ZINC HEART LATTICE 2 WALL PLANTER,1,6,38.099999999999994
0,84596E,SMALL LICORICE DES PINK BOWL,9,53,38.03
0,85161,ACRYLIC GEOMETRIC LAMP,2,2,37.9
0,21816,CHRISTMAS TREE T-LIGHT HOLDER,3,26,37.699999999999996
0,21458,2 PICTURE BOOK EGGS EASTER BUNNY,5,30,37.5
0,22202,MILK PAN PINK POLKADOT,4,10,37.5
0,84870B,BLUE GEISHA GIRL ,4,10,37.5
0,84870C,GREEN GEISHA GIRL ,4,10,37.5
0,84952B,BLACK LOVE BIRD T-LIGHT HOLDER,4,10,37.5
0,85131C,BEADED CRYSTAL HEART BLUE ON STICK,4,30,37.5
0,21719,LOVELY BONBON STICKER SHEET,8,44,37.4
0,23303,SET 4 PICNIC CUTLERY FONDANT,3,19,37.05
0,47422,ASSORTED MONKEY SUCTION CUP HOOK,8,88,36.96
0,21367,MIRRORED WALL ART GENTS,9,46,36.3
0,47343A,FUSCHIA FLOWER PURSE WITH BEADS,3,32,35.8
0,21427,SKULLS STORAGE BOX SMALL,5,17,35.7
0,22135,MINI LADLE LOVE HEART PINK,7,85,35.7
0,84910A,PINK PAISLEY CUSHION COVER ,4,6,35.7
0,85020,ROUND PINK HEART MIRROR,5,17,35.7
0,90123B,TURQUOISE HEART OF GLASS BRACELET,3,6,35.7
0,21945,STRAWBERRIES  DESIGN FLANNEL ,9,42,35.699999999999996
0,90098,NECKLACE+BRACELET PINK BUTTERFLY,2,14,35.699999999999996
0,79051A,SMOKEY GREY COLOUR D.O.F. GLASS,7,78,35.58
0,21368,MIRRORED WALL ART LADIES,9,45,35.55
0,21614,SET OF 12 ROSE BOTANICAL T-LIGHTS,1,12,35.400000000000006
0,90012B,BLACK DROP CRYSTAL NECKLACE,2,12,35.400000000000006
0,90162B,ANT SILVER LIME GREEN BOUDICCA RING,2,12,35.400000000000006
0,90183A,AMBER DROP EARRINGS W LONG BEADS,2,12,35.400000000000006
0,84865,NEW BAROQUE BLACK PHOTO ALBUM,2,12,35.4
0,22875,NUMBER TILE COTTAGE GARDEN 7,4,18,35.1
0,22880,NUMBER TILE VINTAGE FONT 1,8,18,35.1
0,37467,PIG MUG IN TWO COLOUR DESIGNS,6,90,35.099999999999994
0,21635,MADRAS NOTEBOOK LARGE ,3,28,35.0
0,21372,MIRRORED WALL ART TABLE LAMP,8,29,34.95
0,79051A,SMOKEY GREY COLOUR GLASS,6,120,34.8
0,90081A,LILY BROOCH AMETHYST COLOUR,3,7,34.650000000000006
0,90081C,LILY BROOCH OLIVE COLOUR,3,7,34.650000000000006
0,23040,PAPER LANTERN 9 POINT SNOW STAR,2,6,34.5
0,22184,CAKE STAND VICTORIAN FILIGREE LARGE,2,4,34.0
0,23205,CHARLOTTE BAG ALPHABET  DESIGN,4,40,34.0
0,47481,50CM METAL STRING WITH  7 CLIPS,6,40,34.0
0,20819,SILVER TEDDY BEAR,3,9,33.75
0,21364,PEACE SMALL WOOD LETTERS,4,5,33.75
0,23137,ZINC WIRE SWEETHEART LETTER TRAY,6,9,33.75
0,23529,WALL ART DOLLY GIRL ,3,9,33.75
0,47310M,"SMALL POP BOX,FUNKY MONKEY",2,27,33.75
0,84497,BUTTONS AND STRIPES NOTEBOOK ,3,9,33.75
0,84510C,SET OF 4 POLKADOT COASTERS,10,27,33.75
0,84847,FLORAL BATHROOM SET,6,9,33.75
0,72783,BLACK SIL'T SQU CANDLE PLATE ,2,16,33.6
0,23306,SET OF 36 PANTRY PAPER DOILIES,7,23,33.35
0,22416,SET OF 36 SPACEBOY PAPER DOILIES,3,23,33.349999999999994
0,22459,CAST IRON HOOK GARDEN TROWEL,4,13,33.15
0,22868,NUMBER TILE COTTAGE GARDEN 0 ,3,17,33.15
0,22869,NUMBER TILE COTTAGE GARDEN 1,5,17,33.15
0,22873,NUMBER TILE COTTAGE GARDEN 5,3,17,33.15
0,22876,NUMBER TILE COTTAGE GARDEN 8,3,17,33.15
0,22883,NUMBER TILE VINTAGE FONT 4,8,17,33.15
0,22885,NUMBER TILE VINTAGE FONT 6 ,8,17,33.15
0,84507C,BLUE CIRCLES DESIGN MONKEY DOLL,5,13,33.15
0,84508B,STRIPES DESIGN TEDDY,8,13,33.15
0,23066,SMALL JEWELLERY STAND,2,4,33.0
0,23465,TUSCAN VILLA FEEDING STATION,2,4,33.0
0,23468,TUSCAN VILLA BIRD TABLE ,2,4,33.0
0,84874B,BLUE TRAVEL FIRST AID KIT,2,20,33.0
0,85214,TUB 24 PINK FLOWER PEGS,12,20,33.0
0,20781,GOLD EAR MUFF HEADPHONES,4,6,32.94
0,79030D,TUMBLER BAROQUE,7,84,32.76
0,20622,VIPPASSPORT COVER ,3,31,32.7
0,22263,FELT EGG COSY LADYBIRD ,7,102,32.65
0,85169D,PINK LOVE BIRD CANDLE,6,42,32.58
0,20731,POSY CANDY BAG,4,26,32.5
0,21826,EIGHT PIECE DINOSAUR SET,5,26,32.5
0,40003,WHITE BAMBOO RIBS LAMPSHADE,4,26,32.5
0,72127,COLUMBIAN CANDLE ROUND ,10,26,32.5
0,85145,JARDIN ETCHED GLASS LARGE BELL JAR,4,6,32.5
0,84531A,PINK KNITTED EGG COSY,13,71,32.37
0,21758,VINTAGE SHELLS PRINT,3,5,32.25
0,84661C,PINK SQUARE TABLE CLOCK,4,14,32.18
0,90036F,"FLOWER GLASS GARLD NECKL36""TURQUOIS",1,4,31.8
0,20903,VINTAGE KEEPSAKE BOX TRAVELOGUE,3,5,31.75
0,37482P,CUBIC MUG PINK POLKADOT,8,70,31.619999999999997
0,21911,GARDEN METAL SIGN ,5,19,31.349999999999994
0,85024B,EAU DE NILE JEWELLED PHOTOFRAME,5,19,31.349999999999994
0,23478,WOODLAND LARGE PINK FELT HEART,3,25,31.25
0,84828,JUNGLE POPSICLES ICE LOLLY HOLDERS,3,25,31.25
0,23442,12 HANGING EGGS HAND PAINTED,3,15,31.200000000000003
0,22870,NUMBER TILE COTTAGE GARDEN 2,2,16,31.2
0,22871,NUMBER TILE COTTAGE GARDEN 3 ,2,16,31.2
0,22872,NUMBER TILE COTTAGE GARDEN 4,2,16,31.2
0,22874,NUMBER TILE COTTAGE GARDEN 6,2,16,31.2
0,22881,NUMBER TILE VINTAGE FONT 2,7,16,31.2
0,22884,NUMBER TILE VINTAGE FONT 5,8,16,31.2
0,20619,TROPICAL PASSPORT COVER ,2,30,30.6
0,21942,SKULLS DESIGN FLANNEL,3,36,30.599999999999998
0,62094B,TURQ ICE CREAM BUM BAG ,2,12,30.599999999999998
0,72780,BLACK SILOUETTE CANDLE PLATE,6,36,30.599999999999998
0,84508A,CAMOUFLAGE DESIGN TEDDY,4,12,30.599999999999998
0,22949,SET OF 36 DOLLY GIRL PAPER DOILIES,7,21,30.45
0,23196,RETRO LEAVES MAGNETIC NOTEPAD,5,21,30.45
0,84917,WHITE HAND TOWEL WITH BUTTERFLY,3,13,30.35
0,22032,BOTANICAL LILY GREETING CARD,6,72,30.240000000000002
0,21518,BANK ACCOUNT  GREETING  CARD ,5,72,30.24
0,23143,ZINC WIRE KITCHEN ORGANISER,3,6,30.150000000000002
0,20694,FLORAL PINK MONSTER,1,8,30.0
0,21031,SPACE CADET BLACK,6,24,30.0
0,23438,GIFT BAG LARGE SPOT ,1,24,30.0
0,35920,FOUR RABBIT EASTER DECORATIONS,3,24,30.0
0,62096A,PINK/YELLOW FLOWERS HANDBAG,4,24,30.0
0,82613A,"METAL SIGN,CUPCAKE SINGLE HOOK",4,24,30.0
0,90013A,MIDNIGHT BLUE VINTAGE EARRINGS,2,8,30.0
0,90013C,GREEN VINTAGE EARRINGS ,2,8,30.0
0,90143,SILVER BRACELET W PASTEL FLOWER,2,4,30.0
0,90176D,DIAMANTE NECKLACE PURPLE,2,4,30.0
0,21763,VINTAGE WOODEN BAR STOOL,1,1,29.95
0,21627,ELEPHANT CARNIVAL POUFFE,2,2,29.9
0,23068,ALUMINIUM HEART,2,12,29.880000000000003
0,23038,T-LIGHT HOLDER SILVER SAUCER,3,36,29.879999999999995
0,23280,FOLDING MIRROR HOT PINK ,2,36,29.879999999999995
0,85168B,BLACK BAROQUE CARRIAGE CLOCK,2,3,29.849999999999998
0,90124B,BLUE MURANO TWIST NECKLACE,2,3,29.849999999999998
0,21366,MIRRORED WALL ART PHOTO FRAMES,3,7,29.75
0,90000A,RASPBERRY ANT COPPER FLOWER NECKLAC,2,5,29.75
0,46776A,WOVEN BUBBLE GUM CUSHION COVER,1,6,29.700000000000003
0,46776D,WOVEN SUNSET CUSHION COVER ,1,6,29.700000000000003
0,90086,CRYSTAL FROG PHONE CHARM,3,72,29.52
0,21738,COSY SLIPPER SHOES SMALL  RED ,3,10,29.500000000000004
0,84247N,PACK/12 BLUE FOLKART CARDS,7,10,29.500000000000004
0,84706F,RED PEONY TABLE CLOCK,6,10,29.500000000000004
0,90129B,TURQUOISE GLASS TASSLE BAG CHARM ,3,10,29.500000000000004
0,84563A,PINK & WHITE BREAKFAST TRAY,2,10,29.5
0,47420,ASSORTED COLOUR SUCTION CUP HOOK,9,154,29.260000000000005
0,22877,NUMBER TILE COTTAGE GARDEN 9,3,15,29.25
0,84663A,GRASS HOPPER WOODEN WALL CLOCK ,5,17,28.910000000000004
0,84596J,MIXED NUTS LIGHT GREEN BOWL,6,51,28.89
0,16033,MINI HIGHLIGHTER PENS,2,240,28.799999999999997
0,20941,FROG CANDLE,6,23,28.75
0,84744,S/6 SEW ON CROCHET FLOWERS,7,23,28.75
0,90164A,PINK ROSEBUD PEARL BRACELET,3,9,28.65
0,85230F,JASMINE VOTIVE CANDLE,4,98,28.419999999999995
0,85039C,S/4 BLACK MINI ROSE CANDLE IN BOWL,3,53,28.41
0,84686,BEACH HUT MIRROR,3,27,28.25
0,35933,PINK STOCKING CHRISTMAS DECORATION,5,74,28.119999999999997
0,51020B,STRIPY DESIGN SHOWER CAP,5,67,28.07
0,20854,BLUE PATCH PURSE PINK HEART,9,17,28.049999999999997
0,47586A,PINK FAIRY CAKE CUSHION COVER,4,11,28.049999999999997
0,84798A,PINK FOXGLOVE ARTIIFCIAL FLOWER,2,11,28.049999999999997
0,90131,PINK/AMETHYST/GOLD NECKLACE,1,4,27.8
0,90160D,PINK BOUDICCA LARGE BRACELET,2,4,27.8
0,84228,HEN HOUSE W CHICK STANDING,5,66,27.720000000000002
0,35810B,ENAMEL BLUE RIM COFFEE CONTAINER,8,24,27.54
0,20657,TROPICAL LUGGAGE TAG,6,22,27.5
0,21032,SPACE CADET WHITE,3,22,27.5
0,22878,NUMBER TILE COTTAGE GARDEN No,3,13,27.300000000000004
0,21904,HOUSE WRECKING METAL SIGN ,7,13,27.3
0,22887,NUMBER TILE VINTAGE FONT 8,8,14,27.3
0,85215,ASSORTED CHEESE FRIDGE MAGNETS,2,42,27.3
0,85064,CREAM SWEETHEART LETTER RACK,3,5,27.25
0,21319,GLASS CHALICE GREEN  SMALL ,6,21,27.089999999999996
0,84800M,MEDIUM WHITE/PINK ROSE ART FLOWER,4,16,27.040000000000003
0,21109,"LARGE CAKE TOWEL, CHOCOLATE SPOTS",2,4,27.0
0,21349,IVY HEART WREATH,3,4,27.0
0,90030C,BROWN KUKUI COCONUT SEED NECKLACE,3,27,27.0
0,22830,UTILTY CABINET WITH HOOKS,1,1,26.95
0,90010A,MIDNIGHT BLUE GLASS/SILVER BRACELET,2,3,26.849999999999998
0,90175D,TIGRIS EYE CHUNKY CHARM BRACELET,2,3,26.849999999999998
0,90067A,PINK VINTAGE VICTORIAN EARRINGS,2,9,26.550000000000004
0,90129C,GREEN GLASS TASSLE BAG CHARM,2,9,26.550000000000004
0,90201A,PURPLE ENAMEL FLOWER RING,5,9,26.550000000000004
0,90201B,BLACK ENAMEL FLOWER RING,4,9,26.550000000000004
0,90201D,GREEN ENAMEL FLOWER RING,4,9,26.550000000000004
0,75172,PAINTED SEA SHELL METAL WINDCHIME,3,26,26.46
0,35915B,BLUE KNITTED HEN ,2,16,26.4
0,22103,MIRROR MOSAIC T-LIGHT HOLDER ROUND,4,16,26.399999999999995
0,21721,CANDY SHOP  STICKER SHEET,4,31,26.35
0,20760,GARDEN PATH POCKET BOOK,8,31,26.349999999999998
0,72128,COLUMBIAN CANDLE ROUND,13,31,26.349999999999998
0,17084P,DRAGONS BLOOD INCENSE,5,125,26.25
0,72801D,4 SKY BLUE DINNER CANDLES,6,21,26.25
0,82011B,BATHROOM SCALES RUBBER DUCKS,5,7,26.25
0,84466,TOP SECRET PEN SET,3,21,26.25
0,21360,JOY LARGE WOOD LETTERS,2,5,25.75
0,84706D,CHERRY BLOSSOM TABLE CLOCK ,3,6,25.7
0,21270,ANTIQUE CREAM CUTLERY CUPBOARD,2,2,25.5
0,21332,MOROCCAN BEATEN METAL MIRROR,2,2,25.5
0,85167B,BLACK GRAND BAROQUE PHOTO FRAME,2,6,25.5
0,90016A,SILVER/M.O.P PENDANT ORBIT NECKLACE,1,3,25.5
0,90063B,BLACK VINT ART DEC CRYSTAL NECKLACE,2,3,25.5
0,90120B,BLUE MURANO TWIST BRACELET,3,6,25.5
0,90199A,5 STRAND GLASS NECKLACE BLACK,1,4,25.4
0,21316,SMALL CHUNKY GLASS ROMAN  BOWL,3,10,25.18
0,16161G,WRAP BAD HAIR DAY,9,250,25.0
0,23065,LARGE JEWELLERY STAND,2,2,25.0
0,23104,IVORY PANTRY HANGING LAMP ,1,2,25.0
0,72133,COLUMBIAN CANDLE RECTANGLE,7,20,25.0
0,23240,SET OF 4 KNICK KNACK TINS  DOILEY ,1,6,24.900000000000002
0,20837,FRENCH FLORAL CUSHION COVER ,3,30,24.9
0,23464,VINTAGE ZINC WATERING CAN SMALL,2,5,24.75
0,46776C,WOVEN FROST CUSHION COVER,3,5,24.75
0,85008,SET OF 3 CONEY ISLAND OVAL BOXES,2,5,24.75
0,90142D,MOP PENDANT SHELL NECKLACE,2,5,24.75
0,85094,CANDY SPOT EGG WARMER RABBIT,13,118,24.54
0,90040C,MURANO STYLE GLASS BRACELET GOLD,3,7,24.5
0,84915,HAND TOWEL PINK FLOWER AND DAISY,2,12,24.4
0,90178A,AMBER CHUNKY GLASS+BEAD NECKLACE,2,2,23.9
0,20851,ZINC HEART LATTICE TRAY OVAL ,4,4,23.8
0,90123C,GREEN HEART OF GLASS BRACELET,2,4,23.8
0,20756,GREEN FERN POCKET BOOK,9,28,23.799999999999997
0,20653,CHERRY BLOSSOM LUGGAGE TAG,3,19,23.75
0,21028,NINJA RABBIT BLACK,5,19,23.75
0,21637,ASSORTED SANSKRIT MINI NOTEBOOK,2,19,23.75
0,35912B,WHITE/PINK CHICK DECORATION,3,19,23.75
0,90116,FRUIT SALAD BAG CHARM,2,14,23.66
0,21425,SKULLS STORAGE BOX LARGE,3,8,23.6
0,22137,BATHROOM SET LOVE HEART DESIGN,2,8,23.6
0,37444C,PINK BREAKFAST CUP AND SAUCER ,2,8,23.6
0,90186B,CRYSTAL HOOP EARRING FLORAL LEAF,3,8,23.6
0,84859B,BLUE DISCO HANDBAG,1,12,23.4
0,23107,WHITE WIRE PLANT POT HOLDER,1,8,23.12
0,17038,PORCELAIN BUDAH INCENSE HOLDER,4,231,23.1
0,84806A,PINK CANDYSTUFT ARTIFICIAL FLOWER,4,51,23.07
0,82095,HEART BUTTONS JEWELLERY BOX,2,3,22.950000000000003
0,46118,FUNKY MONKEY CUSHION COVER,4,27,22.95
0,84461,12 PINK HEN+CHICKS IN BASKET,6,9,22.95
0,84507B,STRIPES DESIGN MONKEY DOLL,3,9,22.95
0,84673A,PINK FLY SWAT,11,35,22.750000000000004
0,44236,PINK/PURPLE CIRCLE CURTAIN,2,9,22.55
0,20701,PINK CAT FLORAL CUSHION COVER ,3,6,22.5
0,84842,HELLO SAILOR BATHROOM SET,3,6,22.5
0,84952A,CLEAR LOVE BIRD T-LIGHT HOLDER,1,6,22.5
0,90002D,FLOWER BURST SILVER RING CRYSTAL,3,6,22.5
0,90038A,GLASS AND PAINTED BEADS BRACELET TO,1,6,22.5
0,90038B,GLASS AND PAINTED BEADS BRACELET OL,1,6,22.5
0,90038C,GLASS AND BEADS BRACELET IVORY,1,6,22.5
0,23185,FRENCH STYLE STORAGE JAR JAM,10,77,22.33
0,72130,COLUMBIAN CANDLE ROUND,10,34,22.1
0,85198,ASSORTED FARMYARD ANIMALS IN BUCKET,2,26,22.1
0,84306,S/3 PINK SQUARE PLANTERS ROSES,2,2,21.9
0,90035C,"PEARL & SHELL 42""NECKL. IVORY",1,2,21.5
0,22242,5 HOOK HANGER MAGIC TOADSTOOL,6,13,21.450000000000006
0,22888,NUMBER TILE VINTAGE FONT 9 ,5,11,21.45
0,85030,FRENCH CHATEAU OVAL PLATTER,5,11,21.45
0,16254,TRANSPARENT ACRYLIC TAPE DISPENSER,3,25,21.25
0,17090A,LAVENDER INCENSE 40 CONES IN TIN,4,17,21.25
0,47344B,BLUE FLOWER DES PURSE,2,17,21.25
0,84569B,PACK 3 FIRE ENGINE/CAR PATCHES,3,17,21.25
0,90166,PINK & WHITE ROSEBUD RING,2,5,21.25
0,90198A,VINTAGE ROSE BEAD BRACELET RASPBERR,3,5,21.25
0,17091A,LAVENDER INCENSE IN TIN,9,26,21.19
0,16156L,"WRAP, CAROUSEL",2,50,21.0
0,17084A,TRANQUILITY MASALA INCENSE,4,100,21.0
0,22889,NUMBER TILE VINTAGE FONT No ,3,10,21.0
0,23231,WRAP  VINTAGE DOILEY ,1,50,21.0
0,84801B,WHITE HYDRANGEA ART FLOWER,2,10,21.0
0,85197,SET OF 12 MINI BUNNIES IN A BUCKET,6,10,21.0
0,21089,SET/6 GREEN SPRING PAPER CUPS,8,110,20.900000000000002
0,72225C,LAVENDER SCENT CAKE CANDLE,3,72,20.879999999999995
0,90160B,RED BOUDICCA LARGE BRACELET,2,3,20.85
0,23203,JUMBO BAG VINTAGE DOILEY ,1,10,20.8
0,21336,GOLD WASHBAG,2,7,20.650000000000002
0,79071B,ENGLISH ROSE METAL WASTE BIN,4,7,20.650000000000002
0,85185D,FROG SOCK PUPPET,5,7,20.650000000000002
0,90011B,BLACK CRYSTAL DROP EARRINGS,2,7,20.650000000000002
0,90201C,RED ENAMEL FLOWER RING,5,7,20.650000000000002
0,90210B,CLEAR ACRYLIC FACETED BANGLE,2,7,20.650000000000002
0,21278,VINTAGE KITCHEN PRINT PUDDINGS,2,8,20.4
0,22129,PARTY CONES CANDY DECORATION,2,24,20.4
0,84508C,BLUE CIRCLES DESIGN TEDDY,5,8,20.4
0,90085,CRYSTAL STILETTO PHONE CHARM,2,24,20.4
0,90065A,WHITE VINTAGE CRYSTAL BRACELET,1,3,20.25
0,23560,SET OF 6 RIBBONS COUNTRY STYLE,2,7,20.23
0,84247G,"DECOUPAGE,GREETING CARD,",3,48,20.16
0,84247L,FAWN AND MUSHROOM GREETING CARD,3,48,20.16
0,20654,FIRST CLASS LUGGAGE TAG ,3,16,20.0
0,20878,SET/9 CHRISTMAS T-LIGHTS SCENTED ,3,16,20.0
0,23292,SPACE BOY CHILDRENS CUP,2,16,20.0
0,23370,SET 36 COLOUR PENCILS DOILEY,1,16,20.0
0,21681,GIANT MEDINA STAMPED METAL BOWL ,2,2,19.9
0,22776,"CAKESTAND, 3 TIER, LOVEHEART",1,2,19.9
0,21847,GREEN  DIAMANTE PEN IN GIFT BOX,2,4,19.8
0,85232B,SET OF 3 BABUSHKA STACKING TINS,1,4,19.8
0,90019A,SILVER M.O.P ORBIT BRACELET,2,4,19.8
0,90019C,SILVER BLACK ORBIT BRACELET,3,4,19.8
0,90192,JADE DROP EARRINGS W FILIGREE,2,4,19.8
0,90206C,CRYSTAL DIAMANTE STAR BROOCH,2,4,19.8
0,21196,ROUND WHITE CONFETTI IN TUBE,1,12,19.799999999999997
0,23448,CREAM BUNNY EASTER EGG BASKET,1,12,19.799999999999997
0,35915C,PEACH KNITTED HEN ,2,12,19.799999999999997
0,35819B,"ACRYLIC HANGING JEWEL,BLUE",5,52,19.76
0,84452,METAL RABBIT LADDER EASTER ,9,23,19.55
0,22879,NUMBER TILE VINTAGE FONT 0,5,10,19.5
0,22886,NUMBER TILE VINTAGE FONT 7,5,10,19.5
0,23578,SNACK TRAY RED GINGHAM,2,10,19.5
0,85146,JARDIN ETCHED GLASS SMALL BELL JAR,2,10,19.5
0,85160B,BLACK BIRD GARDEN DESIGN MUG,9,50,19.5
0,16052,TEATIME PUSH DOWN RUBBER,2,72,19.200000000000003
0,84927A,WAKE UP COCKEREL TILE HOOK,3,14,19.14
0,90199C,5 STRAND GLASS NECKLACE CRYSTAL,2,3,19.049999999999997
0,21293,MIRRORED DOVE WALL DECORATION,2,9,18.900000000000002
0,20700,GREEN CAT FLORAL CUSHION COVER ,2,5,18.75
0,21025,SPACE FROG,4,15,18.75
0,35921,EASTER BUNNY HANGING GARLAND,4,15,18.75
0,82011A,"BATHROOM SCALES, TROPICAL BEACH",3,5,18.75
0,84685,BEACH HUT KEY CABINET,2,5,18.75
0,85096,HILDA CANDY SPOT RABBIT,4,5,18.75
0,85179C,PINK BITTY LIGHT CHAIN,2,15,18.75
0,47518F,ICON PLACEMAT POP ART ELVIS,8,153,18.36
0,84251G,"GREETING CARD, OVERCROWDED POOL.",8,96,18.240000000000002
0,84673B,BLUE FLY SWAT,11,28,18.200000000000003
0,22407,MONEY BOX FIRST AID DESIGN,4,31,18.11
0,90030A,SPOTTED WHITE NATURAL SEED NECKLACE,1,18,18.0
0,90074,BLACK DIAMOND CLUSTER NECKLACE,1,2,17.9
0,90154,LAZER CUT NECKLACE W PASTEL BEADS,1,2,17.9
0,90184C,BLACK CHUNKY BEAD BRACELET W STRAP,2,2,17.9
0,90123D,WHITE HEART OF GLASS BRACELET,2,3,17.85
0,35913B,WHITE/PINK CHICK EASTER DECORATION,3,21,17.849999999999998
0,72140E,BEST DAD CANDLE LETTERS,4,21,17.849999999999998
0,85018D,YULETIDE IMAGES S/6 PAPER BOXES,2,7,17.849999999999998
0,90119,METALIC LEAVES BAG CHARMS,2,7,17.849999999999998
0,17011F,ORIGAMI SANDLEWOOD INCENSE+FLOWER,2,25,17.700000000000003
0,20848,ZINC HEART LATTICE CHARGER SMALL,3,6,17.700000000000003
0,35909A,RABBIT EASTER DECORATION,1,6,17.700000000000003
0,84465,15 PINK FLUFFY CHICKS IN BOX,4,6,17.700000000000003
0,90012A,MIDNIGHT BLUE DROP CRYSTAL NECKLACE,1,6,17.700000000000003
0,90129D,AMBER GLASS TASSLE BAG CHARM,1,6,17.700000000000003
0,90129E,PURPLE GLASS TASSLE BAG CHARM,1,6,17.700000000000003
0,90130B,TURQ STONE/CRYSTAL EARRINGS,1,6,17.700000000000003
0,90162A,ANT SILVER TURQUOISE BOUDICCA RING,1,6,17.700000000000003
0,79144B,PAINTED LIGHTBULB STAR+ MOON,7,42,17.64
0,35265,COLOURFUL FLOWER FRUIT BOWL,7,9,17.55
0,47471,RAINBOW PEGS PHOTO CLIP STRING,3,27,17.55
0,22407,MONEY BOX FIRST ADE DESIGN,3,14,17.5
0,35968,FOLK ART METAL HEART T-LIGHT HOLDER,7,46,17.48
0,23196,LEAVES MAGNETIC  SHOPPING LIST,1,12,17.4
0,23196,RETO LEAVES MAGNETIC SHOPPING LIST,1,12,17.4
0,23236,STORAGE TIN VINTAGE DOILEY ,1,6,17.34
0,84531B,BLUE KNITTED EGG COSY,10,40,17.16
0,20759,CHRYSANTHEMUM POCKET BOOK ,7,20,17.0
0,22777,GLASS BELL JAR LARGE,1,2,17.0
0,90016B,GOLD/M.O.P PENDANT ORBIT NECKLACE,2,2,17.0
0,90026C,GLASS BEAD HOOP NECKLACE GREEN,1,2,17.0
0,90028,NEW BAROQUE LARGE NECKLACE BLK/WHIT,1,2,17.0
0,21275,ZINC TOP  2 DOOR WOODEN SHELF ,1,1,16.95
0,84873A,FUNKY FLOWER PICNIC BAG FOR 4,1,1,16.95
0,85195,HANGING HEART BASKET,1,8,16.8
0,23075,DOUBLE CERAMIC PARLOUR HOOK,1,4,16.6
0,23389,SPACEBOY MINI RUCKSACK,1,4,16.6
0,23015,CORDIAL JUG,1,2,16.5
0,23081,GREEN METAL BOX TOP SECRET,1,2,16.5
0,23209,LUNCH BAG VINTAGE DOILEY ,1,10,16.5
0,23466,TUSCAN VILLA DOVECOTE,1,2,16.5
0,20857,BLUE ROSE PATCH PURSE PINK BUTTERFL,6,10,16.499999999999996
0,20780,BLACK EAR MUFF HEADPHONES,3,3,16.47
0,84876B,GREEN HEART COMPACT MIRROR,5,13,16.25
0,81952V,ROUND PURPLE CLOCK WITH SUCKER,10,85,16.15
0,85006,SET 4 NURSERY DES ROUND BOXES,3,14,16.1
0,72051S,BAG OF SILVER STONES,2,38,15.959999999999999
0,84824,DANISH ROSE UMBRELLA STAND,1,1,15.95
0,90210C,RED   ACRYLIC FACETED BANGLE,2,12,15.9
0,22778,GLASS BELL JAR SMALL,1,4,15.8
0,46138B,BLUE CHENILLE SHAGGY CUSHION COVER ,4,16,15.8
0,84679,CLASSICAL ROSE TABLE LAMP,1,4,15.8
0,15030,FAN BLACK FRAME ,5,54,15.66
0,20816,GOLD FLOWER CUSHION COVER ,2,8,15.6
0,72132,COLUMBIAN CUBE CANDLE,4,8,15.6
0,85028L,FRENCH CHATEAU LARGE FRUIT BOWL ,3,8,15.6
0,90164B,WHITE  ROSEBUD PEARL BRACELET,3,8,15.599999999999998
0,44234,ASSORTED CIRCULAR MOBILE,4,74,15.540000000000001
0,17107D,FLOWER FAIRY 5 SUMMER DRAW LINERS,1,6,15.299999999999999
0,35916C,PINK FELT HANGING HEART W FLOWER,2,18,15.299999999999999
0,16049,TEATIME GEL PENS ASST,1,36,15.12
0,17191A,ROSE FLOWER CANDLE+INCENSE 16X16CM,2,4,15.0
0,21413,PERIWINKLE T-LIGHT HOLDER,1,12,15.0
0,23168,CLASSIC SUGAR DISPENSER,1,12,15.0
0,23212,PAINTED HEART WREATH WITH BELL,1,12,15.0
0,23396,BUTTERFLY CUSHION COVER,1,4,15.0
0,23477,WOODLAND LARGE BLUE FELT HEART,1,12,15.0
0,35647,VINTAGE BEAD PINK SHADE ,1,12,15.0
0,35833P,4 PINK FLOCK CHRISTMAS BALLS,2,12,15.0
0,84805B,BLUE CLIMBING HYDRANGA ART FLOWER,1,12,15.0
0,84921,CREAM AND PINK FLOWERS PONY ,3,4,15.0
0,90003D,CRYSTAL PAIR HEART HAIR SLIDES,2,4,15.0
0,90146,FINE SILVER NECKLACE W PASTEL FLOWE,1,2,15.0
0,90176C,DIAMANTE NECKLACE,1,2,15.0
0,90176E,DIAMANTE NECKLACE GREEN,1,2,15.0
0,20820,SILVER LOOKING MIRROR,1,3,14.850000000000001
0,23298,"BUNTING , SPOTTY ",1,3,14.850000000000001
0,23413,DECROTIVEVINTAGE COFFEE GRINDER BOX,1,3,14.850000000000001
0,85031C,CURIOUS IMAGES SCRAP BOOK SET,1,3,14.850000000000001
0,90043,COPPER AND BRASS BAG CHARM,1,3,14.850000000000001
0,90046,WHITE WITH METAL BAG CHARM,1,3,14.850000000000001
0,90048,GREEN WITH METAL BAG CHARM,1,3,14.850000000000001
0,90049,IVORY GOLD METAL BAG CHARM,1,3,14.850000000000001
0,90073,VINTAGE ENAMEL & CRYSTAL EARRINGS,1,3,14.850000000000001
0,90197B,BLACK GLASS BRACELET W HEART CHARMS,1,3,14.850000000000001
0,90206A,GOLD DIAMANTE STAR BROOCH,1,3,14.850000000000001
0,75013B,"STRING OF 8 BUTTERFLIES,PINK",1,9,14.849999999999998
0,84509E,SET OF 4 CAROUSEL PLACEMATS ,3,15,14.81
0,20935,ROUND CACTUS CANDLE,3,5,14.75
0,84247K,"FOLK ART GREETING CARD,pack/12",3,5,14.75
0,84675,FROG KING WATERING CAN,1,5,14.75
0,44235,ASSORTED COLOURED CIRCLE MOBILE ,3,34,14.28
0,37479P,CUBIC MUG FLOCK PINK ON BROWN,7,31,14.25
0,20826,SILVER APERITIF GLASS,1,36,14.040000000000001
0,84613A,PINK NEW BAROQUE FLOCK CANDLESTICK,2,3,13.950000000000001
0,23540,"WALL ART , THE MAGIC FOREST ",1,2,13.9
0,71406C,BLACK ORANGE SQUEEZER,6,33,13.86
0,46000U,POLYESTER FILLER PAD 30CMx30CM,4,11,13.75
0,84597C,RETRO PINK BALL ASHTRAY ,5,11,13.75
0,37479B,CUBIC MUG FLOCK BLUE ON BROWN,7,24,13.68
0,10120,DOGGY RUBBER,12,65,13.65
0,85028S,FRENCH CHATEAU SMALL FRUITBOWL,3,7,13.65
0,21459,YELLOW EASTER EGG HUNT START POST,3,7,13.649999999999999
0,22952,72 CAKE CASES VINTAGE CHRISTMAS,1,24,13.200000000000001
0,85024C,PINK SMALL JEWELLED PHOTOFRAME,6,8,13.2
0,84985A,SET OF 72 GREEN PAPER DOILIES,5,9,13.049999999999999
0,79190D,RETRO PLASTIC DAISY TRAY,3,31,13.02
0,21040,MODERN VINTAGE COTTON SHOPPING BAG,4,12,13.0
0,79331,PINK FLOCK GLASS CANDLEHOLDER,2,14,12.939999999999998
0,17012E,ORIGAMI OPIUM INCENSE/CANDLE SET ,1,5,12.75
0,21095,SET/6 POSIES PAPER PLATES,2,15,12.75
0,21131,GOLD STANDING GNOME,3,3,12.75
0,21331,MOROCCAN BEATEN METAL DISH LARGE,1,1,12.75
0,46000P,POLYESTER FILLER PAD 65CMx65CM,2,3,12.75
0,47574B,ENGLISH ROSE SCENTED HANGING HEART,1,3,12.75
0,84617,NEW BAROQUE BLACK BOXES,1,1,12.75
0,84796B,BLUE SAVANNAH PICNIC HAMPER FOR 2,1,1,12.75
0,84922,PINK BUTTERFLY WASHBAG,1,3,12.75
0,84925D,LA PALMIERA WALL THERMOMETER,4,5,12.75
0,84968B,SET OF 16 VINTAGE IVORY CUTLERY,1,1,12.75
0,85086A,CANDY SPOT HEART DECORATION,3,15,12.75
0,90018A,SILVER M.O.P ORBIT DROP EARRINGS,2,3,12.75
0,90018B,GOLD M.O.P ORBIT DROP EARRINGS,2,3,12.75
0,90191,SILVER LARIAT 40CM,1,1,12.75
0,90194,SILVER LARIAT BLACK STONE EARRINGS,1,3,12.75
0,90200C,BLUE SWEETHEART BRACELET,2,3,12.75
0,20902,VINTAGE KEEPSAKE BOX PARIS DAYS,1,2,12.7
0,20910,VINTAGE PHOTO ALBUM PARIS DAYS,1,2,12.7
0,85047,WHITE BEADED GARLAND STRING 20LIGHT,1,2,12.7
0,21147,JINGLE BELLS TREE DECORATION,1,6,12.600000000000001
0,72812,LARGE ZINC GLASS CANDLEHOLDER,1,6,12.600000000000001
0,90125B,AQUA BERTIE GLASS BEAD BAG CHARM,1,6,12.600000000000001
0,17109D,FLOWER FAIRY INCENSE BOUQUET,3,9,12.589999999999998
0,17136A,BLUE STONES ON WIRE FOR CANDLE,9,149,12.57
0,20659,ECONOMY LUGGAGE TAG,5,10,12.5
0,85169C,EAU DE NIL LOVE BIRD CANDLE,7,10,12.5
0,23535,WALL ART BICYCLE SAFTEY ,1,2,11.9
0,90000D,COPPER/OLIVE GREEN FLOWER NECKLACE,1,2,11.9
0,90060D,FIRE POLISHED GLASS NECKL BRONZE,2,2,11.9
0,90145,SILVER HOOP EARRINGS WITH FLOWER,1,2,11.9
0,21722,SWEET PUDDING STICKER SHEET,5,14,11.899999999999999
0,22597,CHRISTMAS MUSICAL ZINC HEART ,2,14,11.899999999999999
0,90195B,BLACK GEMSTONE BRACELET,2,2,11.899999999999999
0,75131,METAL TUBE CHIME ON BAMBOO,4,7,11.83
0,84715,SET OF 6 ICE CREAM SKITTLES,1,4,11.8
0,85089,CANDY SPOT BUNNY,1,4,11.8
0,21461,BLUE EASTER EGG HUNT START POST,2,6,11.7
0,84422,PINK/BLUE DISC/MIRROR STRING,2,30,11.7
0,84760S,SMALL HANGING GLASS+ZINC LANTERN,3,8,11.6
0,17165D,ASS COL LARGE SAND FROG P'WEIGHT,3,11,11.55
0,79336,LIGHT PINK FLOCK GLASS CANDLEHOLDER,2,30,11.400000000000002
0,23145,ZINC T-LIGHT HOLDER STARS LARGE,1,12,11.399999999999999
0,20655,QUEEN OF SKIES LUGGAGE TAG,4,9,11.25
0,23299,"FOOD COVER WITH BEADS , SET 2 SIZES",1,3,11.25
0,47341B,BLUE TABLE RUN FLOWER,5,9,11.25
0,47367B,PAIR PADDED HANGERS PINK CHECK,1,3,11.25
0,90064A,WHITE VINTAGE CRYSTAL EARRINGS,2,3,11.25
0,90064B,BLACK VINTAGE  CRYSTAL EARRINGS,2,3,11.25
0,90212C,PURPLE LAS VEGAS BRACELET ROUND,1,3,11.25
0,44092C,PURPLE/COPPER HANGING LAMPSHADE,3,13,11.049999999999999
0,84231,EASTER BUNNY WITH BASKET ON BACK,5,17,11.049999999999999
0,37333,"RETRO ""TEA FOR ONE"" ",4,4,10.8
0,16169K,WRAP FOLK ART,1,25,10.5
0,16169N,WRAP BLUE RUSSIAN FOLKART,1,25,10.5
0,17084J,LOVE POTION MASALA INCENSE,2,50,10.5
0,20617,FIRST CLASS PASSPORT COVER ,5,5,10.5
0,23545,WRAP RED DOILEY,1,25,10.5
0,23691,KEEP CALM BIRTHDAY WRAP,1,25,10.5
0,90040A,MURANO STYLE GLASS BRACELET RED,1,3,10.5
0,23366,SET 12 COLOUR PENCILS DOILEY,1,16,10.4
0,21087,SET/6 POSIES PAPER CUPS,3,25,10.270000000000001
0,20735,BLACK MINI TAPE MEASURE ,7,12,10.2
0,21720,CAKE SHOP  STICKER SHEET,1,12,10.2
0,37471,MULTICOLOUR POLKADOT PLATE,1,12,10.2
0,44092B,BLUE WHITE PLASTIC RINGS LAMPSHADE,3,12,10.2
0,44228,CANNABIS LEAF BEAD CURTAIN,1,12,10.2
0,72134,COLUMBIAN  CUBE CANDLE ,5,12,10.2
0,85109,PINK BOUDOIR T-LIGHT HOLDER,1,12,10.2
0,90093,CLEAR CRYSTAL STAR PHONE CHARM,1,12,10.2
0,17014A,ORIGAMI VANILLA INCENSE CONES,2,24,10.08
0,17096,ASSORTED LAQUERED INCENSE HOLDERS,1,48,10.08
0,44235,ASS COL CIRCLE MOBILE ,1,24,10.08
0,84249A,"GREETING CARD,SQUARE, DOUGHNUTS",2,24,10.08
0,23463,VINTAGE ZINC WATERING CAN,1,1,9.95
0,84358,FLOOR LAMP SHADE WOOD BASE,1,1,9.95
0,90014A,SILVER/MOP ORBIT NECKLACE,1,1,9.95
0,90014C,SILVER/BLACK ORBIT NECKLACE,1,1,9.95
0,21757,LIGHTHOUSE PRINTED METAL SIGN,1,2,9.9
0,46776B,WOVEN BERRIES CUSHION COVER ,1,2,9.9
0,90122A,PINK CRYSTAL+GLASS BRACELET,2,2,9.9
0,90122C,TURQUOISE CRYSTAL+GLASS BRACELET,2,2,9.9
0,90158,ST TROPEZ NECKLACE,1,2,9.9
0,90161A,ANT COPPER RED BOUDICCA BRACELET,2,2,9.9
0,23032,DOORKNOB CRACKED GLAZE IVORY,1,6,9.899999999999999
0,47591B,SCOTTIES CHILDRENS APRON,1,6,9.899999999999999
0,79030D,"TUMBLER, BAROQUE",1,6,9.899999999999999
0,84549,CROCHET WHITE RABBIT KEYRING ,1,6,9.899999999999999
0,90170,DAISY HAIR BAND,1,6,9.899999999999999
0,84576,BLUE CAT BISCUIT BARREL PINK HEART,2,5,9.75
0,23540,WALL ART THE MAGIC FOREST ,2,2,9.5
0,20823,GOLD WINE GOBLET,2,12,9.48
0,44242B,PINK FEATHERS CURTAIN,1,12,9.48
0,23380,PACK OF 12 DOILEY TISSUES,1,24,9.36
0,37423,WHITE WITH BLACK CATS PLATE,1,24,9.36
0,84984D,ORIENTAL RED CUSHION COVER ,1,2,9.3
0,35597D,PINK/WHITE CHRISTMAS TREE 30CM,1,24,9.120000000000001
0,90087,CRYSTAL SEA HORSE PHONE CHARM,1,48,9.120000000000001
0,81952B,ROUND BLUE CLOCK WITH SUCKER,3,48,9.12
0,37444A,YELLOW BREAKFAST CUP AND SAUCER,4,23,8.97
0,84750B,BLACK SMALL GLASS CAKE STAND,5,15,8.97
0,35400,WOODEN BOX ADVENT CALENDAR ,3,1,8.95
0,20664,TROPICAL HOLIDAY PURSE ,1,3,8.850000000000001
0,84773,RED ROSE AND LACE C/COVER,1,3,8.850000000000001
0,90129A,PINK GLASS TASSLE BAG CHARM ,1,3,8.850000000000001
0,90129F,RED GLASS TASSLE BAG CHARM,1,3,8.850000000000001
0,21393,BLUE POLKADOT PUDDING BOWL,3,5,8.79
0,17090D,VANILLA INCENSE 40 CONES IN TIN,2,7,8.75
0,21357,TOAST ITS - DINOSAUR,4,7,8.75
0,21445,12 PINK ROSE PEG PLACE SETTINGS,5,7,8.75
0,47310M,SMALL POP BOX FUNKY MONKEY,2,7,8.75
0,79063C,"RETRO PILL BOX KEY CHAIN,THE KING",3,46,8.74
0,85031A,ROMANTIC IMAGES SCRAP BOOK SET,2,4,8.7
0,20869,GOLD FABRIC MIRROR,8,22,8.58
0,84725,FREESTYLE CANVAS ART PICTURE,6,9,8.55
0,16046,TEATIME PEN CASE & PENS,3,10,8.5
0,71143,SILVER BOOK MARK WITH BEADS,1,10,8.5
0,71510,SQUARE METAL CANDLEHOLDER BASE,2,10,8.5
0,84840,SWEETHEART CARRY-ALL BASKET,1,1,8.5
0,90018C,SILVER BLACK ORBIT DROP EARRINGS,1,2,8.5
0,90024D,NEW BAROQUE B'FLY NECKLACE PINK,1,1,8.5
0,90026B,GLASS BEAD HOOP NECKLACE MONTANA,1,1,8.5
0,90026D,GLASS BEAD HOOP NECKLACE AMETHYST,1,1,8.5
0,90029,NEW BAROQUE SMALL NECKLACE BLACK,1,1,8.5
0,90102,WHITE FRANGIPANI HAIR CLIP,1,10,8.5
0,84745A,PINK HANGING GINGHAM EASTER HEN,3,20,8.4
0,84745B,BLUE HANGING GINGHAM EASTER HEN,3,20,8.4
0,47503J,SET/3 FLORAL GARDEN TOOLS IN BAG,1,1,7.95
0,84723,CHERRY BLOSSOM CANVAS ART PICTURE,1,1,7.95
0,85135A,YELLOW DRAGONFLY HELICOPTER,1,1,7.95
0,85136B,BLUE SHARK HELICOPTER,1,1,7.95
0,90036A,FLOWER GARLAND NECKLACE RED,1,1,7.95
0,90036B,"FLOWER GLASS GARLAND NECKL.36""GREEN",1,1,7.95
0,90036E,"FLOWER GLASS GARLD NECKL36""AMETHYST",1,1,7.95
0,35965,FOLKART HEART NAPKIN RINGS,2,10,7.9
0,84732B,CUTE BIRD CEATURE SCREEN,1,20,7.800000000000001
0,79063D,"RETRO PILL BOX , REVOLUTIONARY",2,41,7.79
0,40005B,BLUE ORGANDY ROUND LAMPSHADE W BEA,2,9,7.65
0,90208,PAIR OF PINK FLOWER CLUSTER SLIDE,2,3,7.6499999999999995
0,84388,WISE MAN STAR SHAPE EGG PAN,4,13,7.59
0,85017C,ENVELOPE 50 CURIOUS IMAGES,2,18,7.5600000000000005
0,72815,3 WICK CHRISTMAS BRIAR CANDLE ,1,2,7.5
0,84415A,PINK FLOCK SUEDE CUSHION COVER ,1,6,7.5
0,85055,FRENCH ENAMEL UTENSIL HOLDER,2,2,7.5
0,85131B,BEADED CRYSTAL HEART GREEN ON STICK,2,6,7.5
0,85131D,BEADED CRYSTAL HEART PINK ON STICK,2,6,7.5
0,90003C,MIDNIGHT BLUE PAIR HEART HAIR SLIDE,1,2,7.5
0,90039D,FIRE POLISHED GLASS BRACELET GREEN,1,2,7.5
0,79406,FROSTED WHITE BASE ,2,33,7.26
0,85144,JARDIN ETCHED GLASS BUTTER DISH,1,1,7.25
0,35818P,"ACRYLIC JEWEL ICICLE, PINK",3,19,7.220000000000001
0,90041,PEARL AND CHERRY QUARTZ BRACLET,1,2,7.0
0,79062D,"RETRO TIN ASHTRAY,REVOLUTIONARY",1,24,6.959999999999999
0,90050,CRACKED GLAZE NECKLACE IVORY,2,1,6.950000000000001
0,84199,GLOW IN DARK DOLPHINS,7,33,6.93
0,84251B,"GREETING CARD, STICKY GORDON",3,36,6.840000000000001
0,84802B,PURPLE ANEMONE ARTIFICIAL FLOWER,1,4,6.76
0,84803B,WHITE ALLIUM  ARTIFICIAL FLOWER,1,4,6.76
0,20793,BLUE TILED TRAY,3,1,6.75
0,90065B,BLACK VINT ART DEC CRYSTAL BRACELET,1,1,6.75
0,90204,PAIR OF ENAMEL BUTTERFLY HAIRCLIP,2,2,6.7
0,21392,RED POLKADOT PUDDING BOWL,2,4,6.6899999999999995
0,21420,OYSTER TRINKET BOX,1,2,6.5
0,75011,BLUE DAISY MOBILE,2,8,6.32
0,84924F,PSYCHEDELIC METAL SIGN CALENDAR,2,8,6.32
0,16248B,BLUE HOLE PUNCH,3,5,6.25
0,72801G,4 BURGUNDY WINE DINNER CANDLES,3,5,6.25
0,84462,3 PINK HEN+CHICKS IN BASKET,2,5,6.25
0,90032,IVORY SHELL HEART NECKLACE,1,1,6.25
0,90031,BILI NUT AND WOOD NECKLACE,1,6,6.0
0,21661,VINTAGE GLASS TEA CADDY,1,1,5.95
0,90152B,BLUE/GREEN SHELL NECKLACE W PENDANT,1,1,5.95
0,90179C,BLACK FINE BEAD NECKLACE W TASSEL,1,1,5.95
0,84226,HEN HOUSE W FAMILY IN BARN & NEST,3,7,5.949999999999999
0,20670,VIP HOLIDAY PURSE,1,2,5.9
0,20906,VINTAGE NOTEBOOK BEAUTY GIRL,1,2,5.9
0,21898,POTTING SHED ROSE CANDLE,2,2,5.9
0,35909B,PINK FLOWERS RABBIT EASTER,1,2,5.9
0,84247E,PACK/12 XMAS FUN CARD,2,2,5.9
0,90177D,DROP DIAMANTE EARRINGS PURPLE,1,2,5.9
0,90210A,GREY ACRYLIC FACETED BANGLE,1,2,5.9
0,16244B,MAXWELL 2 TONE BLUE 60 PAGE PHOTO A,1,3,5.85
0,22812,PACK 3 BOXES CHRISTMAS PANETTONE,1,3,5.85
0,84989A,75 GREEN FAIRY CAKE CASES,6,10,5.5
0,79144C,PAINTED LIGHTBULB RAINBOW DESIGN,3,13,5.46
0,35443,RASTA IN BATH W SPLIFF ASHTRAY,4,6,5.1
0,35916A,YELLOW FELT HANGING HEART W FLOWER,1,6,5.1
0,35916B,BLUE FELT HANGING HEART WITH FLOWER,1,6,5.1
0,85189,HANGING BUTTERFLY  EGG,2,6,5.1
0,90094,NECKLACE+BRACELET SET FRUIT SALAD ,2,2,5.1
0,90099,NECKLACE+BRACELET SET BLUE HIBISCUS,2,2,5.1
0,84975,HEART SHAPED MIRROR,1,3,5.07
0,72024U,LILAC VOTIVE CANDLE,1,24,5.04
0,84993B,75 BLACK PETIT FOUR CASES,8,12,5.04
0,21228,"POCKET MIRROR ""GLAMOROUS""",1,4,5.0
0,46126A,ELVIS WALLHANGING / CURTAIN,1,4,5.0
0,84415B,BLUE FLOCK CUSHION COVER ,1,4,5.0
0,20835,FRENCH LATTICE CUSHION COVER ,1,6,4.9799999999999995
0,35809B,ENAMEL BLUE RIM TEA CONTAINER,1,6,4.9799999999999995
0,85031B,BLOSSOM IMAGES SCRAP BOOK SET,1,1,4.95
0,90019B,GOLD M.O.P ORBIT BRACELET,1,1,4.95
0,90122B,JADE CRYSTAL+GLASS BRACELET,1,1,4.95
0,90159,COTE D'AZURE NECKLACE,1,1,4.95
0,20821,GOLDIE LOOKING MIRROR,5,1,4.949999999999999
0,21370,MIRRORED WALL ART FOXY,2,3,4.949999999999999
0,85206B,PINK FELT EASTER EGG BASKET,2,3,4.949999999999999
0,47348A,FUSCHIA VOILE POINTY SHOE DEC,1,12,4.68
0,84613C,BLUE NEW BAROQUE FLOCK CANDLESTICK,1,1,4.65
0,35966,FOLKART CHRISTMAS TREE T-LIGHT HOLD,1,12,4.5600000000000005
0,85084,HOLLY TOP CHRISTMAS STOCKING,2,5,4.25
0,90001C,ANTIQUE OPAL WHITE FLOWER EARRINGS,1,1,4.25
0,90120D,WHITE MURANO TWIST BRACELET,1,1,4.25
0,17164B,ASS COL SMALL SAND GECKO P'WEIGHT,4,10,4.2
0,20618,QUEEN OF THE SKIES PASSPORT COVER ,2,2,4.2
0,20622,VIP PASSPORT COVER ,2,2,4.2
0,23441,HAND PAINTED HANGING EASTER EGG,1,10,4.2
0,44089C,LILAC GAUZE BUTTERFLY LAMPSHADE,2,10,4.2
0,71215,METAL BASE FOR CANDLES,1,10,4.2
0,62043B,BLUE CHECK BAG W HANDLE 34X20CM,1,5,4.1499999999999995
0,21460,GREEN EASTER EGG HUNT START POST,2,2,3.9
0,84522,PINK PARTY SUNGLASSES,2,2,3.9
0,21538,DAIRY MAID  PUDDING BOWL,1,1,3.75
0,84597B,RETRO BROWN BALL ASHTRAY ,1,3,3.75
0,90025F,BAROQUE BUTTERFLY EARRINGS CRYSTAL,1,1,3.75
0,90039C,FIRE POLISHED GLASS BRACELET BLACK,1,1,3.75
0,47593A,CAROUSEL PONIES BABY BIB,4,9,3.57
0,84732D,CUTE RABBIT CEATURE SCREEN ,1,9,3.5100000000000002
0,37489A,YELLOW/PINK FLOWER DESIGN BIG MUG,3,5,3.51
0,37489D,PINK/GREEN FLOWER DESIGN BIG MUG,3,5,3.51
0,71050,SMALL SINGLE FLAME CANDLE HOLDER,3,10,3.4999999999999996
0,21307,SET/4 BUTTERFLY MIRROR MAGNETS,1,12,3.4799999999999995
0,72709,IVORY SCULPTED RND CANDLE ,1,4,3.4
0,84534B,FAIRY CAKE NOTEBOOK A5 SIZE,1,4,3.4
0,84802A,WHITE ANEMONE ARTIFICIAL FLOWER,1,2,3.38
0,20778,GARDEN PATH NOTEBOOK ,1,2,3.3
0,21100,CHARLIE AND LOLA CHARLOTTE BAG,1,2,3.3
0,21910,WAY OUT METAL SIGN ,2,2,3.3
0,72798C,SET/4 GARDEN ROSE DINNER CANDLE,1,2,3.3
0,72821,CUPID SCENTED CANDLE IN GLASS,1,2,3.3
0,84033,FLAG OF ST GEORGE ,1,2,3.3
0,90059F,DIAMANTE HAIR GRIP PACK/2 LT ROSE,1,2,3.3
0,72811,SMALL ZINC/GLASS CANDLEHOLDER,1,2,2.98
0,16207B,PINK HEART RED HANDBAG,1,1,2.95
0,20661,BLUE POLKADOT PURSE ,1,1,2.95
0,20667,CHERRY BLOSSOM PURSE,1,1,2.95
0,20894,HANGING BAUBLE T-LIGHT HOLDER LARGE,1,1,2.95
0,84086B,YELLOW/BLUE RETRO RADIO,1,1,2.95
0,90014A,SILVER M.O.P. ORBIT NECKLACE,1,1,2.95
0,90014B,GOLD M.O.P. ORBIT NECKLACE,1,1,2.95
0,90014C,SILVER AND BLACK ORBIT NECKLACE,1,1,2.95
0,90202B,WHITE ENAMEL FLOWER HAIR TIE,1,1,2.95
0,90202C,GREEN ENAMEL FLOWER HAIR TIE,1,1,2.95
0,21011,GLITTER SNOW PEAR TREE DECORATION,1,2,2.9
0,81950B,FLOWER BLUE CLOCK WITH SUCKER,2,10,2.9
0,37489B,BLUE/YELLOW FLOWER DESIGN BIG MUG,2,3,2.73
0,37489C,GREEN/BLUE FLOWER DESIGN BIG MUG,2,3,2.73
0,21943,CAKES AND RABBITS DESIGN FLANNEL ,3,3,2.55
0,37509,NEW ENGLAND MUG W GIFT BOX,1,1,2.55
0,84798B,PURPLE FOXGLOVE ARTIIFCIAL FLOWER,1,1,2.55
0,85017A,ENVELOPE 50 ROMANTIC IMAGES,1,3,2.55
0,90055,CRACKED GLAZE EARRINGS BROWN,1,1,2.55
0,90174,BUTTERFLY HAIR BAND,1,1,2.55
0,16206B,RED PURSE WITH PINK HEART,1,2,2.5
0,20671,BLUE TEATIME PRINT BOWL ,1,2,2.5
0,21226,POCKET MIRROR WOODLAND,2,2,2.5
0,62096B,PURPLE/TURQ FLOWERS HANDBAG,1,2,2.5
0,79192A,RETRO PLASTIC 70'S TRAY,1,2,2.5
0,84683,CLASSICAL ROSE CANDLESTAND,1,2,2.5
0,84875D,BLUE SQUARE COMPACT MIRROR,1,2,2.5
0,84751B,BLACK MEDIUM GLASS CAKE STAND,2,3,2.37
0,37330,BIG POLKADOT MUG,1,6,2.34
0,37488A,YELLOW PINK FLOWER DESIGN BIG BOWL,2,6,2.34
0,84510E,SET OF 4 GREEN CAROUSEL COASTERS,3,6,2.3
0,46115B,GREEN POP ART MAO CUSHION COVER ,2,12,2.2800000000000002
0,79329,PINK FLOCK GLASS CANDLEHOLDER,1,6,2.2800000000000002
0,84201B,HAPPY BIRTHDAY CARD STRIPEY TEDDY,1,12,2.2800000000000002
0,77079,DOLPHIN WINDMILL,1,1,2.12
0,17174,ASSTD RASTA KEY-CHAINS,1,5,2.1
0,82605,OLD DOC RUSSEL METAL SIGN,1,1,2.1
0,16162L,THE KING GIFT BAG,1,3,1.9500000000000002
0,22146,EASTER CRAFT IVY WREATH WITH CHICK,1,1,1.95
0,35638B,PINK/BLUE STRING CURTAIN ,1,1,1.95
0,78034B,BLUE NETTING STORAGE HANGER,1,1,1.95
0,84313B,BLUE TV TRAY TABLE ,1,1,1.95
0,35958,FOLKART ZINC STAR CHRISTMAS DEC,1,2,1.7
0,79191D,RETRO PLASTIC DAISY TRAY,2,2,1.7
0,44089A,PINK GAUZE BUTTERFLY LAMPSHADE,1,4,1.68
0,79149B,SILICON STAR BULB  BLUE,3,4,1.68
0,47013C,WINE BOTTLE DRESSING DARK BLUE,3,11,1.66
0,84548,CROCHET BEAR RED/BLUE  KEYRING,1,1,1.65
0,84550,CROCHET LILAC/RED BEAR KEYRING,1,1,1.65
0,84551,CROCHET DOG KEYRING,1,1,1.65
0,90205A,LARGE MINT DIAMANTE HAIRSLIDE,1,1,1.65
0,90205C,LARGE CRYSTAL DIAMANTE HAIRSLIDE,1,1,1.65
0,37351,ORANGE FLOWER MUG ,1,4,1.56
0,16010,FOLDING CAMPING SCISSOR W/KNIF & S,1,12,1.44
0,16162M,THE KING GIFT BAG 25x24x12cm,1,3,1.26
0,62074B,ELEPHANT CLIP W SUCTION CUP,2,3,1.26
0,35591T,TURQUOISE CHRISTMAS TREE ,1,1,1.25
0,35597A,DUSTY PINK CHRISTMAS TREE 30CM,1,1,1.25
0,35597B,BLACKCHRISTMAS TREE 30CM,1,1,1.25
0,37464,ROBOT MUG IN DISPLAY BOX,1,1,1.25
0,47341A,FUSCHIA TABLE RUN FLOWER ,1,1,1.25
0,79026B,"S/4 ICON COASTER,ELVIS LIVES",1,1,1.25
0,90128B,BLUE LEAVES AND BEADS PHONE CHARM,1,1,1.25
0,84206A,3 BLACK CATS W HEARTS BLANK CARD,1,6,1.1400000000000001
0,85225,BLING KEY RING STAND,1,1,1.0
0,16202E,BLACK PHOTO ALBUM ,3,12,0.9500000000000002
0,84201C,HAPPY BIRTHDAY CARD TEDDY/CAKE,1,5,0.95
0,21018,BIRD BOX CHRISTMAS TREE DECORATION,1,1,0.85
0,21946,PARTY TIME DESIGN FLANNEL,1,1,0.85
0,81950V,FLOWER PURPLE CLOCK W/SUCKER,1,1,0.85
0,21268,VINTAGE BLUE TINSEL REEL,1,2,0.84
0,37462E,"PET MUG, GOLDFISH",1,2,0.84
0,47013A,WINE BOTTLE DRESSING LT.BLUE,2,3,0.7
0,10123C,HEARTS WRAPPING TAPE ,1,1,0.65
0,85216,ASSORTED CAKES FRIDGE MAGNETS,1,1,0.65
0,35607B,BLACK FEATHER CHRISTMAS DECORATION,1,3,0.5700000000000001
0,84990,60 GOLD AND SILVER FAIRY CAKE CASES,1,1,0.55
0,10124A,SPOTS ON RED BOOKCOVER TAPE,1,1,0.42
0,84228,HEN HOUSE WITH CHICK STANDING,1,1,0.42
0,37468,HARDMAN MUG 3 ASSORTED,1,1,0.39
0,90214C,"LETTER ""C"" BLING KEY RING",1,1,0.29
0,90214E,"LETTER ""E"" BLING KEY RING",1,1,0.29
0,90214I,"LETTER ""I"" BLING KEY RING",1,1,0.29
0,90214P,"LETTER ""P"" BLING KEY RING",1,1,0.29
0,90214R,"LETTER ""R"" BLING KEY RING",1,1,0.29
0,PADS,PADS TO MATCH ALL CUSHIONS,2,2,0.002
0,20794,BLUE  TILE HOOK,2,0,0.0
0,20980,36 PENCILS TUBE POSY,4,0,0.0
0,21129,SILVER FISHING GNOME ,3,0,0.0
0,23630,SET 10 CARDS HANGING BAUBLES 17080,2,0,0.0
0,90070,RUBY GLASS CLUSTER BRACELET,2,0,0.0
0,22950,SET OF 36 VINTAGE CHRISTMAS DOILIES,1,-1,-1.45
0,84750A,PINK SMALL GLASS CAKE STAND,3,-3,-5.85
0,21777,RECIPE BOX WITH METAL HEART,1,-3,-23.85
0,90185C,BLACK DIAMANTE EXPANDABLE RING,1,-6,-25.5
0,79323W,WHITE CHERRY LIGHTS,1,-8,-54.0
0,D,Discount,3,-3,-194.57
0,M,Manual,115,328,-38934.68
1,22423,REGENCY CAKESTAND 3 TIER,136,439,5280.45
1,85123A,WHITE HANGING HEART T-LIGHT HOLDER,151,1465,4090.15
1,47566,PARTY BUNTING,105,801,3766.9500000000003
1,22197,SMALL POPCORN HOLDER,42,4667,3407.9500000000003
1,POST,POSTAGE,67,125,3115.03
1,21621,VINTAGE UNION JACK BUNTING,33,362,2814.5
1,22084,PAPER CHAIN KIT EMPIRE,51,934,2499.3
1,22328,ROUND SNACK BOXES SET OF 4 FRUITS ,18,948,2450.9999999999995
1,22960,JAM MAKING SET WITH JARS,85,492,1977.0
1,21915,RED  HARMONICA IN BOX ,30,1752,1924.0
1,84879,ASSORTED COLOUR BIRD ORNAMENT,87,1050,1774.5
1,22720,SET OF 3 CAKE TINS PANTRY DESIGN ,77,375,1755.45
1,79321,CHILLI LIGHTS,19,332,1507.4
1,22178,VICTORIAN GLASS HANGING T-LIGHT,58,1287,1481.07
1,22457,NATURAL SLATE HEART CHALKBOARD ,84,494,1457.3000000000002
1,22469,HEART OF WICKER SMALL,69,915,1421.75
1,22502,PICNIC BASKET WICKER SMALL,37,253,1361.3500000000001
1,22969,HOMEMADE JAM SCENTED CANDLES,68,927,1344.1499999999999
1,22699,ROSES REGENCY TEACUP AND SAUCER ,57,479,1325.0500000000002
1,85099B,JUMBO BAG RED RETROSPOT,52,616,1189.92
1,22697,GREEN REGENCY TEACUP AND SAUCER,59,400,1122.4
1,22427,ENAMEL FLOWER JUG CREAM,46,188,1088.6000000000001
1,84978,HANGING HEART JAR T-LIGHT HOLDER,45,939,1077.23
1,23167,SMALL CERAMIC TOP STORAGE JAR ,12,1512,1065.9599999999998
1,22138,BAKING SET 9 PIECE RETROSPOT ,68,215,1064.25
1,85152,HAND OVER THE CHOCOLATE   SIGN ,37,525,1030.5000000000002
1,22776,SWEETHEART CAKESTAND 3 TIER,42,107,1012.4499999999999
1,22961,JAM MAKING SET PRINTED,61,708,1007.4
1,22139,RETROSPOT TEA SET CERAMIC 11 PC ,54,205,997.95
1,22722,SET OF 6 SPICE TINS PANTRY DESIGN,61,255,983.2500000000001
1,22501,PICNIC BASKET WICKER LARGE,37,101,981.7499999999999
1,22470,HEART OF WICKER LARGE,61,338,981.1000000000001
1,82484,WOOD BLACK BOARD ANT WHITE FINISH,37,138,979.5500000000001
1,15036,ASSORTED COLOURS SILK FAN,22,1292,934.92
1,48138,DOORMAT UNION FLAG,41,122,933.9
1,85066,CREAM SWEETHEART MINI CHEST,40,73,930.75
1,22655,VINTAGE RED KITCHEN CABINET,8,7,904.5
1,22624,IVORY KITCHEN SCALES,43,110,904.4000000000001
1,75049L,LARGE CIRCULAR MIRROR MOBILE,16,1009,900.4499999999999
1,21843,RED RETROSPOT CAKE STAND,38,80,875.9999999999999
1,22499,WOODEN UNION JACK BUNTING,36,147,874.6500000000001
1,84077,WORLD WAR 2 GLIDERS ASSTD DESIGNS,24,4176,871.1999999999999
1,51008,AFGHAN SLIPPER SOCK PAIR,3,279,862.55
1,47566B,TEA TIME PARTY BUNTING,27,187,859.0500000000001
1,15056N,EDWARDIAN PARASOL NATURAL,24,154,856.3000000000001
1,22607,WOODEN ROUNDERS GARDEN SET ,27,90,837.5
1,85099C,JUMBO  BAG BAROQUE BLACK WHITE,34,440,835.23
1,20725,LUNCH BAG RED RETROSPOT,43,498,801.7
1,22113,GREY HEART HOT WATER BOTTLE,34,211,778.29
1,22804,CANDLEHOLDER PINK HANGING HEART,41,281,776.1500000000001
1,84375,SET OF 20 KIDS COOKIE CUTTERS,28,384,770.4000000000001
1,22111,SCOTTIE DOG HOT WATER BOTTLE,36,159,770.25
1,22424,ENAMEL BREAD BIN CREAM,25,66,769.5
1,22777,GLASS CLOCHE LARGE,8,100,768.4000000000001
1,21258,VICTORIAN SEWING BOX LARGE,10,69,760.9499999999999
1,22171,3 HOOK PHOTO SHELF ANTIQUE WHITE,25,97,760.1000000000001
1,22622,BOX OF VINTAGE ALPHABET BLOCKS,20,81,756.3499999999999
1,22090,PAPER BUNTING RETROSPOT,38,266,752.7
1,22698,PINK REGENCY TEACUP AND SAUCER,39,264,750.0000000000001
1,21733,RED HANGING HEART T-LIGHT HOLDER,49,263,748.6500000000001
1,37370,RETRO COFFEE MUGS ASSORTED,13,682,743.06
1,21175,GIN + TONIC DIET METAL SIGN,39,297,720.9
1,21754,HOME BUILDING BLOCK WORD,34,122,716.9000000000001
1,48194,DOORMAT HEARTS,37,93,715.35
1,22656,VINTAGE BLUE KITCHEN CABINET,3,3,715.0
1,72741,GRAND CHOCOLATECANDLE,37,503,714.9499999999999
1,22558,CLOTHES PEGS RETROSPOT PACK 24 ,51,474,700.18
1,22605,WOODEN CROQUET GARDEN SET,27,49,697.35
1,84078A,SET/4 WHITE RETRO STORAGE CUBES ,7,19,694.0500000000001
1,22823,CHEST NATURAL WOOD 20 DRAWERS,3,6,690.0
1,48187,DOORMAT NEW ENGLAND,36,89,683.5500000000001
1,22666,RECIPE BOX PANTRY YELLOW DESIGN,51,234,680.7
1,21181,PLEASE ONE PERSON METAL SIGN,46,321,674.1
1,21340,CLASSIC METAL BIRDCAGE PLANT HOLDER,23,56,669.2
1,22957,SET 3 PAPER VINTAGE CHICK PAPER EGG,27,239,666.6500000000001
1,21136,PAINTED METAL PEARS ASSORTED,38,391,660.79
1,22492,MINI PAINT SET VINTAGE ,22,1008,655.2
1,23076,ICE CREAM SUNDAE LIP GLOSS,18,524,655.0
1,22487,WHITE WOOD GARDEN PLANT LADDER,37,67,643.4499999999999
1,21232,STRAWBERRY CERAMIC TRINKET BOX,44,526,630.14
1,22784,LANTERN CREAM GAZEBO ,28,135,623.45
1,22112,CHOCOLATE HOT WATER BOTTLE,25,132,619.8000000000001
1,22467,GUMBALL COAT RACK,36,258,609.3
1,84945,MULTI COLOUR SILVER T-LIGHT HOLDER,26,746,609.14
1,20685,DOORMAT RED RETROSPOT,30,78,608.1
1,84755,COLOUR GLASS T-LIGHT HOLDER HANGING,53,932,605.8000000000001
1,82482,WOODEN PICTURE FRAME WHITE FINISH,35,248,600.0
1,48129,DOORMAT TOPIARY,21,83,599.85
1,21755,LOVE BUILDING BLOCK WORD,35,100,595.0
1,22692,DOORMAT WELCOME TO OUR HOME,28,79,592.05
1,47590B,PINK HAPPY BIRTHDAY BUNTING,27,108,588.6
1,22826,LOVE SEAT ANTIQUE WHITE METAL,3,3,585.0
1,22625,RED KITCHEN SCALES,26,70,584.8
1,21212,PACK OF 72 RETROSPOT CAKE CASES,63,1126,572.5
1,48111,DOORMAT 3 SMILEY CATS,19,78,572.1
1,22606,WOODEN SKITTLES GARDEN SET,22,39,570.85
1,22750,FELTCRAFT PRINCESS LOLA DOLL,17,160,565.44
1,22617,BAKING SET SPACEBOY DESIGN,42,113,559.35
1,20728,LUNCH BAG CARS BLUE,33,336,554.4
1,20749,ASSORTED COLOUR MINI CASES,31,72,553.2
1,62018,SOMBRERO ,6,427,552.65
1,20914,SET/5 RED RETROSPOT LID GLASS BOWLS,50,187,551.6500000000001
1,84946,ANTIQUE SILVER T-LIGHT GLASS,24,450,548.82
1,22627,MINT KITCHEN SCALES,19,68,547.4000000000001
1,22180,RETROSPOT LAMP,21,58,546.65
1,48184,DOORMAT ENGLISH ROSE ,25,71,540.45
1,22766,PHOTO FRAME CORNICE,34,183,539.85
1,21524,DOORMAT SPOTTY HOME SWEET HOME,26,69,536.55
1,22847,BREAD BIN DINER STYLE IVORY,18,34,536.3
1,21112,SWISS ROLL TOWEL PINK  SPOTS,3,208,533.5999999999999
1,22634,CHILDS BREAKFAST SET SPACEBOY ,21,57,532.35
1,84946,ANTIQUE SILVER TEA GLASS ETCHED,21,458,531.46
1,21931,JUMBO STORAGE BAG SUKI,31,281,526.79
1,22551,PLASTERS IN TIN SPACEBOY,31,318,524.6999999999999
1,48188,DOORMAT WELCOME PUPPIES,18,72,524.4
1,22749,FELTCRAFT PRINCESS CHARLOTTE DOLL,20,149,524.19
1,22630,DOLLY GIRL LUNCH BOX,27,268,522.6
1,21922,UNION STRIPE WITH FRINGE  HAMMOCK,19,70,520.5
1,20750,RED RETROSPOT MINI CASES,27,65,516.75
1,84987,SET OF 36 TEATIME PAPER DOILIES,29,375,514.9499999999999
1,22751,FELTCRAFT PRINCESS OLIVIA DOLL,12,146,512.94
1,22835,HOT WATER BOTTLE I AM SO POORLY,23,111,506.55
1,22456,NATURAL SLATE CHALKBOARD LARGE ,33,104,502.20000000000005
1,22083,PAPER CHAIN KIT RETROSPOT,21,186,500.7
1,79000,MOROCCAN TEA GLASS,22,649,494.85
1,22148,EASTER CRAFT 4 CHICKS ,13,278,494.09999999999997
1,22189,CREAM HEART CARD HOLDER,31,124,489.8
1,22926,IVORY GIANT GARDEN THERMOMETER,30,82,487.90000000000003
1,75131,METAL TUBE CHIME ON BAMBOO,6,463,485.59000000000003
1,21137,BLACK RECORD COVER FRAME,8,141,485.55
1,21485,RETROSPOT HEART HOT WATER BOTTLE,32,98,485.1
1,22854,CREAM SWEETHEART EGG HOLDER,23,101,483.15
1,22693,GROW A FLYTRAP OR SUNFLOWER IN TIN,13,384,480.0
1,23009,I LOVE LONDON BABY GIFT SET,6,31,477.44999999999993
1,22149,FELTCRAFT 6 FLOWER FRIENDS,40,227,476.70000000000005
1,21314,SMALL GLASS HEART TRINKET POT,35,225,472.5
1,22382,LUNCH BAG SPACEBOY DESIGN ,39,286,471.9
1,82494L,WOODEN FRAME ANTIQUE WHITE ,33,163,471.25000000000006
1,22296,HEART IVORY TRELLIS LARGE,31,284,468.5999999999999
1,22086,PAPER CHAIN KIT 50'S CHRISTMAS ,25,164,467.80000000000007
1,85150,LADIES & GENTLEMEN METAL SIGN,23,191,465.45
1,20727,LUNCH BAG  BLACK SKULL.,32,282,465.3
1,22968,ROSE COTTAGE KEEPSAKE BOX ,23,49,464.34999999999997
1,15056P,EDWARDIAN PARASOL PINK,8,88,463.6
1,C2,CARRIAGE,10,11,461.0
1,21080,SET/20 RED RETROSPOT PAPER NAPKINS ,40,586,460.66
1,22752,SET 7 BABUSHKA NESTING BOXES,24,54,459.0
1,22629,SPACEBOY LUNCH BOX ,25,234,456.29999999999995
1,22621,TRADITIONAL KNITTING NANCY,37,292,456.19999999999993
1,23052,RECYCLED ACAPULCO MAT TURQUOISE,20,55,453.75
1,20972,PINK CREAM FELT CRAFT TRINKET BOX ,25,362,452.5
1,20726,LUNCH BAG WOODLAND,18,286,451.9
1,82486,WOOD S/3 CABINET ANT WHITE FINISH,18,58,451.1
1,21935,SUKI  SHOULDER BAG,11,297,450.05
1,22077,6 RIBBONS RUSTIC CHARM,36,272,448.79999999999995
1,84406B,CREAM CUPID HEARTS COAT HANGER,21,127,447.15000000000003
1,22556,PLASTERS IN TIN CIRCUS PARADE ,27,271,447.1499999999999
1,22910,PAPER CHAIN KIT VINTAGE CHRISTMAS,23,162,445.90000000000003
1,23050,RECYCLED ACAPULCO MAT GREEN,19,53,437.25
1,21231,SWEETHEART CERAMIC TRINKET BOX,27,371,436.39
1,21108,FAIRY CAKE FLANNEL ASSORTED COLOUR,15,178,433.65
1,85099F,JUMBO BAG STRAWBERRY,26,218,430.95
1,22383,LUNCH BAG SUKI  DESIGN ,20,271,427.15
1,22173,METAL 4 HOOK HANGER FRENCH CHATEAU,28,144,424.8
1,22120,WELCOME  WOODEN BLOCK LETTERS,12,46,422.9
1,22890,NOVELTY BISCUITS CAKE STAND 3 TIER,13,46,422.9
1,84991,60 TEATIME FAIRY CAKE CASES,50,768,422.40000000000003
1,22384,LUNCH BAG PINK POLKADOT,28,267,420.55
1,47590A,BLUE HAPPY BIRTHDAY BUNTING,26,77,419.65000000000003
1,22993,SET OF 4 PANTRY JELLY MOULDS,38,334,417.5
1,71459,HANGING JAM JAR T-LIGHT HOLDER,31,486,413.09999999999997
1,84947,ANTIQUE SILVER TEA GLASS ENGRAVED,16,351,411.39
1,22386,JUMBO BAG PINK POLKADOT,27,206,410.15
1,22326,ROUND SNACK BOXES SET OF4 WOODLAND ,24,139,410.05000000000007
1,22827,RUSTIC  SEVENTEEN DRAWER SIDEBOARD,4,2,410.0
1,22557,PLASTERS IN TIN VINTAGE PAISLEY ,38,247,407.54999999999995
1,22147,FELTCRAFT BUTTERFLY HEARTS,39,278,403.09999999999997
1,22236,CAKE STAND 3 TIER MAGIC GARDEN,12,33,399.15
1,21056,DOCTOR'S BAG SOFT TOY,5,49,398.54999999999995
1,22635,CHILDS BREAKFAST SET DOLLY GIRL ,20,41,396.34999999999997
1,23053,RECYCLED ACAPULCO MAT PINK,19,48,396.0
1,22303,COFFEE MUG APPLES DESIGN,24,154,392.7
1,22858,EASTER TIN KEEPSAKE,18,251,392.54999999999995
1,22855,FINE WICKER HEART ,28,312,390.0
1,22840,ROUND CAKE TIN VINTAGE RED,19,52,389.40000000000003
1,22841,ROUND CAKE TIN VINTAGE GREEN,19,52,389.40000000000003
1,23008,DOLLY GIRL BABY GIFT SET,8,25,387.74999999999994
1,17003,BROCADE RING PURSE ,15,1485,387.45
1,22727,ALARM CLOCK BAKELIKE RED ,36,103,386.25
1,22555,PLASTERS IN TIN STRONGMAN,24,233,384.44999999999993
1,82600,NO SINGING METAL SIGN,33,183,384.30000000000007
1,21533,RETROSPOT LARGE MILK JUG,24,81,384.15000000000003
1,22940,FELTCRAFT CHRISTMAS FAIRY,16,96,384.0
1,22849,BREAD BIN DINER STYLE MINT,14,24,382.8
1,22560,TRADITIONAL MODELLING CLAY,22,306,382.5
1,22771,CLEAR DRAWER KNOB ACRYLIC EDWARDIAN,17,306,382.5
1,21977,PACK OF 60 PINK PAISLEY CAKE CASES,46,695,382.25000000000006
1,85014B,RED RETROSPOT UMBRELLA,23,64,380.8
1,22222,CAKE PLATE LOVEBIRD WHITE,19,156,376.2
1,22383,LUNCH BAG SUKI DESIGN ,20,240,376.0
1,22837,HOT WATER BOTTLE BABUSHKA ,16,80,372.0
1,21166,COOK WITH WINE METAL SIGN ,34,181,370.5
1,22745,POPPY'S PLAYHOUSE BEDROOM ,27,183,369.3
1,22834,HAND WARMER BABUSHKA DESIGN,23,233,369.3
1,20679,EDWARDIAN PARASOL RED,17,62,368.90000000000003
1,82483,WOOD 2 DRAWER CABINET WHITE FINISH,19,66,368.7
1,22767,TRIPLE PHOTO FRAME CORNICE ,20,37,368.15
1,22740,POLKADOT PEN,9,432,367.2
1,22741,FUNKY DIVA PEN,9,432,367.2
1,22367,CHILDRENS APRON SPACEBOY DESIGN,21,195,365.25
1,22900, SET 2 TEA TOWELS I LOVE LONDON ,24,118,365.20000000000005
1,22978,PANTRY ROLLING PIN,15,97,363.75
1,22791,T-LIGHT GLASS FLUTED ANTIQUE,14,288,360.0
1,22824,3 TIER SWEETHEART GARDEN SHELF,9,10,359.5
1,85206A,CREAM FELT EASTER EGG BASKET,15,235,358.94999999999993
1,22460,EMBOSSED GLASS TEALIGHT HOLDER,9,316,358.52
1,22485,SET OF 2 WOODEN MARKET CRATES,15,28,357.0
1,22271,FELTCRAFT DOLL ROSIE,13,134,356.9
1,71053,WHITE METAL LANTERN,21,95,356.25
1,82583,HOT BATHS METAL SIGN,18,183,354.78000000000003
1,72760B,VINTAGE CREAM 3 BASKET CAKE STAND,14,38,354.74
1,22867,HAND WARMER BIRD DESIGN,15,180,354.00000000000006
1,21929,JUMBO BAG PINK VINTAGE PAISLEY,20,177,353.08
1,22822,CREAM WALL PLANTER HEART SHAPED,19,62,352.90000000000003
1,22966,GINGERBREAD MAN COOKIE CUTTER,27,282,352.5
1,21326,AGED GLASS SILVER T-LIGHT HOLDER,18,589,351.65000000000003
1,22561,WOODEN SCHOOL COLOURING SET,26,213,351.44999999999993
1,21174,POTTERING IN THE SHED METAL SIGN,28,171,351.26
1,23253,16 PIECE CUTLERY SET PANTRY DESIGN,4,22,350.9
1,84378,SET OF 3 HEART COOKIE CUTTERS,42,279,348.75
1,22191,IVORY DINER WALL CLOCK,33,41,348.5
1,22844,VINTAGE CREAM DOG FOOD CONTAINER,21,41,348.5
1,22554,PLASTERS IN TIN WOODLAND ANIMALS,19,211,348.1499999999999
1,21135,VICTORIAN  METAL POSTCARD SPRING,16,206,348.14
1,22302,COFFEE MUG PEARS  DESIGN,18,136,346.79999999999995
1,22846,BREAD BIN DINER STYLE RED ,14,21,345.95
1,15056BL,EDWARDIAN PARASOL BLACK,19,58,345.1
1,21430,SET/3 RED GINGHAM ROSE STORAGE BOX,28,94,343.86
1,23298,SPOTTY BUNTING,22,69,341.55
1,22907,PACK OF 20 NAPKINS PANTRY DESIGN,40,414,339.41999999999996
1,21908,CHOCOLATE THIS WAY METAL SIGN,28,161,338.1
1,20724,RED RETROSPOT CHARLOTTE BAG,27,413,338.05
1,23284,DOORMAT KEEP CALM AND COME IN,20,42,333.9
1,22413,METAL SIGN TAKE IT OR LEAVE IT ,27,113,333.35
1,21731,RED TOADSTOOL LED NIGHT LIGHT,15,202,333.29999999999995
1,21756,BATH BUILDING BLOCK WORD,19,56,333.20000000000005
1,22690,DOORMAT HOME SWEET HOME BLUE ,17,43,329.85
1,22989,SET 2 PANTRY DESIGN TEA TOWELS,20,102,329.7
1,22659,LUNCH BOX I LOVE LONDON,21,168,327.59999999999997
1,22654,DELUXE SEWING KIT ,23,55,327.25
1,22411,JUMBO SHOPPER VINTAGE RED PAISLEY,23,166,327.08
1,20713,JUMBO BAG OWLS,10,183,326.85
1,22662,LUNCH BAG DOLLY GIRL DESIGN,23,198,326.7
1,37449,CERAMIC CAKE STAND + HANGING CAKES,23,34,326.7
1,23173,REGENCY TEAPOT ROSES ,8,37,324.95000000000005
1,22723,SET OF 6 HERB TINS SKETCHBOOK,24,82,323.90000000000003
1,20828,GLITTER BUTTERFLY CLIPS,24,127,323.84999999999997
1,21791,VINTAGE HEADS AND TAILS CARD GAME ,30,259,323.75
1,22636,CHILDS BREAKFAST SET CIRCUS PARADE,15,38,323.0
1,22842,BISCUIT TIN VINTAGE RED,12,52,322.20000000000005
1,22087,PAPER BUNTING WHITE LACE,23,109,321.55000000000007
1,22584,PACK OF 6 PANNETONE GIFT BOXES,16,126,321.29999999999995
1,21623,VINTAGE UNION JACK MEMOBOARD,16,32,318.4
1,22746,POPPY'S PLAYHOUSE LIVINGROOM ,24,158,316.8
1,22938,CUPCAKE LACE PAPER SET 6,17,162,315.9
1,23007, SPACEBOY BABY GIFT SET,6,20,314.99999999999994
1,21746,SMALL RED RETROSPOT WINDMILL,12,280,313.52
1,23049,RECYCLED ACAPULCO MAT RED,13,38,313.5
1,21498,RED RETROSPOT WRAP ,12,860,313.20000000000005
1,21164,HOME SWEET HOME METAL SIGN ,26,106,312.70000000000005
1,22585,PACK OF 6 BIRDY GIFT TAGS,24,250,312.5
1,21216,"SET 3 RETROSPOT TEA,COFFEE,SUGAR",22,63,311.85
1,21781,MA CAMPAGNE CUTLERY BOX,12,22,311.3
1,23256,CHILDRENS CUTLERY SPACEBOY ,16,75,311.25
1,22795,SWEETHEART RECIPE BOOK STAND,18,46,310.5
1,21217,RED RETROSPOT ROUND CAKE TINS,18,31,308.45
1,22639,SET OF 4 NAPKIN CHARMS HEARTS,17,120,306.0
1,22980,PANTRY SCRUBBING BRUSH,17,191,305.54999999999995
1,21844,RED RETROSPOT MUG,17,108,304.20000000000005
1,20712,JUMBO BAG WOODLAND ANIMALS,14,155,304.2
1,22748,POPPY'S PLAYHOUSE KITCHEN,23,152,304.2
1,22088,PAPER BUNTING COLOURED LACE,17,108,302.6
1,22637,PIGGY BANK RETROSPOT ,23,127,302.25
1,48185,DOORMAT FAIRY CAKE,20,38,302.1
1,21622,VINTAGE UNION JACK CUSHION COVER,14,61,301.95
1,22366,DOORMAT AIRMAIL ,10,41,301.95
1,21078,SET/20 STRAWBERRY PAPER NAPKINS ,19,398,300.86
1,82582,AREA PATROLLED METAL SIGN,19,143,300.3
1,21716,BOYS VINTAGE TIN SEASIDE BUCKET,14,123,299.25
1,21790,VINTAGE SNAP CARDS,33,352,299.2
1,22803,IVORY EMBROIDERED QUILT ,3,8,298.6
1,22768,FAMILY PHOTO FRAME CORNICE,20,30,298.5
1,22273,FELTCRAFT DOLL MOLLY,17,101,297.95000000000005
1,22169,FAMILY ALBUM WHITE PICTURE FRAME,18,35,297.5
1,22429,ENAMEL MEASURING JUG CREAM,29,70,297.5
1,21715,GIRLS VINTAGE TIN SEASIDE BUCKET,18,122,296.7
1,21539,RED RETROSPOT BUTTER DISH,13,65,296.55
1,22970,LONDON BUS COFFEE MUG,18,116,295.79999999999995
1,22283,6 EGG HOUSE PAINTED WOOD,13,37,294.15
1,84970S,HANGING HEART ZINC T-LIGHT HOLDER,25,346,294.09999999999997
1,22782,SET 3 WICKER STORAGE BASKETS ,9,19,294.05
1,84792,ENCHANTED BIRD COATHANGER 5 HOOK,17,63,292.95000000000005
1,84836,ZINC METAL HEART DECORATION,24,234,292.5
1,22845,VINTAGE CREAM CAT FOOD CONTAINER,27,46,292.09999999999997
1,22488,NATURAL SLATE RECTANGLE CHALKBOARD,24,177,292.04999999999995
1,84988,SET OF 72 PINK HEART PAPER DOILIES,28,201,291.45
1,20718,RED RETROSPOT SHOPPER BAG,23,231,288.75
1,21933,PINK VINTAGE PAISLEY PICNIC BAG,12,135,288.55
1,21348,PINK SPOTS CHOCOLATE NESTING BOXES ,2,113,288.54999999999995
1,22796,PHOTO FRAME 3 CLASSIC HANGING,16,29,288.54999999999995
1,21955,DOORMAT UNION JACK GUNS AND ROSES,20,36,286.2
1,22904,CALENDAR PAPER CUT DESIGN,22,97,286.15000000000003
1,22293,HANGING CHICK GREEN DECORATION,16,197,285.65
1,22759,SET OF 3 NOTEBOOKS IN PARCEL,24,172,283.79999999999995
1,23174,REGENCY SUGAR BOWL GREEN,10,70,280.90000000000003
1,23170,REGENCY TEA PLATE ROSES ,11,176,280.79999999999995
1,22652,TRAVEL SEWING KIT,22,170,280.5
1,22568,FELTCRAFT CUSHION OWL,19,77,280.11
1,21686,MEDINA STAMPED METAL STOOL,4,7,279.65000000000003
1,22464,HANGING METAL HEART LANTERN,22,169,278.84999999999997
1,22623,BOX OF VINTAGE JIGSAW BLOCKS ,21,55,278.25
1,22294,HEART FILIGREE DOVE  SMALL,20,221,276.25
1,84029G,KNITTED UNION FLAG HOT WATER BOTTLE,17,73,273.75
1,22906,12 MESSAGE CARDS WITH ENVELOPES,18,173,273.45
1,23162,REGENCY TEA STRAINER,7,78,270.42
1,22089,PAPER BUNTING VINTAGE PAISLEY,15,97,270.15000000000003
1,22569,FELTCRAFT CUSHION BUTTERFLY,16,72,270.0
1,22801,ANTIQUE GLASS PEDESTAL BOWL,17,72,270.0
1,22899,CHILDREN'S APRON DOLLY GIRL ,15,128,268.8
1,22668,PINK BABY BUNTING,20,91,268.45
1,22895,SET OF 2 TEA TOWELS APPLE AND PEARS,16,89,267.35
1,21785,RAIN PONCHO ,1,407,264.55
1,23245,SET OF 3 REGENCY CAKE TINS,10,56,264.40000000000003
1,23051,RECYCLED ACAPULCO MAT BLUE,10,32,264.0
1,23206,LUNCH BAG APPLE DESIGN,18,160,264.0
1,21535,RED RETROSPOT SMALL MILK JUG,20,103,262.65
1,21523,DOORMAT FANCY FONT HOME SWEET HOME,20,33,262.35
1,22507,MEMO BOARD RETROSPOT  DESIGN,20,53,262.35
1,22295,HEART FILIGREE DOVE LARGE,20,159,262.34999999999997
1,21242,RED RETROSPOT PLATE ,18,155,261.95
1,22925,BLUE GIANT GARDEN THERMOMETER,20,44,261.8
1,22291,HANGING CHICK CREAM DECORATION,12,180,261.0
1,21937,STRAWBERRY   PICNIC BAG,16,95,260.25
1,22730,ALARM CLOCK BAKELIKE IVORY,17,69,258.75
1,21035,SET/2 RED RETROSPOT TEA TOWELS ,14,82,258.70000000000005
1,21531,RED RETROSPOT SUGAR JAM BOWL,20,109,258.15
1,21165,BEWARE OF THE CAT METAL SIGN ,26,152,256.88
1,22667,RECIPE BOX RETROSPOT ,31,87,256.65000000000003
1,22301,COFFEE MUG CAT + BIRD DESIGN,13,100,254.99999999999997
1,22839,3 TIER CAKE TIN GREEN AND CREAM,16,17,254.14999999999998
1,22297,HEART IVORY TRELLIS SMALL,20,203,253.75
1,22726,ALARM CLOCK BAKELIKE GREEN,22,67,251.25
1,21890,S/6 WOODEN SKITTLES IN COTTON BAG,19,81,250.65
1,21054,NURSE'S BAG SOFT TOY,4,28,250.59999999999997
1,22988,SOLDIERS EGG CUP ,19,200,250.0
1,23077,DOUGHNUT LIP GLOSS ,8,200,250.0
1,85014A,BLACK/BLUE POLKADOT UMBRELLA,14,42,249.9
1,84970L,SINGLE HEART ZINC T-LIGHT HOLDER,22,263,249.84999999999997
1,22170,PICTURE FRAME WOOD TRIPLE PORTRAIT,11,37,249.75
1,20971,PINK BLUE FELT CRAFT TRINKET BOX,21,199,248.75
1,21891,TRADITIONAL WOODEN SKIPPING ROPE,23,184,248.6
1,22085,PAPER CHAIN KIT SKULLS ,6,95,248.25
1,20754,RETROSPOT RED WASHING UP GLOVES,22,132,247.68
1,22619,SET OF 6 SOLDIER SKITTLES,19,66,247.5
1,21527,RED RETROSPOT TRADITIONAL TEAPOT ,13,32,244.4
1,21912,VINTAGE SNAKES & LADDERS,18,65,243.75
1,22385,JUMBO BAG SPACEBOY DESIGN,10,124,243.36
1,21906,PHARMACIE FIRST AID TIN,12,36,243.0
1,85184C,S/4 VALENTINE DECOUPAGE HEART BOX,15,127,242.65
1,22851,SET 20 NAPKINS FAIRY CAKES DESIGN ,30,300,242.52
1,22631,CIRCUS PARADE LUNCH BOX ,14,124,241.79999999999998
1,20723,STRAWBERRY CHARLOTTE BAG,21,299,241.15
1,22082,RIBBON REEL STRIPES DESIGN ,23,146,240.9
1,23254,CHILDRENS CUTLERY DOLLY GIRL ,14,58,240.70000000000002
1,47591D,PINK FAIRY CAKE CHILDRENS APRON,14,131,240.45
1,21479,WHITE SKULL HOT WATER BOTTLE ,15,64,240.0
1,22379,RECYCLING BAG RETROSPOT ,22,114,239.4
1,21213,PACK OF 72 SKULL CAKE CASES,21,463,239.05
1,22360,GLASS JAR ENGLISH CONFECTIONERY,13,86,238.9
1,22626,BLACK KITCHEN SCALES,22,28,238.0
1,21907,I'M ON HOLIDAY METAL SIGN,26,113,237.3
1,21218,RED SPOTTY BISCUIT TIN,14,63,236.25
1,84997D,PINK 3 PIECE POLKADOT CUTLERY SET,8,61,235.15
1,22933,BAKING MOULD EASTER EGG MILK CHOC,9,86,234.5
1,22894,TABLECLOTH RED APPLES DESIGN ,10,24,234.45
1,48116,DOORMAT MULTICOLOUR STRIPE,12,31,234.45
1,22079,RIBBON REEL HEARTS DESIGN ,24,142,234.3
1,22721,SET OF 3 CAKE TINS SKETCHBOOK,16,47,232.65
1,22620,4 TRADITIONAL SPINNING TOPS,19,178,231.1
1,22747,POPPY'S PLAYHOUSE BATHROOM,16,117,230.70000000000002
1,21243,PINK  POLKADOT PLATE ,13,136,229.84
1,23160,REGENCY TEA SPOON,4,204,229.8
1,22937,BAKING MOULD CHOCOLATE CUPCAKES,15,90,229.49999999999997
1,22381,TOY TIDY PINK POLKADOT,15,115,229.0
1,47599A,PINK PARTY BAGS,15,109,228.90000000000003
1,20967,GREY FLORAL FELTCRAFT SHOULDER BAG,12,61,228.75
1,22934,BAKING MOULD EASTER EGG WHITE CHOC,11,84,228.60000000000002
1,84997D,CHILDRENS CUTLERY POLKADOT PINK,14,55,228.25
1,21155,RED RETROSPOT PEG BAG,22,96,228.15
1,23144,ZINC T-LIGHT HOLDER STARS SMALL,8,303,227.73
1,21914,BLUE HARMONICA IN BOX ,14,182,227.5
1,22798,ANTIQUE GLASS DRESSING TABLE POT,15,77,227.15
1,85048,15CM CHRISTMAS GLASS BALL 20 LIGHTS,8,30,226.5
1,23209,LUNCH BAG DOILEY PATTERN ,15,137,226.05
1,22355,CHARLOTTE BAG SUKI DESIGN,19,281,225.85
1,21889,WOODEN BOX OF DOMINOES,21,180,225.0
1,21892,TRADITIONAL WOODEN CATCH CUP GAME ,23,180,225.0
1,22128,PARTY CONES CANDY ASSORTED,12,180,225.0
1,21172,PARTY METAL SIGN ,24,155,224.74999999999997
1,22223,CAKE PLATE LOVEBIRD PINK,8,96,223.2
1,22425,ENAMEL COLANDER CREAM,17,45,222.75000000000003
1,22553,PLASTERS IN TIN SKULLS,19,135,222.74999999999997
1,22794,SWEETHEART WIRE MAGAZINE RACK,15,28,222.6
1,22508,DOORSTOP RETROSPOT HEART,20,59,221.25
1,16016,LARGE CHINESE STYLE SCISSOR,8,259,220.15
1,22971,QUEENS GUARD COFFEE MUG,16,86,219.29999999999998
1,21693,SMALL HAMMERED SILVER CANDLEPOT ,8,74,218.30000000000004
1,21770,OPEN CLOSED METAL SIGN,21,44,217.8
1,22468,BABUSHKA LIGHTS STRING OF 10,7,35,217.05
1,84992,72 SWEETHEART FAIRY CAKE CASES,28,423,217.05
1,23201,JUMBO BAG ALPHABET,12,108,216.84
1,22282,12 EGG HOUSE PAINTED WOOD,8,17,216.75
1,22371,AIRLINE BAG VINTAGE TOKYO 78,23,51,216.75
1,22526,WHEELBARROW FOR CHILDREN ,10,17,216.75
1,21043,APRON MODERN VINTAGE COTTON,10,111,216.45
1,84997C,BLUE 3 PIECE POLKADOT CUTLERY SET,7,56,216.4
1,22644,CERAMIC CHERRY CAKE MONEY BANK,20,148,214.6
1,23054,RECYCLED ACAPULCO MAT LAVENDER,9,26,214.5
1,21888,BINGO SET,18,57,213.75
1,21932,SCANDINAVIAN PAISLEY PICNIC BAG,15,105,213.55
1,22930,BAKING MOULD HEART MILK CHOCOLATE,10,92,213.0
1,21244,BLUE POLKADOT PLATE ,14,126,212.94
1,22493,PAINT YOUR OWN CANVAS SET,12,129,212.84999999999997
1,22150,3 STRIPEY MICE FELTCRAFT,25,109,212.54999999999998
1,20719,WOODLAND CHARLOTTE BAG,21,250,212.5
1,22762,CUPBOARD 3 DRAWER MA CAMPAGNE,8,16,210.6
1,22179,SET 10 LIGHTS NIGHT OWL,6,34,210.3
1,22380,TOY TIDY SPACEBOY  ,13,106,210.1
1,21122,SET/10 PINK POLKADOT PARTY CANDLES,27,168,210.0
1,22728,ALARM CLOCK BAKELIKE PINK,20,56,210.0
1,22669,RED BABY BUNTING ,16,71,209.45
1,22188,BLACK HEART CARD HOLDER,18,53,209.35000000000002
1,21975,PACK OF 60 DINOSAUR CAKE CASES,25,380,209.00000000000003
1,22061,LARGE CAKE STAND  HANGING STRAWBERY,12,21,208.95
1,22829,SWEETHEART WIRE WALL TIDY,14,21,208.95
1,22241,GARLAND WOODEN HAPPY EASTER,23,167,208.75
1,22418,10 COLOUR SPACEBOY PEN,11,245,208.25
1,22927,GREEN GIANT GARDEN THERMOMETER,13,35,208.25
1,22990,COTTON APRON PANTRY DESIGN,12,42,207.9
1,21385,IVORY HANGING DECORATION  HEART,19,244,207.39999999999998
1,21210,SET OF 72 RETROSPOT PAPER  DOILIES,26,143,207.35
1,21257,VICTORIAN SEWING BOX MEDIUM,13,26,206.7
1,22430,ENAMEL WATERING CAN CREAM,10,44,206.6
1,22224,WHITE LOVEBIRD LANTERN,12,70,206.50000000000003
1,22831,WHITE BROCANTE SOAP DISH,12,70,206.50000000000003
1,22570,FELTCRAFT CUSHION RABBIT,16,55,206.25
1,22284,HEN HOUSE DECORATION,14,124,204.59999999999997
1,22192,BLUE DINER WALL CLOCK,14,24,204.0
1,22797,CHEST OF DRAWERS GINGHAM HEART ,11,12,203.39999999999998
1,23184,BULL DOG BOTTLE OPENER,13,41,202.95000000000002
1,84795B,SUNSET CHECK HAMMOCK,8,27,202.65
1,23082,SET 6 PAPER TABLE LANTERN HEARTS ,9,54,202.5
1,23175,REGENCY MILK JUG PINK ,6,70,201.5
1,22802,FAUX FUR CHOCOLATE THROW,6,11,201.45
1,22931,BAKING MOULD HEART WHITE CHOCOLATE,7,79,201.45
1,22431,WATERING CAN BLUE ELEPHANT,19,103,200.85
1,22843,BISCUIT TIN VINTAGE GREEN,10,31,199.65
1,72351B,SET/6 PINK  BUTTERFLY T-LIGHTS,16,95,199.50000000000003
1,22646,CERAMIC STRAWBERRY CAKE MONEY BANK,22,137,198.64999999999998
1,22072,RED RETROSPOT TEA CUP AND SAUCER ,10,55,197.61
1,21928,JUMBO BAG SCANDINAVIAN PAISLEY,10,101,196.95
1,22352,LUNCH BOX WITH CUTLERY RETROSPOT ,16,77,196.34999999999997
1,84050,PINK HEART SHAPE EGG FRYING PAN,20,119,196.34999999999997
1,21718,RED METAL BEACH SPADE ,15,157,196.25
1,18098C,PORCELAIN BUTTERFLY OIL BURNER,7,73,196.15
1,15039,SANDALWOOD FAN,6,230,195.5
1,22193,RED DINER WALL CLOCK,14,23,195.5
1,22799,SWEETHEART WIRE FRUIT BOWL,10,23,195.5
1,47599B,BLUE PARTY BAGS ,13,93,195.3
1,84997B,RED 3 PIECE RETROSPOT CUTLERY SET,8,49,194.95000000000002
1,22744,MAKE YOUR OWN MONSOON CARD KIT,10,66,194.70000000000002
1,22863,SOAP DISH BROCANTE,10,66,194.70000000000002
1,84949,SILVER HANGING T-LIGHT HOLDER,15,118,194.69999999999996
1,22979,PANTRY WASHING UP BRUSH,15,134,194.29999999999998
1,21749,LARGE RED RETROSPOT WINDMILL,13,98,193.8
1,22300,COFFEE MUG DOG + BALL DESIGN,9,76,193.79999999999998
1,22857,ASSORTED EASTER GIFT TAGS,9,250,193.77999999999997
1,20974,12 PENCILS SMALL TUBE SKULL,22,298,193.70000000000002
1,21682,LARGE MEDINA STAMPED METAL BOWL ,9,39,193.05
1,82552,WASHROOM METAL SIGN,19,133,192.85
1,22426,ENAMEL WASH BOWL CREAM,12,58,191.9
1,23171,REGENCY TEA PLATE GREEN ,6,122,191.7
1,23172,REGENCY TEA PLATE PINK,6,122,191.7
1,22763,KEY CABINET MA CAMPAGNE,6,21,191.54999999999998
1,22292,HANGING CHICK  YELLOW DECORATION,13,131,189.95
1,21481,FAWN BLUE HOT WATER BOTTLE,15,64,188.8
1,22358,KINGS CHOICE TEA CADDY ,17,64,188.8
1,22505,MEMO BOARD COTTAGE DESIGN,13,38,188.10000000000002
1,22914,BLUE COAT RACK PARIS FASHION,13,38,188.10000000000002
1,21110,LARGE CAKE TOWEL PINK SPOTS,12,62,188.1
1,22595,GINGHAM HEART DECORATION,18,221,187.85
1,22509,SEWING BOX RETROSPOT DESIGN ,5,12,187.4
1,22168,ORGANISER WOOD ANTIQUE WHITE ,15,23,187.0
1,23203,JUMBO BAG DOILEY PATTERNS,10,92,186.16
1,21936,RED RETROSPOT PICNIC BAG,12,63,185.85
1,23091,ZINC HERB GARDEN CONTAINER,6,33,185.60999999999999
1,22549,PICTURE DOMINOES,12,128,185.6
1,21260,FIRST AID TIN,16,57,185.25
1,22195,LARGE HEART MEASURING SPOONS,18,112,184.79999999999998
1,22285,HANGING HEN ON NEST DECORATION,14,112,184.79999999999998
1,21259,VICTORIAN SEWING BOX SMALL ,13,31,184.45000000000002
1,21624,VINTAGE UNION JACK DOORSTOP,12,31,184.45000000000002
1,22109,FULL ENGLISH BREAKFAST PLATE,14,49,183.75
1,21041,RED RETROSPOT OVEN GLOVE DOUBLE,13,62,182.90000000000003
1,22219,LOVEBIRD HANGING DECORATION WHITE ,26,215,182.75
1,20829,GLITTER HANGING BUTTERFLY STRING,15,87,182.70000000000002
1,84568,GIRLS ALPHABET IRON ON PATCHES ,3,864,181.44
1,22432,WATERING CAN PINK BUNNY,17,93,181.35
1,21114,LAVENDER SCENTED FABRIC HEART,17,145,181.25
1,22357,KINGS CHOICE BISCUIT TIN,9,44,181.0
1,21495,SKULLS AND CROSSBONES WRAP,7,475,179.5
1,84360,TABLE LAMP WHITE SHADE WOOD BASE,2,38,179.3
1,84380,SET OF 3 BUTTERFLY COOKIE CUTTERS,22,143,178.75
1,21361,LOVE LARGE WOOD LETTERS ,8,14,178.5
1,47567B,TEA TIME KITCHEN APRON,9,30,178.5
1,22848,BREAD BIN DINER STYLE PINK,9,11,178.45
1,21730,GLASS STAR FROSTED T-LIGHT HOLDER,11,36,178.2
1,20983,12 PENCILS TALL TUBE RED RETROSPOT,10,209,177.65
1,22967,SET 3 SONG BIRD PAPER EGGS ASSORTED,14,60,177.00000000000003
1,21390,FILIGRIS HEART WITH BUTTERFLY,10,141,176.25
1,22604,SET OF 4 NAPKIN CHARMS CUTLERY,10,74,174.3
1,22633,HAND WARMER UNION JACK,15,83,174.3
1,84971S,SMALL HEART FLOWERS HOOK ,12,205,174.25
1,21380,WOODEN HAPPY BIRTHDAY GARLAND,15,59,174.05
1,21658,GLASS  BEURRE DISH,13,44,173.8
1,22951,60 CAKE CASES DOLLY GIRL DESIGN,19,316,173.8
1,20677,PINK POLKADOT BOWL,17,138,172.5
1,22349,DOG BOWL CHASING BALL DESIGN,10,46,172.5
1,21985,PACK OF 12 HEARTS DESIGN TISSUES ,40,586,169.93999999999997
1,46000S,POLYESTER FILLER PAD 40x40cm,10,117,169.65
1,23068,ALUMINIUM STAMPED HEART,12,68,169.32000000000002
1,22761,CHEST 7 DRAWER MA CAMPAGNE,6,7,168.65
1,22672,FRENCH BATHROOM SIGN BLUE METAL,10,102,168.29999999999998
1,21034,REX CASH+CARRY JUMBO SHOPPER,84,177,168.14999999999998
1,16161P,WRAP ENGLISH ROSE ,16,400,168.0
1,21899,"KEY FOB , GARAGE DESIGN",14,258,167.70000000000002
1,21870,I CAN ONLY PLEASE ONE PERSON MUG,11,145,167.57
1,20675,BLUE POLKADOT BOWL,17,134,167.5
1,22435,SET OF 9 HEART SHAPED BALLOONS,18,134,167.5
1,84823,DANISH ROSE FOLDING CHAIR,5,21,166.95
1,22860,EASTER TIN CHICKS PINK DAISY,9,101,166.65
1,21411,GINGHAM HEART  DOORSTOP RED,15,39,165.75
1,21631,HIPPY CHIC DECORATIVE PARASOL,3,13,165.75
1,22115,METAL SIGN EMPIRE TEA,14,56,165.20000000000002
1,22828,REGENCY MIRROR WITH SHUTTERS,1,1,165.0
1,84580,MOUSE TOY WITH PINK T-SHIRT,12,44,165.0
1,21626,VINTAGE UNION JACK PENNANT,5,84,163.8
1,21156,RETROSPOT CHILDRENS APRON,13,84,163.79999999999998
1,22154,ANGEL DECORATION 3 BUTTONS ,4,450,163.07999999999998
1,20676,RED RETROSPOT BOWL,19,130,162.5
1,15044D,RED PAPER PARASOL,9,55,162.25
1,21833,CAMOUFLAGE LED TORCH,6,96,162.24
1,22060,LARGE CAKE STAND HANGING HEARTS,8,41,161.95000000000002
1,22550,HOLIDAY FUN LUDO,12,43,161.25
1,22800,ANTIQUE TALL SWIRLGLASS TRINKET POT,12,43,161.25
1,37495,FAIRY CAKE BIRTHDAY CANDLE SET,14,43,161.25
1,22417,PACK OF 60 SPACEBOY CAKE CASES,22,293,161.15
1,22583,PACK OF 6 HANDBAG GIFT BOXES,12,63,160.64999999999998
1,21913,VINTAGE SEASIDE JIGSAW PUZZLES,7,45,160.11
1,85062,PEARL CRYSTAL PUMPKIN T-LIGHT HLDR,9,97,160.04999999999998
1,22783,SET 3 WICKER OVAL BASKETS W LIDS,4,11,159.45
1,22825,DECORATIVE PLANT POT WITH FRIEZE,6,20,159.0
1,22628,PICNIC BOXES SET OF 3 RETROSPOT ,10,32,158.4
1,23126,FELTCRAFT GIRL AMELIE KIT,11,32,158.4
1,23202,JUMBO BAG VINTAGE LEAF,10,78,158.34
1,21559,STRAWBERRY LUNCH BOX WITH CUTLERY,15,62,158.1
1,21484,CHICK GREY HOT WATER BOTTLE,7,51,157.95
1,23010,CIRCUS PARADE BABY GIFT SET,4,10,157.49999999999997
1,72802A,ROSE SCENT CANDLE IN JEWELLED BOX,6,37,157.25
1,21169,YOU'RE CONFUSING ME METAL SIGN ,18,93,157.17000000000002
1,23199,JUMBO BAG APPLES,9,76,156.78
1,21934,SKULL SHOULDER BAG,11,95,156.75
1,22632,HAND WARMER RED RETROSPOT,10,74,155.4
1,21115,ROSE CARAVAN DOORSTOP,12,23,155.25
1,82580,BATHROOM METAL SIGN,25,282,155.10000000000002
1,20979,36 PENCILS TUBE RED RETROSPOT,11,123,153.75
1,22318,FIVE HEART HANGING DECORATION,9,52,153.40000000000003
1,22808,SET OF 6 T-LIGHTS EASTER CHICKS,13,52,153.40000000000003
1,22207,FRYING PAN UNION FLAG,11,36,153.0
1,72807A,SET/3 ROSE CANDLE IN JEWELLED BOX,9,36,153.0
1,20975,12 PENCILS SMALL TUBE RED RETROSPOT,20,235,152.75
1,84763,ZINC FINISH 15CM PLANTER POTS,11,122,152.5
1,22645,CERAMIC HEART FAIRY CAKE MONEY BANK,18,105,152.25
1,21187,WHITE BELL HONEYCOMB PAPER GARLAND ,8,98,152.1
1,22433,WATERING CAN GREEN DINOSAUR,12,78,152.1
1,21900,"KEY FOB , SHED",15,233,151.45000000000002
1,23109,LED TEA LIGHTS,5,52,150.28
1,37446,MINI CAKE STAND WITH HANGING CAKES,16,108,150.2
1,22898,CHILDRENS APRON APPLES DESIGN,14,77,150.15
1,21124,SET/10 BLUE POLKADOT PARTY CANDLES,18,120,150.0
1,22548,HEADS AND TAILS SPORTING FUN,18,120,150.0
1,23065,LARGE DECO JEWELLERY STAND,4,12,150.0
1,23078,ICE CREAM PEN LIP GLOSS ,5,120,150.0
1,23108,SET OF 10 LED DOLLY LIGHTS,8,24,150.0
1,23064,CINDERELLA CHANDELIER ,3,3,149.85000000000002
1,35004B,SET OF 3 BLACK FLYING DUCKS,3,31,149.75
1,22838,3 TIER CAKE TIN RED AND CREAM,7,10,149.5
1,84997C,CHILDRENS CUTLERY POLKADOT BLUE,9,36,149.4
1,21974,SET OF 36 PAISLEY FLOWER DOILIES,23,103,149.35
1,22865,HAND WARMER OWL DESIGN,15,71,149.10000000000002
1,21877,HOME SWEET HOME MUG,13,119,148.75
1,22852,DOG BOWL VINTAGE CREAM,9,35,148.75
1,22939,APRON APPLE DELIGHT,9,30,148.5
1,21696,SMALL SILVER TRELLIS CANDLEPOT,6,50,147.50000000000003
1,22905,CALENDAR IN SEASON DESIGN,4,50,147.5
1,16156S,WRAP PINK FAIRY CAKES ,14,350,147.0
1,22729,ALARM CLOCK BAKELIKE ORANGE,13,39,146.25
1,84029E,RED WOOLLY HOTTIE WHITE HEART.,10,39,146.25
1,21201,TROPICAL  HONEYCOMB PAPER GARLAND ,6,57,145.35
1,82551,LAUNDRY 15C METAL SIGN,15,100,145.0
1,20751,FUNKY WASHING UP GLOVES ASSORTED,14,69,144.9
1,22965,3 TRADITIONAl BISCUIT CUTTERS  SET,12,69,144.9
1,21743,STAR PORTABLE TABLE LIGHT ,8,49,144.55
1,21428,SET3 BOOK BOX GREEN GINGHAM FLOWER ,15,34,144.5
1,22941,CHRISTMAS LIGHTS 10 REINDEER,9,17,144.5
1,21191,LARGE WHITE HONEYCOMB PAPER BELL  ,7,78,144.12
1,22364,GLASS JAR DIGESTIVE BISCUITS,11,52,143.8
1,22231,JIGSAW TREE WITH BIRDHOUSE,12,99,143.54999999999998
1,21042,RED RETROSPOT APRON ,9,24,142.8
1,22694,WICKER STAR ,12,68,142.8
1,21700,BIG DOUGHNUT FRIDGE MAGNETS,8,168,142.79999999999998
1,22288,HANGING METAL RABBIT DECORATION,9,114,142.5
1,22788,BROCANTE COAT RACK,8,14,142.2
1,22663,JUMBO BAG DOLLY GIRL DESIGN,14,72,141.96
1,21878,PACK OF 6 SANDCASTLE FLAGS ASSORTED,11,167,141.95
1,21609,SET 12 LAVENDER  BOTANICAL T-LIGHTS,11,48,141.60000000000002
1,84997A,GREEN 3 PIECE POLKADOT CUTLERY SET,7,36,141.4
1,22335,HEART DECORATION PAINTED ZINC ,12,217,141.05
1,20963,APPLE BATH SPONGE,10,111,138.75
1,22107,PIZZA PLATE IN BOX,11,37,138.75
1,22524,CHILDRENS GARDEN GLOVES BLUE,12,111,138.75
1,22674,FRENCH TOILET SIGN BLUE METAL,10,111,138.75
1,21246,RED RETROSPOT BIG BOWL,7,28,138.60000000000002
1,22913,RED COAT RACK PARIS FASHION,8,28,138.60000000000002
1,21429,RED GINGHAM ROSE JEWELLERY BOX,15,82,138.6
1,37448,CERAMIC CAKE DESIGN SPOTTED MUG,11,93,138.57
1,22992,REVOLVER WOODEN RULER ,8,71,138.45
1,20711,JUMBO BAG TOYS ,11,69,137.93
1,40016,CHINESE DRAGON PAPER LANTERNS,8,327,137.34
1,22073,RED RETROSPOT STORAGE JAR,6,38,136.74
1,21713,CITRONELLA CANDLE FLOWERPOT,11,65,136.5
1,23232,WRAP VINTAGE PETALS  DESIGN,13,325,136.5
1,20961,STRAWBERRY BATH SPONGE ,8,109,136.25
1,21111,"SWISS ROLL TOWEL, CHOCOLATE  SPOTS",10,46,135.70000000000002
1,79337,BLUE FLOCK GLASS CANDLEHOLDER,5,336,135.3
1,20969,RED FLORAL FELTCRAFT SHOULDER BAG,11,36,135.0
1,22127,PARTY CONES CARNIVAL ASSORTED,7,108,135.0
1,22500,SET OF 2 TINS JARDIN DE PROVENCE,10,27,133.65
1,22649,STRAWBERRY FAIRY CAKE TEAPOT,12,27,133.65
1,22943,CHRISTMAS LIGHTS 10 VINTAGE BAUBLES,8,27,133.65
1,23255,CHILDRENS CUTLERY CIRCUS PARADE,8,32,132.8
1,22922,FRIDGE MAGNETS US DINER ASSORTED,13,156,132.6
1,22932,BAKING MOULD TOFFEE CUP CHOCOLATE,3,52,132.6
1,22444,GROW YOUR OWN PLANT IN A CAN ,6,106,132.5
1,22956,36 FOIL HEART CAKE CASES,19,63,132.3
1,21625,VINTAGE UNION JACK APRON,11,19,132.05
1,22567,20 DOLLY PEGS RETROSPOT,11,103,131.15
1,22522,CHILDS GARDEN FORK BLUE ,20,154,130.89999999999998
1,22114,HOT WATER BOTTLE TEA AND SYMPATHY,8,33,130.35
1,22441,GROW YOUR OWN BASIL IN ENAMEL MUG,12,62,130.20000000000002
1,21558,SKULL LUNCH BOX WITH CUTLERY ,8,51,130.04999999999998
1,22896,PEG BAG APPLES DESIGN,14,51,130.04999999999998
1,71477,COLOUR GLASS. STAR T-LIGHT HOLDER,8,40,130.0
1,22760,"TRAY, BREAKFAST IN BED",7,11,129.45
1,21363,HOME SMALL WOOD LETTERS,17,26,128.70000000000002
1,23207,LUNCH BAG ALPHABET DESIGN,11,78,128.7
1,21928,JUMBO BAG SCANDINAVIAN BLUE PAISLEY,5,65,128.44
1,23177,TREASURE ISLAND BOOK BOX,12,57,128.25
1,72351A,SET/6 TURQUOISE BUTTERFLY T-LIGHTS,15,61,128.10000000000002
1,22078,RIBBON REEL LACE DESIGN ,11,61,128.1
1,47570B,TEA TIME TABLE CLOTH,2,12,127.8
1,22670,FRENCH WC SIGN BLUE METAL,11,102,127.5
1,72802C,VANILLA SCENT CANDLE JEWELLED BOX,8,30,127.5
1,22449,SILK PURSE BABUSHKA PINK,10,38,127.30000000000001
1,22365,DOORMAT RESPECTABLE HOUSE,9,16,127.2
1,22274,FELTCRAFT DOLL EMILY,8,43,126.85000000000002
1,84459B,YELLOW METAL CHICKEN HEART ,11,85,126.64999999999999
1,85194L,HANGING SPRING FLOWER EGG LARGE,13,149,126.64999999999999
1,23230,WRAP ALPHABET DESIGN,12,300,126.0
1,22523,CHILDS GARDEN FORK PINK,17,148,125.79999999999998
1,22859,EASTER TIN BUNNY BOUQUET,14,76,125.39999999999999
1,22428,ENAMEL FIRE BUCKET CREAM,7,18,125.10000000000001
1,22789,T-LIGHT HOLDER SWEETHEART HANGING,10,64,124.8
1,22813,PACK 3 BOXES BIRD PANNETONE ,10,64,124.8
1,23240,SET OF 4 KNICK KNACK TINS DOILEY ,5,30,124.50000000000001
1,22915,ASSORTED BOTTLE TOP  MAGNETS ,16,313,124.25999999999999
1,22807,SET OF 6 T-LIGHTS TOADSTOOLS,10,42,123.90000000000002
1,22354,RETROSPOT PADDED SEAT CUSHION,6,33,123.75
1,22329,ROUND CONTAINER SET OF 5 RETROSPOT,9,75,123.74999999999999
1,22374,AIRLINE BAG VINTAGE JET SET RED,13,29,123.25
1,22497,SET OF 2 TINS VINTAGE BATHROOM ,9,29,123.25
1,23154,SET OF 4 JAM JAR MAGNETS,8,59,122.72
1,21714,CITRONELLA CANDLE GARDEN POT,13,98,122.5
1,22772,PINK DRAWER KNOB ACRYLIC EDWARDIAN,9,98,122.5
1,22977,DOLLY GIRL CHILDRENS EGG CUP,9,98,122.5
1,21238,RED RETROSPOT CUP,16,144,122.39999999999999
1,22465,HANGING METAL STAR LANTERN,8,74,122.09999999999998
1,21930,JUMBO STORAGE BAG SKULLS,12,62,121.42
1,85015,SET OF 12  VINTAGE POSTCARD SET,10,101,120.75
1,22249,DECORATION WHITE CHICK MAGIC GARDEN,17,142,120.69999999999999
1,22521,CHILDS GARDEN TROWEL PINK,15,142,120.69999999999999
1,21206,STRAWBERRY HONEYCOMB  GARLAND ,3,108,120.6
1,22853,CAT BOWL VINTAGE CREAM,7,37,120.25
1,21903,MAN FLU METAL SIGN,12,57,119.70000000000002
1,21537,RED RETROSPOT PUDDING BOWL,9,28,119.0
1,22949,36 DOILIES DOLLY GIRL,10,82,118.89999999999999
1,21528,DAIRY MAID TRADITIONAL TEAPOT ,7,17,118.15
1,22665,RECIPE BOX BLUE SKETCHBOOK DESIGN,13,40,118.00000000000001
1,15044A,PINK PAPER PARASOL ,8,40,118.0
1,21389,IVORY HANGING DECORATION  BIRD,15,138,117.3
1,22156,HEART DECORATION WITH PEARLS ,12,138,117.3
1,22021,BLUE FELT EASTER EGG BASKET,10,71,117.14999999999998
1,22991,GIRAFFE WOODEN RULER,8,60,117.0
1,22491,PACK OF 12 COLOURED PENCILS,12,137,116.44999999999999
1,20978,36 PENCILS TUBE SKULLS,10,93,116.25
1,23083,SET 6 PAPER TABLE LANTERN STARS ,5,31,116.25
1,84509A,SET OF 4 ENGLISH ROSE PLACEMATS,11,31,116.25
1,84508A,CAMOUFLAGE DESIGN TEDDY,2,54,116.10000000000001
1,22544,MINI JIGSAW SPACEBOY,9,276,115.92
1,20992,JAZZ HEARTS PURSE NOTEBOOK,9,178,115.89999999999998
1,20981,12 PENCILS TALL TUBE WOODLAND,12,136,115.6
1,21584,RETROSPOT SMALL TUBE MATCHES,12,70,115.5
1,22986,GINGHAM ROSE WRAP,11,275,115.5
1,22962,JAM JAR WITH PINK LID,13,143,115.30999999999999
1,15044B,BLUE PAPER PARASOL ,9,39,115.05000000000001
1,21154,RED RETROSPOT OVEN GLOVE ,12,92,115.0
1,23176,ABC TREASURE BOOK BOX ,9,51,114.75
1,84968C,SET OF 16 VINTAGE PISTACHIO CUTLERY,5,9,114.75
1,23163,REGENCY SUGAR TONGS,7,46,114.54000000000002
1,21109,LARGE CAKE TOWEL CHOCOLATE SPOTS,7,34,114.3
1,21980,PACK OF 12 RED RETROSPOT TISSUES ,21,393,113.96999999999998
1,22474,SPACEBOY TV DINNER TRAY,11,23,113.85000000000001
1,37342,POLKADOT COFFEE CUP & SAUCER PINK,7,142,113.62
1,20970,PINK FLORAL FELTCRAFT SHOULDER BAG,9,30,112.5
1,21671,RED SPOT CERAMIC DRAWER KNOB,11,90,112.5
1,22892,SET OF SALT AND PEPPER TOADSTOOLS,11,90,112.5
1,84279B,CHERRY BLOSSOM DECORATIVE FLASK,9,30,112.5
1,23165,LARGE CERAMIC TOP STORAGE JAR,8,68,112.19999999999999
1,21381,MINI WOODEN HAPPY BIRTHDAY GARLAND,9,66,111.54
1,21240,BLUE POLKADOT CUP,13,131,111.35
1,21864,UNION JACK FLAG PASSPORT COVER ,10,53,111.30000000000001
1,22212,FOUR HOOK  WHITE LOVEBIRDS,16,53,111.30000000000001
1,22412,METAL SIGN NEIGHBOURHOOD WITCH ,12,53,111.30000000000001
1,22964,3 PIECE SPACEBOY COOKIE CUTTER SET,15,53,111.30000000000001
1,85038,6 CHOCOLATE LOVE HEART T-LIGHTS,11,53,111.30000000000001
1,21668,RED STRIPE CERAMIC DRAWER KNOB,11,89,111.25
1,22520,CHILDS GARDEN TROWEL BLUE ,15,130,110.49999999999999
1,20977,36 PENCILS TUBE WOODLAND,10,88,110.0
1,21613,S/12 VANILLA  BOTANICAL T-LIGHTS,8,37,109.15000000000002
1,82581,TOILET METAL SIGN,15,198,108.9
1,15060B,FAIRY CAKE DESIGN UMBRELLA,7,29,108.75
1,21355,TOAST ITS - I LOVE YOU ,14,87,108.75
1,20973,12 PENCIL SMALL TUBE WOODLAND,7,167,108.55000000000001
1,21901,"KEY FOB , BACK DOOR ",16,167,108.55000000000001
1,84997B,CHILDRENS CUTLERY RETROSPOT RED ,7,26,107.9
1,21121,SET/10 RED POLKADOT PARTY CANDLES,20,86,107.5
1,22832,BROCANTE SHELF WITH HOOKS,7,10,107.5
1,22691,DOORMAT WELCOME SUNRISE,4,15,107.25
1,22974,CHILDRENS DOLLY GIRL MUG,8,65,107.24999999999999
1,85132C,CHARLIE AND LOLA FIGURES TINS,10,30,106.5
1,21313,GLASS HEART T-LIGHT HOLDER ,10,125,106.25
1,22196,SMALL HEART MEASURING SPOONS,15,125,106.25
1,22780,LIGHT GARLAND BUTTERFILES PINK,10,25,106.25
1,72807C,SET/3 VANILLA SCENTED CANDLE IN BOX,9,25,106.25
1,20665,RED RETROSPOT PURSE ,7,36,106.20000000000002
1,21695,SMALL SILVER FLOWER CANDLE POT,3,36,106.20000000000002
1,22030,SWALLOWS GREETING CARD,18,252,105.84
1,84819,DANISH ROSE ROUND SEWING BOX,8,76,105.4
1,84212,"ASSORTED FLOWER COLOUR ""LEIS""",7,162,105.30000000000001
1,82599,FANNY'S REST STOPMETAL SIGN,8,50,105.00000000000001
1,22704,WRAP RED APPLES ,10,250,105.0
1,22856,ASSORTED EASTER DECORATIONS  BELLS,5,84,105.0
1,22866,HAND WARMER SCOTTY DOG DESIGN,12,50,105.0
1,23161,REGENCY CAKE FORK,3,84,105.0
1,21627,ELEPHANT CARNIVAL POUFFE,3,7,104.64999999999999
1,84997A,CHILDRENS CUTLERY POLKADOT GREEN ,6,25,103.75
1,22414,DOORMAT NEIGHBOURHOOD WITCH ,7,13,103.35000000000001
1,23283,DOORMAT VINTAGE LEAVES DESIGN ,6,13,103.35
1,21359,RELAX LARGE WOOD LETTERS,4,14,103.3
1,21563,RED HEART SHAPE LOVE BUCKET ,11,35,103.25000000000001
1,23182,TOILET SIGN OCCUPIED OR VACANT,7,124,102.91999999999999
1,21239,PINK  POLKADOT CUP,12,121,102.85
1,22262,FELT EGG COSY CHICKEN,10,121,102.85
1,22963,JAM JAR WITH GREEN LID,12,128,102.56
1,47559B,TEA TIME OVEN GLOVE,11,82,102.5
1,21633,SUNFLOWER DECORATIVE PARASOL,2,8,102.0
1,22356,CHARLOTTE BAG PINK POLKADOT,14,120,102.0
1,72807B,SET/3 OCEAN SCENT CANDLE JEWEL BOX,8,24,102.0
1,84030E,ENGLISH ROSE HOT WATER BOTTLE,9,24,102.0
1,20966,SANDWICH BATH SPONGE,7,81,101.25
1,21615,4 LAVENDER BOTANICAL DINNER CANDLES,5,75,101.25
1,22928,YELLOW GIANT GARDEN THERMOMETER,9,17,101.15
1,21383,PACK OF 12 STICKY BUNNIES,12,155,100.75000000000001
1,21832,CHOCOLATE CALCULATOR,7,61,100.64999999999999
1,22055,MINI CAKE STAND  HANGING STRAWBERY,15,61,100.64999999999999
1,22671,FRENCH LAUNDRY SIGN BLUE METAL,6,61,100.64999999999998
1,22158,3 HEARTS HANGING DECORATION RUSTIC,10,34,100.30000000000001
1,22445,PENCIL CASE LIFE IS BEAUTIFUL,6,34,100.30000000000001
1,23094,LE GRAND TRAY CHIC SET,6,8,100.0
1,22167, OVAL WALL MIRROR DIAMANTE ,7,10,99.5
1,22221,CAKE STAND LOVEBIRD 2 TIER PINK,6,10,99.5
1,22653,BUTTON BOX ,9,51,99.45
1,22781,GUMBALL MAGAZINE RACK,7,13,99.45
1,47580,TEA TIME DES TEA COSY,10,39,99.44999999999999
1,22472,TV DINNER TRAY DOLLY GIRL,10,20,99.0
1,23080,RED METAL BOX TOP SECRET,6,12,99.0
1,23127,DOLLCRAFT GIRL NICOLE,3,20,99.0
1,23243,SET OF TEA COFFEE SUGAR TINS PANTRY,4,20,99.0
1,23301,GARDENERS KNEELING PAD KEEP CALM ,11,60,98.99999999999999
1,20886,BOX OF 9 PEBBLE CANDLES,12,50,97.5
1,22270,HAPPY EASTER HANGING DECORATION,6,26,97.5
1,22398,MAGNETS PACK OF 4 SWALLOWS,8,78,97.5
1,22861,EASTER TIN CHICKS IN GARDEN,11,59,97.35
1,21561,DINOSAUR LUNCH BOX WITH CUTLERY,8,38,96.89999999999999
1,21586,KINGS CHOICE GIANT TUBE MATCHES,7,38,96.89999999999999
1,21669,BLUE STRIPE CERAMIC DRAWER KNOB,9,77,96.25
1,22525,CHILDRENS GARDEN GLOVES PINK,8,77,96.25
1,21094,SET/6 RED SPOTTY PAPER PLATES,13,113,96.05
1,21504,SKULLS GREETING CARD,10,240,95.75999999999999
1,22919,HERB MARKER MINT,15,147,95.55000000000001
1,48173C,DOORMAT BLACK FLOCK ,8,12,95.4
1,22563,HAPPY STENCIL CRAFT,16,76,95.0
1,22975,SPACEBOY CHILDRENS EGG CUP,10,76,95.0
1,21499,BLUE POLKADOT WRAP,9,225,94.5
1,21577,SAVE THE PLANET COTTON TOTE BAG,8,42,94.5
1,22710,WRAP I LOVE LONDON ,6,225,94.5
1,37450,CERAMIC CAKE BOWL + HANGING CAKES,6,32,94.40000000000002
1,23200,JUMBO BAG PEARS,7,46,94.38
1,22917,HERB MARKER ROSEMARY,14,145,94.25000000000001
1,79163,BLACK CHAMPAGNE GLASS,5,167,94.11
1,21534,DAIRY MAID LARGE MILK JUG,9,19,94.05000000000001
1,23127,FELTCRAFT GIRL NICOLE KIT,7,19,94.05
1,23208,LUNCH BAG VINTAGE LEAF DESIGN,8,57,94.05
1,22286,"DECORATION , WOBBLY RABBIT , METAL ",8,57,94.04999999999998
1,21868,POTTING SHED TEA MUG,12,75,93.75
1,22151,PLACE SETTING WHITE HEART,9,222,93.24
1,22489,PACK OF 12 TRADITIONAL CRAYONS,16,221,92.82000000000001
1,84596B,SMALL DOLLY MIX DESIGN ORANGE BOWL,12,221,92.82
1,22955,36 FOIL STAR CAKE CASES ,10,44,92.4
1,22066,LOVE HEART TRINKET POT,13,154,91.86
1,20982,12 PENCILS TALL TUBE SKULLS,11,108,91.8
1,22106,MIRROR MOSAIC HURRICANE LAMP ,2,15,91.65
1,22131,FOOD CONTAINER SET 3 LOVE HEART ,12,47,91.64999999999999
1,22272,FELTCRAFT DOLL MARIA,8,31,91.45000000000002
1,23322,LARGE WHITE HEART OF WICKER,5,31,91.45
1,22675,FRENCH KITCHEN SIGN BLUE METAL,6,73,91.25
1,21918,SET 12 KIDS COLOUR  CHALK STICKS,15,217,91.14
1,22333,RETROSPOT PARTY BAG + STICKER SET,10,55,90.75
1,16225,RATTLE SNAKE EGGS,2,216,90.72
1,22027,TEA PARTY BIRTHDAY CARD,16,216,90.72
1,22029,SPACEBOY BIRTHDAY CARD,13,216,90.72
1,22471,TV DINNER TRAY AIR HOSTESS ,7,28,90.60000000000001
1,21399,BLUE POLKADOT COFFEE MUG,9,206,90.6
1,22256,FELT FARM ANIMAL CHICKEN,9,72,90.0
1,22773,GREEN DRAWER KNOB ACRYLIC EDWARDIAN,9,72,90.0
1,21476,STEEL SWEETHEART ROUND TABLE CREAM,2,6,89.69999999999999
1,21784,SHOE SHINE BOX ,5,9,89.55
1,20748,KENSINGTON COFFEE SET,3,7,89.25
1,84347,ROTATING SILVER ANGELS T-LIGHT HLDR,6,35,89.25
1,23020,GLASS  SONGBIRD STORAGE JAR,1,8,89.2
1,21845,DAIRY MAID STRIPE MUG,6,80,89.12
1,21902,"KEY FOB , FRONT  DOOR ",13,137,89.05000000000001
1,22251,BIRDHOUSE DECORATION MAGIC GARDEN,10,71,88.75
1,23193,BUFFALO BILL TREASURE BOOK BOX,10,40,88.64
1,21107,CREAM SLICE FLANNEL PINK SPOT ,8,30,88.50000000000001
1,21188,3D HEARTS  HONEYCOMB PAPER GARLAND,3,30,88.50000000000001
1,21688,SILVER PLATE CANDLE BOWL SMALL,3,30,88.50000000000001
1,22277,COSMETIC BAG VINTAGE ROSE PAISLEY,2,42,88.20000000000002
1,22519,CHILDS GARDEN BRUSH PINK,7,42,88.20000000000002
1,22902,TOTE BAG I LOVE LONDON,4,42,88.20000000000002
1,22921,HERB MARKER CHIVES ,13,135,87.75000000000001
1,22183,CAKE STAND VICTORIAN FILIGREE MED,6,13,87.75
1,21672,WHITE SPOT RED CERAMIC DRAWER KNOB,8,70,87.5
1,23067,HANGING ENGRAVED METAL HEART,5,21,87.15
1,22918,HERB MARKER PARSLEY,14,134,87.10000000000001
1,21992,VINTAGE PAISLEY STATIONERY SET,10,37,87.05000000000001
1,10135,COLOURING PENCILS BROWN TUBE,10,96,86.8
1,22916,HERB MARKER THYME,14,133,86.45
1,20717,STRAWBERRY SHOPPER BAG,10,69,86.25
1,21620,SET OF 4 ROSE BOTANICAL CANDLES,6,39,86.25
1,22514,CHILDS GARDEN SPADE BLUE,9,41,86.10000000000001
1,22319,HAIRCLIPS FORTIES FABRIC ASSORTED,9,132,85.80000000000001
1,22920,HERB MARKER BASIL,14,132,85.80000000000001
1,22816,CARD MOTORBIKE SANTA,8,204,85.67999999999999
1,84880,WHITE WIRE EGG HOLDER,3,12,85.35
1,37500,TEA TIME TEAPOT IN GIFT BOX,6,12,84.4
1,21706,FOLDING UMBRELLA RED/WHITE POLKADOT,4,17,84.15
1,21204,DAISIES  HONEYCOMB GARLAND ,4,51,84.14999999999999
1,22348,TEA BAG PLATE RED RETROSPOT,12,99,84.14999999999999
1,22350,ILLUSTRATED CAT BOWL ,6,33,84.14999999999999
1,22908,PACK OF 20 NAPKINS RED APPLES,16,99,84.14999999999999
1,22650,CERAMIC PIRATE CHEST MONEY BANK,9,58,84.1
1,22515,CHILDS GARDEN SPADE PINK,9,40,84.00000000000001
1,21497,FANCY FONTS BIRTHDAY WRAP,8,200,84.0
1,22045,SPACEBOY GIFT WRAP,7,200,84.0
1,22046,TEA PARTY  WRAPPING PAPER ,6,200,84.0
1,23231,WRAP DOILEY DESIGN,8,200,84.0
1,23233,WRAP POPPIES  DESIGN,8,200,84.0
1,22953,BIRTHDAY PARTY CORDON BARRIER TAPE,8,67,83.75
1,82578,KITCHEN METAL SIGN,16,152,83.60000000000001
1,21829,DINOSAUR KEYRINGS ASSORTED,11,397,83.36999999999999
1,22498,WOODEN REGATTA BUNTING,7,14,83.30000000000001
1,21360,JOY LARGE WOOD LETTERS,4,18,83.10000000000001
1,22314,OFFICE MUG WARMER CHOC+BLUE,4,20,83.00000000000001
1,22778,GLASS CLOCHE SMALL,7,21,82.95
1,84884A,ANT WHITE WIRE HEART SPIRAL,6,21,82.95
1,21876,POTTERING MUG,7,138,82.86
1,22306,SILVER MUG BONE CHINA TREE OF LIFE,3,48,82.8
1,85159A,"BLACK TEA,COFFEE,SUGAR JARS",5,51,82.65
1,22419,LIPSTICK PEN RED,11,211,82.62
1,22117,METAL SIGN HER DINNER IS SERVED ,8,28,82.60000000000001
1,22176,BLUE OWL SOFT TOY,6,28,82.60000000000001
1,20761,BLUE PAISLEY SKETCHBOOK,10,22,82.5
1,20764,ABSTRACT CIRCLES SKETCHBOOK ,8,22,82.5
1,21192,WHITE BELL HONEYCOMB PAPER ,5,50,82.5
1,21467,CHERRY CROCHET FOOD COVER,8,22,82.5
1,21591,COSY HOUR CIGAR BOX MATCHES ,7,66,82.5
1,23133,LARGE IVORY HEART WALL ORGANISER,5,10,82.5
1,35961,FOLKART ZINC HEART CHRISTMAS DEC,8,97,82.44999999999999
1,22123,PING MICROWAVE APRON,4,42,81.89999999999999
1,22246,MAGIC GARDEN FELT GARLAND ,5,42,81.89999999999999
1,22613,PACK OF 20 SPACEBOY NAPKINS,3,111,81.87
1,21422,PORCELAIN ROSE SMALL,2,96,81.6
1,22924,FRIDGE MAGNETS LA VIE EN ROSE,8,96,81.6
1,84692,BOX OF 24 COCKTAIL PARASOLS,15,194,81.48
1,21670,BLUE SPOT CERAMIC DRAWER KNOB,7,65,81.25
1,23159,SET OF 5 PANCAKE DAY MAGNETS,4,39,81.12
1,84800L,LARGE WHITE/PINK ROSE ART FLOWER,2,48,81.12
1,23103,JINGLE BELL HEART DECORATION,3,49,80.85
1,21407,BROWN CHECK CAT DOORSTOP ,8,19,80.75
1,22862,LOVE HEART NAPKIN BOX ,6,19,80.75
1,21793,CLASSIC FRENCH STYLE BASKET BROWN,5,19,80.65
1,21917,SET 12 KIDS  WHITE CHALK STICKS,12,192,80.64
1,21769,VINTAGE POST OFFICE CABINET,1,1,79.95
1,21763,VINTAGE WOODEN BAR STOOL,2,3,79.9
1,21051,RIBBONS PURSE ,7,38,79.80000000000001
1,23016,GLASS TWIST BON BON JAR,1,12,79.80000000000001
1,21614,SET OF 12 ROSE BOTANICAL T-LIGHTS,3,27,79.65
1,22317,FIVE CATS HANGING DECORATION,6,27,79.65
1,22363,GLASS JAR MARMALADE ,7,27,79.65
1,22442,GROW YOUR OWN FLOWERS SET OF 3,7,10,79.5
1,21033,JUMBO BAG CHARLIE AND LOLA TOYS,6,34,79.42
1,21391,FRENCH LAVENDER SCENT HEART,7,84,79.2
1,21398,RED POLKADOT COFFEE  MUG,7,124,79.14
1,85173,SET/6 FROG PRINCE T-LIGHT CANDLES,6,47,79.05
1,21421,PORCELAIN ROSE LARGE ,2,63,78.75
1,21673,WHITE SPOT BLUE CERAMIC DRAWER KNOB,7,63,78.75
1,22725,ALARM CLOCK BAKELIKE CHOCOLATE,6,21,78.75
1,85061W,WHITE JEWELLED HEART DECORATION,5,92,78.19999999999999
1,22518,CHILDS GARDEN BRUSH BLUE,7,37,77.7
1,85187,S/12 MINI RABBIT EASTER,11,47,77.54999999999998
1,22478,BIRDHOUSE GARDEN MARKER ,6,62,77.5
1,21463,MIRRORED DISCO BALL ,9,13,77.35
1,21679,SKULLS  STICKERS,9,91,77.35
1,22786,CUSHION COVER PINK UNION JACK,6,13,77.35
1,22129,PARTY CONES CANDY TREE DECORATION,6,90,76.5
1,22473,TV DINNER TRAY VINTAGE PAISLEY,7,30,76.5
1,22504,CABIN BAG VINTAGE RETROSPOT,2,6,76.5
1,22641,SET OF 4 NAPKIN CHARMS INSTRUMENT,4,30,76.5
1,22923,FRIDGE MAGNETS LES ENFANTS ASSORTED,8,90,76.5
1,84818,DANISH ROSE PHOTO FRAME,7,46,76.5
1,84968A,SET OF 16 VINTAGE ROSE CUTLERY,5,6,76.5
1,37501,TEA TIME TEA SET IN GIFT BOX,3,11,76.45
1,21328,BALLOONS  WRITING SET ,6,46,75.89999999999999
1,20893,HANGING BAUBLE T-LIGHT HOLDER SMALL,1,36,75.60000000000001
1,17084R,ASSORTED INCENSE PACK,4,360,75.6
1,22983,CARD BILLBOARD FONT,14,180,75.6
1,21494,ROTATING LEAVES T-LIGHT HOLDER,6,60,75.0
1,21875,KINGS CHOICE MUG,9,60,75.0
1,22673,FRENCH GARDEN SIGN BLUE METAL,5,60,75.0
1,23065,LARGE JEWELLERY STAND,1,6,75.0
1,22770,MIRROR CORNICE,4,5,74.75
1,70006,LOVE HEART POCKET WARMER,8,90,74.69999999999999
1,84849D,HOT BATHS SOAP HOLDER,8,44,74.36
1,16014,SMALL CHINESE STYLE SCISSOR,5,177,74.34
1,85174,S/4 CACTI CANDLES,7,15,74.25
1,21587,COSY HOUR GIANT TUBE MATCHES,4,29,73.94999999999999
1,22642,SET OF 4 NAPKIN CHARMS STARS   ,4,29,73.94999999999999
1,23147,SINGLE ANTIQUE ROSE HOOK IVORY,5,51,73.94999999999999
1,22531,MAGIC DRAWING SLATE CIRCUS PARADE  ,10,176,73.92
1,21452,TOADSTOOL MONEY BOX,7,25,73.75000000000001
1,22743,MAKE YOUR OWN FLOWERPOWER CARD KIT,10,25,73.75000000000001
1,22810,SET OF 6 T-LIGHTS SNOWMEN,7,25,73.75000000000001
1,22175,PINK OWL SOFT TOY,6,25,73.75
1,22362,GLASS JAR PEACOCK BATH SALTS,4,25,73.75
1,85049C,ROMANTIC PINKS RIBBONS ,17,59,73.75
1,22451,SILK PURSE BABUSHKA RED,4,22,73.7
1,21500,PINK POLKADOT WRAP ,7,175,73.5
1,21896,POTTING SHED TWINE,9,35,73.5
1,22708,WRAP DOLLY GIRL,7,175,73.5
1,22711,WRAP CIRCUS PARADE,7,175,73.5
1,82567,"AIRLINE LOUNGE,METAL SIGN",11,35,73.5
1,22057,CERAMIC PLATE STRAWBERRY DESIGN,7,49,73.00999999999999
1,85132B,CHARLIE AND LOLA TABLE TINS,7,29,72.55
1,21211,SET OF 72 SKULL PAPER  DOILIES,5,50,72.5
1,22897,OVEN MITT APPLES DESIGN,6,50,72.5
1,22891,TEA FOR ONE POLKADOT,6,17,72.25
1,72802B,OCEAN SCENT CANDLE IN JEWELLED BOX,6,17,72.25
1,85035C,ROSE 3 WICK MORRIS BOX CANDLE,8,17,72.25
1,22244,3 HOOK HANGER MAGIC GARDEN,9,37,72.14999999999999
1,21794,CLASSIC FRENCH STYLE BASKET NATURAL,4,14,72.1
1,85180A,RED HEARTS LIGHT CHAIN ,4,33,71.85000000000001
1,22377,BOTTLE BAG RETROSPOT ,7,58,71.8
1,22439,6 ROCKET BALLOONS ,8,110,71.5
1,22661,CHARLOTTE BAG DOLLY GIRL DESIGN,9,84,71.4
1,22588,CARD HOLDER GINGHAM HEART,7,28,71.39999999999999
1,22494,EMERGENCY FIRST AID TIN ,8,57,71.25
1,22307,GOLD MUG BONE CHINA TREE OF LIFE,2,42,71.1
1,22185,SLATE TILE NATURAL HANGING,6,43,70.94999999999999
1,22243,5 HOOK HANGER RED MAGIC TOADSTOOL,8,43,70.94999999999999
1,21683,MEDIUM MEDINA STAMPED METAL BOWL ,3,24,70.80000000000001
1,21694,SMALL REGAL  SILVER CANDLEPOT ,3,24,70.80000000000001
1,84032B,CHARLIE + LOLA RED HOT WATER BOTTLE,6,24,70.80000000000001
1,84817,DANISH ROSE DECORATIVE PLATE,5,72,70.56
1,22132,RED LOVE HEART SHAPE CUP,8,83,70.55
1,21982,PACK OF 12 SUKI TISSUES ,14,243,70.46999999999998
1,22616,PACK OF 12 LONDON TISSUES ,15,243,70.46999999999998
1,20801,LARGE PINK GLASS SUNDAE DISH,6,80,70.24000000000001
1,22820,GIFT BAG BIRTHDAY,4,108,70.2
1,20674,GREEN POLKADOT BOWL,10,56,70.0
1,21126,SET OF 6 GIRLS CELEBRATION CANDLES,9,56,70.0
1,21871,SAVE THE PLANET MUG,6,56,70.0
1,22477,WATERING CAN GARDEN MARKER,8,56,70.0
1,22976,CIRCUS PARADE CHILDRENS EGG CUP ,7,56,70.0
1,85067,CREAM SWEETHEART WALL CABINET,2,4,69.8
1,22119,PEACE WOODEN BLOCK LETTERS,3,10,69.5
1,23178,JAM CLOCK MAGNET,4,24,69.36
1,23179,CLOCK MAGNET MUM'S KITCHEN,4,24,69.36
1,85053,FRENCH ENAMEL CANDLEHOLDER,10,33,69.30000000000001
1,22227,HANGING HEART MIRROR DECORATION ,10,105,68.25
1,22812,PACK 3 BOXES CHRISTMAS PANNETONE,5,35,68.25
1,21986,PACK OF 12 PINK POLKADOT TISSUES,14,235,68.14999999999999
1,22194,BLACK DINER WALL CLOCK,4,8,68.0
1,22247,BUNNY DECORATION MAGIC GARDEN,12,80,68.0
1,22372,AIRLINE BAG VINTAGE WORLD CHAMPION ,6,16,68.0
1,22376,AIRLINE BAG VINTAGE JET SET WHITE,6,16,68.0
1,22566,FELTCRAFT HAIRBAND PINK AND PURPLE,11,80,68.0
1,72803A,ROSE SCENT CANDLE JEWELLED DRAWER,6,16,68.0
1,22327,ROUND SNACK BOXES SET OF 4 SKULLS,8,23,67.85000000000001
1,22973,CHILDREN'S CIRCUS PARADE MUG,5,41,67.64999999999999
1,10133,COLOURING PENCILS BROWN TUBE,11,127,67.53
1,21462,"NURSERY A,B,C PAINTED LETTERS",7,10,67.5
1,21637,ASSORTED SANSKRIT MINI NOTEBOOK,2,54,67.5
1,22405,MONEY BOX POCKET MONEY DESIGN,7,54,67.5
1,22409,MONEY BOX BISCUITS DESIGN,7,54,67.5
1,85175,CACTI T-LIGHT CANDLES,8,160,67.2
1,85141,JARDIN ETCHED GLASS FRUITBOWL,6,10,66.7
1,22289,HANGING METAL CHICKEN DECORATION,4,53,66.25
1,22080,RIBBON REEL POLKADOTS ,4,40,66.0
1,85034C,3 ROSE MORRIS BOXED CANDLES,5,24,66.0
1,37447,CERAMIC CAKE DESIGN SPOTTED PLATE,5,44,65.56
1,22713,CARD I LOVE LONDON ,12,156,65.52
1,22320,BIRDS MOBILE VINTAGE DESIGN,4,11,65.45
1,23204,CHARLOTTE BAG APPLES DESIGN,10,77,65.45
1,21677,HEARTS  STICKERS,10,77,65.44999999999999
1,21704,BAG 250g SWIRLY MARBLES,8,77,65.44999999999999
1,20846,ZINC HEART LATTICE T-LIGHT HOLDER,5,52,65.0
1,21925,UNION STRIPE CUSHION COVER ,5,52,65.0
1,22562,MONSTERS STENCIL CRAFT,9,52,65.0
1,21294,ETCHED GLASS COASTER,6,140,64.92
1,22911,PAPER CHAIN KIT LONDON,5,22,64.9
1,35965,FOLKART HEART NAPKIN RINGS,5,63,64.89
1,22437,SET OF 9 BLACK SKULL BALLOONS,10,76,64.6
1,22076,6 RIBBONS EMPIRE  ,6,39,64.35
1,22233,JIGSAW RABBIT AND BIRDHOUSE,4,39,64.35
1,20867,PINK ROSE FABRIC MIRROR,4,51,63.75
1,20931,BLUE POT PLANT CANDLE ,4,17,63.75
1,21179,NO JUNK MAIL METAL SIGN,6,51,63.75
1,21408,SPOTTY PINK DUCK DOORSTOP,7,15,63.75
1,22399,MAGNETS PACK OF 4 CHILDHOOD MEMORY,8,51,63.75
1,22779,WOODEN OWLS LIGHT GARLAND ,6,15,63.75
1,23299,FOOD COVER WITH BEADS SET 2 ,4,17,63.75
1,84510A,SET OF 4 ENGLISH ROSE COASTERS,8,51,63.75
1,84968F,SET OF 16 VINTAGE SKY BLUE CUTLERY,4,5,63.75
1,85036A,GARDENIA 1 WICK MORRIS BOXED CANDLE,7,15,63.75
1,22228,BUNNY WOODEN PAINTED WITH BIRD ,5,75,63.74999999999999
1,22265,EASTER DECORATION NATURAL CHICK,8,98,63.7
1,22450,SILK PURSE BABUSHKA BLUE,5,19,63.650000000000006
1,15058C,ICE CREAM DESIGN GARDEN PARASOL,2,8,63.6
1,22443,GROW YOUR OWN HERBS SET OF 3,6,8,63.6
1,22660,DOORMAT I LOVE LONDON,7,8,63.6
1,85135B,BLUE DRAGONFLY HELICOPTER,6,8,63.6
1,22208,WOOD STAMP SET THANK YOU,6,45,63.589999999999996
1,10125,MINI FUNKY DESIGN TAPES,8,125,63.25
1,23040,PAPER LANTERN 9 POINT SNOW STAR ,2,11,63.25
1,23132,SMALL IVORY HEART WALL ORGANISER,5,11,63.25
1,21967,PACK OF 12 SKULL TISSUES,12,218,63.21999999999999
1,22047,EMPIRE GIFT WRAP,6,150,63.0
1,22145,CHRISTMAS CRAFT HEART STOCKING ,1,30,63.0
1,22706,WRAP COWBOYS  ,6,150,63.0
1,22707,WRAP MONSTER FUN ,6,150,63.0
1,22342,HOME GARLAND PAINTED ZINC ,4,52,62.99999999999999
1,21055,TOOL BOX SOFT TOY ,3,7,62.65
1,21894,POTTING SHED SEED ENVELOPES,6,50,62.5
1,23056,FLOWERS CHANDELIER T-LIGHT HOLDER,4,10,62.5
1,23111,PARISIENNE SEWING BOX,2,5,62.5
1,85132A,CHARLIE + LOLA BISCUITS TINS,3,32,62.4
1,21703,BAG 125g SWIRLY MARBLES,14,148,62.160000000000004
1,22536,MAGIC DRAWING SLATE PURDEY,7,147,61.74
1,21719,LOVELY BONBON STICKER SHEET,4,72,61.2
1,21086,SET/6 RED SPOTTY PAPER CUPS,12,94,61.10000000000001
1,21207,SKULL AND CROSSBONES  GARLAND ,4,37,61.04999999999999
1,22242,5 HOOK HANGER MAGIC TOADSTOOL,4,37,61.04999999999999
1,22341,LOVE GARLAND PAINTED ZINC ,4,37,61.04999999999999
1,23191,BUNDLE OF 3 RETRO NOTE BOOKS,4,37,61.04999999999999
1,21245,GREEN POLKADOT PLATE ,6,36,60.839999999999996
1,72122,COFFEE SCENT PILLAR CANDLE,4,64,60.8
1,21830,ASSORTED CREEPY CRAWLIES,5,144,60.480000000000004
1,22539,MINI JIGSAW DOLLY GIRL,6,144,60.480000000000004
1,22540,MINI JIGSAW CIRCUS PARADE ,6,144,60.480000000000004
1,22818,CARD CHRISTMAS VILLAGE,6,144,60.48
1,84832,ZINC WILLIE WINKIE  CANDLE STICK,6,71,60.349999999999994
1,21145,ANTIQUE GLASS PLACE SETTING,2,48,60.0
1,21469,POLKA DOT RAFFIA FOOD COVER,4,16,60.0
1,21472,LADYBIRD + BEE RAFFIA FOOD COVER,9,16,60.0
1,21616,4 PEAR BOTANICAL DINNER CANDLES,1,48,60.0
1,21617,4 LILY  BOTANICAL DINNER CANDLES,6,24,60.0
1,21745,GAOLERS KEYS DECORATIVE GARDEN ,5,16,60.0
1,22406,MONEY BOX KINGS CHOICE DESIGN,9,48,60.0
1,22564,ALPHABET STENCIL CRAFT,10,48,60.0
1,22805,BLUE DRAWER KNOB ACRYLIC EDWARDIAN,4,48,60.0
1,23112,PARISIENNE CURIO CABINET,4,8,60.0
1,23118,PARISIENNE JEWELLERY DRAWER ,4,8,60.0
1,23226,FILIGREE HEART DAISY WHITE,2,48,60.0
1,23227,FILIGREE HEART BUTTERFLY WHITE ,2,48,60.0
1,23228,FILIGREE HEART BIRD WHITE ,2,48,60.0
1,23263,SET OF 3 WOODEN HEART DECORATIONS,4,48,60.0
1,78124,MAGAZINE RACK GEBRA ASSORTED ,2,48,60.0
1,84876B,GREEN HEART COMPACT MIRROR,1,48,60.0
1,85183B,CHARLIE & LOLA WASTEPAPER BIN FLORA,1,48,60.0
1,90143,SILVER BRACELET W PASTEL FLOWER,3,8,60.0
1,23148,MINIATURE ANTIQUE ROSE HOOK IVORY,6,72,59.99999999999999
1,35004C,SET OF 3 COLOURED  FLYING DUCKS,6,11,59.95
1,21761,WOOD AND GLASS MEDICINE CABINET,2,2,59.9
1,85159B,"WHITE TEA,COFFEE,SUGAR JARS",4,35,59.849999999999994
1,21065,BOOM BOX SPEAKER GIRLS,4,29,59.75
1,22200,FRYING PAN PINK POLKADOT,6,14,59.5
1,22215,CAKE STAND WHITE TWO TIER LACE,4,7,59.5
1,23205,CHARLOTTE BAG VINTAGE ALPHABET ,7,70,59.5
1,85035A,GARDENIA 3 WICK MORRIS BOXED CANDLE,8,14,59.5
1,21116,OWL DOORSTOP,5,12,59.400000000000006
1,85146,JARDIN ETCHED GLASS SMALL BELL JAR,1,12,59.400000000000006
1,22287,"DECORATION , WOBBLY CHICKEN, METAL ",3,36,59.39999999999999
1,23300,GARDENERS KNEELING PAD CUP OF TEA ,8,36,59.39999999999999
1,21106,CREAM SLICE FLANNEL CHOCOLATE SPOT ,7,20,59.00000000000001
1,21324,HANGING MEDINA LANTERN SMALL,4,20,59.00000000000001
1,22742,MAKE YOUR OWN PLAYTIME CARD KIT,5,20,59.00000000000001
1,22378,WALL TIDY RETROSPOT ,4,40,59.0
1,23166,MEDIUM CERAMIC TOP STORAGE JAR,5,47,58.75
1,22609,PENS ASSORTED SPACEBALL,5,180,58.67999999999999
1,22582,PACK OF 6 SWEETIE GIFT BOXES,6,23,58.64999999999999
1,22436,12 COLOURED PARTY BALLOONS,7,90,58.5
1,22935,BAKING MOULD ROSE MILK CHOCOLATE,2,18,58.5
1,62086A,PINK RETRO BIG FLOWER BAG,5,30,58.5
1,23239,SET OF 4 KNICK KNACK TINS POPPIES,4,14,58.10000000000001
1,85194S,HANGING SPRING FLOWER EGG SMALL,11,89,57.85
1,21643,ASSORTED TUTTI FRUTTI MIRROR,4,46,57.5
1,47504K,ENGLISH ROSE GARDEN SECATEURS,7,43,57.449999999999996
1,21397,BLUE POLKADOT EGG CUP ,7,134,57.42
1,21984,PACK OF 12 PINK PAISLEY TISSUES ,11,198,57.419999999999995
1,21990,MODERN FLORAL STATIONERY SET,6,35,57.35
1,23013,GLASS APOTHECARY BOTTLE TONIC,2,16,57.2
1,84813,SET OF 4 DIAMOND NAPKIN RINGS,2,10,57.1
1,21318,GLASS CHALICE BLUE SMALL ,7,126,56.7
1,22517,CHILDS GARDEN RAKE PINK,7,27,56.7
1,22893,MINI CAKE STAND T-LIGHT HOLDER,6,135,56.7
1,20762,GREEN FERN SKETCHBOOK ,5,15,56.25
1,21354,TOAST ITS - BEST MUM,5,45,56.25
1,21471,STRAWBERRY RAFFIA FOOD COVER,5,15,56.25
1,22758,LARGE PURPLE BABUSHKA NOTEBOOK  ,10,45,56.25
1,23152,IVORY SWEETHEART WIRE LETTER RACK ,5,15,56.25
1,84279P,CHERRY BLOSSOM  DECORATIVE FLASK,5,15,56.25
1,21329,DINOSAURS  WRITING SET ,6,34,56.099999999999994
1,21640,ASSORTED TUTTI FRUTTI  FOB NOTEBOOK,8,66,56.099999999999994
1,85114B,IVORY ENCHANTED FOREST PLACEMAT,3,34,56.099999999999994
1,22483,RED GINGHAM TEDDY BEAR ,6,19,56.05000000000001
1,15044C,PURPLE PAPER PARASOL,6,19,56.050000000000004
1,21288,STRIPEY CHOCOLATE NESTING BOXES,4,19,56.050000000000004
1,20682,RED RETROSPOT CHILDRENS UMBRELLA,10,17,55.25
1,22199,FRYING PAN RED RETROSPOT,4,13,55.25
1,22261,FELT EGG COSY WHITE RABBIT ,9,65,55.24999999999999
1,16015,MEDIUM CHINESE STYLE SCISSOR,4,110,55.0
1,21358,TOAST ITS - HAPPY BIRTHDAY,7,44,55.0
1,21592,RETROSPOT CIGAR BOX MATCHES ,12,44,55.0
1,21654,RIDGED GLASS FINGER BOWL,5,108,54.84
1,72349B,SET/6 PURPLE BUTTERFLY T-LIGHTS,7,26,54.60000000000001
1,85215,ASSORTED CHEESE FRIDGE MAGNETS,2,84,54.60000000000001
1,21812,GARLAND WITH HEARTS AND BELLS,4,11,54.45
1,22611,VINTAGE UNION JACK SHOPPING BAG,3,11,54.45
1,23321,SMALL WHITE HEART OF WICKER,7,33,54.449999999999996
1,22565,FELTCRAFT HAIRBANDS PINK AND WHITE ,8,64,54.4
1,21916,SET 12 RETRO WHITE CHALK STICKS,13,129,54.18
1,21792,CLASSIC FRENCH STYLE BASKET GREEN ,4,13,54.150000000000006
1,23084,RABBIT NIGHT LIGHT,4,26,54.08
1,23155,KNICKERBOCKERGLORY MAGNET ASSORTED ,9,65,53.94999999999999
1,21039,RED RETROSPOT SHOPPING BAG,4,21,53.55
1,21588,RETROSPOT GIANT TUBE MATCHES,5,21,53.55
1,22640,SET OF 4 NAPKIN CHARMS 3 KEYS ,6,21,53.55
1,85034B,3 WHITE CHOC MORRIS BOXED CANDLES,4,21,53.25
1,22454,MEASURING TAPE BABUSHKA RED,6,18,53.10000000000001
1,21209,MULTICOLOUR HONEYCOMB FAN,6,81,53.01
1,21189,WHITE HONEYCOMB PAPER GARLAND ,5,32,52.8
1,21199,PINK  HEART CONFETTI IN TUBE,5,32,52.8
1,21448,12 DAISY PEGS IN WOOD BOX,6,32,52.8
1,21735,TWO DOOR CURIO CABINET,6,4,52.8
1,84520B,PACK 20 ENGLISH ROSE PAPER NAPKINS,12,62,52.699999999999996
1,84950,ASSORTED COLOUR T-LIGHT HOLDER,6,81,52.650000000000006
1,22434,BALLOON PUMP WITH 10 BALLOONS,5,27,52.65
1,22466,FAIRY TALE COTTAGE NIGHTLIGHT,4,27,52.65
1,85016,SET OF 6 VINTAGE NOTELETS KIT,5,43,52.65
1,23146,TRIPLE HOOK ANTIQUE IVORY ROSE,6,16,52.64
1,23194,GYMKHANNA TREASURE BOOK BOX,3,24,52.64
1,22516,CHILDS GARDEN RAKE BLUE,5,25,52.50000000000001
1,16161U,WRAP SUKI AND FRIENDS,5,125,52.5
1,21820,GLITTER HEART GARLAND WITH BELLS ,3,14,52.5
1,21866,UNION JACK FLAG LUGGAGE TAG,9,42,52.5
1,22203,MILK PAN RED RETROSPOT,4,14,52.5
1,22402,MAGNETS PACK OF 4 VINTAGE COLLAGE,5,42,52.5
1,22982,PANTRY PASTRY BRUSH,6,42,52.5
1,23061,VINTAGE EMBOSSED HEART,4,42,52.5
1,23229,VINTAGE DONKEY TAIL GAME ,4,14,52.5
1,17014A,ORIGAMI VANILLA INCENSE CONES,2,120,52.32
1,21090,SET/6 COLLAGE PAPER PLATES,8,120,52.31999999999999
1,23306,SET OF 36 DOILIES PANTRY DESIGN,3,36,52.199999999999996
1,23107,WHITE HEARTS WIRE PLANT POT HOLDER,4,18,52.02
1,23142,IVORY WIRE KITCHEN ORGANISER,4,5,52.0
1,23110,PARISIENNE KEY CABINET ,11,9,51.75
1,23194,GYMKHANA TREASURE BOOK BOX,6,23,51.75
1,84536A,ENGLISH ROSE NOTEBOOK A7 SIZE,10,123,51.66
1,22511,RETROSPOT BABUSHKA DOORSTOP,6,35,51.25
1,22136,LOVE HEART SOCK HANGER,5,31,51.15
1,22972,CHILDREN'S SPACEBOY MUG,7,31,51.14999999999999
1,21202,DOLLY HONEYCOMB GARLAND,2,60,51.0
1,22187,GREEN CHRISTMAS TREE CARD HOLDER,3,12,51.0
1,22792,FLUTED ANTIQUE CANDLE HOLDER,5,60,51.0
1,84968D,SET OF 16 VINTAGE RED CUTLERY,3,4,51.0
1,22946,WOODEN ADVENT CALENDAR CREAM,2,3,50.849999999999994
1,22037,ROBOT BIRTHDAY CARD,11,121,50.82
1,90199C,5 STRAND GLASS NECKLACE CRYSTAL,2,8,50.8
1,22438,BALLOON ART MAKE YOUR OWN FLOWERS,6,26,50.7
1,21991,BOHEMIAN COLLAGE STATIONERY SET,4,31,50.650000000000006
1,20705,MRS ROBOT SOFT TOY,3,13,50.35
1,22403,MAGNETS PACK OF 4 VINTAGE LABELS ,5,88,50.24
1,22495,SET OF 2 ROUND TINS CAMEMBERT ,6,17,50.150000000000006
1,84032A,CHARLIE+LOLA PINK HOT WATER BOTTLE,4,17,50.150000000000006
1,21773,DECORATIVE ROSE BATHROOM BOTTLE,6,56,50.08
1,22757,LARGE RED BABUSHKA NOTEBOOK ,7,40,50.0
1,23069,EDWARDIAN PHOTO FRAME,2,8,50.0
1,23073,GEORGIAN TRINKET BOX,3,4,50.0
1,23169,CLASSIC GLASS COOKIE JAR,4,12,49.800000000000004
1,90147,CHUNKY SILVER NECKLACE PASTEL FLOWE,2,5,49.75
1,22211,WOOD STAMP SET FLOWERS,5,34,49.54
1,22325,MOBILE VINTAGE HEARTS ,7,10,49.50000000000001
1,22739,RIBBON REEL CHRISTMAS SOCK BAUBLE,9,30,49.5
1,23057,BEADED CHANDELIER T-LIGHT HOLDER,5,10,49.5
1,23066,SMALL JEWELLERY STAND,1,6,49.5
1,22209,WOOD STAMP SET HAPPY BIRTHDAY,3,30,49.49999999999999
1,22260,FELT EGG COSY BLUE RABBIT ,5,58,49.3
1,84459A,PINK METAL CHICKEN HEART ,9,33,49.17
1,84596F,SMALL MARSHMALLOWS PINK BOWL,13,111,49.11
1,21125,SET 6 FOOTBALL CELEBRATION CANDLES,6,39,48.75
1,21619,4 VANILLA BOTANICAL CANDLES,4,21,48.75
1,22258,FELT FARM ANIMAL RABBIT,5,39,48.75
1,35971,ROSE FOLKART HEART DECORATIONS,7,39,48.75
1,84875B,GREEN SQUARE COMPACT MIRROR,3,29,48.75
1,21129,SILVER FISHING GNOME ,2,7,48.650000000000006
1,22638,SET OF 4 NAPKIN CHARMS CROWNS ,6,19,48.449999999999996
1,72819,CUPID DESIGN SCENTED CANDLES,4,19,48.449999999999996
1,85019C,CURIOUS  IMAGES NOTEBOOK SET,4,29,48.25
1,22534,MAGIC DRAWING SLATE SPACEBOY ,8,114,47.88
1,22998,TRAVEL CARD WALLET KEEP CALM,11,114,47.879999999999995
1,85040A,S/4 PINK FLOWER CANDLES IN BOWL,5,29,47.849999999999994
1,15058A,BLUE POLKADOT GARDEN PARASOL,4,6,47.7
1,15058B,PINK POLKADOT GARDEN PARASOL,3,6,47.7
1,21629,SQUARE FLOOR CUSHION VINTAGE RED,1,6,47.7
1,84799,SPRIG LAVENDER ARTIFICIAL FLOWER,3,70,47.66
1,84665,SQUARE CHERRY BLOSSOM CABINET,2,8,47.6
1,22755,SMALL PURPLE BABUSHKA NOTEBOOK ,10,56,47.599999999999994
1,85078,SCANDINAVIAN 3 HEARTS NAPKIN RING,4,192,47.52
1,35471D,SET OF 3 BIRD LIGHT PINK FEATHER ,10,71,47.47
1,21364,PEACE SMALL WOOD LETTERS,5,7,47.25
1,84247E,PACK/12 XMAS FUN CARD,4,16,47.2
1,22266,EASTER DECORATION HANGING BUNNY,7,81,47.13
1,21143,ANTIQUE GLASS HEART DECORATION ,2,24,46.8
1,22696,WICKER WREATH LARGE,5,24,46.8
1,23046,PAPER LANTERN 9 POINT DELUXE STAR,3,7,46.550000000000004
1,85032A,ROMANTIC IMAGES GIFT WRAP SET,4,31,46.25000000000001
1,22510,GINGHAM BABUSHKA DOORSTOP,5,23,46.25
1,85059,FRENCH ENAMEL WATER BASIN,6,23,46.25
1,21378,SMALL TALL CAMPHOR WOOD TOADSTOOL,6,28,46.199999999999996
1,84536B,FAIRY CAKES NOTEBOOK A7 SIZE,11,110,46.199999999999996
1,23047,PAPER LANTERN 5 POINT SEQUIN STAR,3,8,46.0
1,22276,WASH BAG VINTAGE ROSE PAISLEY,3,18,45.9
1,22305,COFFEE MUG PINK PAISLEY DESIGN,2,18,45.9
1,84584,PINK GINGHAM CAT WITH SCARF,2,18,45.9
1,23238,SET OF 4 KNICK KNACK TINS LONDON ,3,11,45.650000000000006
1,84687,BEACH HUT SHELF W 3 DRAWERS,2,9,45.550000000000004
1,21993,FLORAL FOLK STATIONERY SET,5,16,45.50000000000001
1,20681,PINK POLKADOT CHILDRENS UMBRELLA,4,14,45.5
1,20837,FRENCH FLORAL CUSHION COVER ,2,24,45.36000000000001
1,22028,PENNY FARTHING BIRTHDAY CARD,9,108,45.36
1,22716,CARD CIRCUS PARADE,9,108,45.36
1,23310,BUBBLEGUM RING ASSORTED,3,108,45.36
1,22248,DECORATION  PINK CHICK MAGIC GARDEN,9,53,45.05
1,20658,RED RETROSPOT LUGGAGE TAG,9,36,45.0
1,20985,HEART CALCULATOR,5,36,45.0
1,21272,SALLE DE BAIN HOOK,7,36,45.0
1,21689,SILVER VANILLA  FLOWER CANDLE POT,2,12,45.0
1,22774,RED DRAWER KNOB ACRYLIC EDWARDIAN,3,36,45.0
1,23444,Next Day Carriage,3,3,45.0
1,84683,CLASSICAL ROSE CANDLESTAND,2,36,45.0
1,84920,PINK FLOWER FABRIC PONY,3,12,45.0
1,84924A,WAKE UP COCKEREL CALENDAR SIGN ,3,12,45.0
1,90039D,FIRE POLISHED GLASS BRACELET GREEN,1,12,45.0
1,22712,CARD DOLLY GIRL ,10,107,44.94
1,85036B,CHOCOLATE 1 WICK MORRIS BOX CANDLE,3,19,44.75
1,22912,YELLOW COAT RACK PARIS FASHION,4,9,44.550000000000004
1,21710,FOLDING UMBRELLA PINKWHITE POLKADOT,6,9,44.55
1,85025C,PINK HEART SHAPE PHOTO FRAME,5,27,44.55
1,85130A,BEADED PEARL HEART WHITE LARGE,3,27,44.55
1,35004G,SET OF 3 GOLD FLYING DUCKS,3,7,44.449999999999996
1,22809,SET OF 6 T-LIGHTS SANTA,5,15,44.25000000000001
1,72799E,IVORY PILLAR CANDLE SILVER FLOCK,2,15,44.25000000000001
1,22453,MEASURING TAPE BABUSHKA BLUE,3,15,44.25
1,21680,WOODLAND  STICKERS,5,52,44.199999999999996
1,22602,RETROSPOT WOODEN HEART DECORATION,6,52,44.199999999999996
1,22948,METAL DECORATION NAUGHTY CHILDREN ,3,52,44.199999999999996
1,21415,CLAM SHELL SMALL ,6,21,44.1
1,21865,PINK UNION JACK  PASSPORT COVER ,7,21,44.1
1,85186C,BUNNY EGG GARLAND,5,105,44.1
1,21447,12 IVORY ROSE PEG PLACE SETTINGS,6,35,43.75
1,22479,DAISY GARDEN MARKER,5,35,43.75
1,21317,GLASS SPHERE CANDLE STAND MEDIUM,3,8,43.6
1,21976,PACK OF 60 MUSHROOM CAKE CASES,6,79,43.45
1,22952,60 CAKE CASES VINTAGE CHRISTMAS,9,79,43.45
1,22110,BIRD HOUSE HOT WATER BOTTLE,4,17,43.349999999999994
1,22595,CHRISTMAS GINGHAM HEART,5,51,43.349999999999994
1,90035A,"PEARL & SHELL 42""NECKL. GREEN",2,4,43.0
1,21327,SKULLS WRITING SET ,8,26,42.9
1,22064,PINK DOUGHNUT TRINKET POT ,4,26,42.9
1,22081,RIBBON REEL FLORA + FAUNA ,4,26,42.9
1,22332,SKULLS PARTY BAG + STICKER SET,5,26,42.9
1,84352,SILVER CHRISTMAS TREE BAUBLE STAND ,3,3,42.849999999999994
1,21981,PACK OF 12 WOODLAND TISSUES ,8,147,42.629999999999995
1,21983,PACK OF 12 BLUE PAISLEY TISSUES ,8,147,42.629999999999995
1,21068,VINTAGE BILLBOARD LOVE/HATE MUG,6,34,42.5
1,21366,MIRRORED WALL ART PHOTO FRAMES,4,10,42.5
1,22052,VINTAGE CARAVAN GIFT WRAP,4,100,42.0
1,22709,WRAP WEDDING DAY,4,100,42.0
1,22985,"WRAP, BILLBOARD FONTS DESIGN",4,100,42.0
1,20984,12 PENCILS TALL TUBE POSY,9,121,41.809999999999995
1,21128,GOLD FISHING GNOME,1,6,41.7
1,21742,LARGE ROUND WICKER PLATTER ,6,7,41.650000000000006
1,90123C,GREEN HEART OF GLASS BRACELET,2,7,41.650000000000006
1,84843,WHITE SOAP RACK WITH 2 BOTTLES,4,7,41.65
1,85227,SET OF 6 3D KIT CARDS FOR KIDS,7,49,41.65
1,21198,WHITE HEART CONFETTI IN TUBE,3,61,41.61
1,23169,CLASSIC GLASS SWEET JAR,2,10,41.5
1,22361,GLASS JAR DAISY FRESH COTTON WOOL,6,14,41.30000000000001
1,21547,CERAMIC BIRDHOUSE CRESTED TIT SMALL,3,14,41.300000000000004
1,21468,BUTTERFLY CROCHET FOOD COVER,4,11,41.25
1,22070,SMALL RED RETROSPOT MUG IN BOX ,3,11,41.25
1,22071,SMALL WHITE RETROSPOT MUG IN BOX ,3,11,41.25
1,22559,SEASIDE FLYING DISC,4,33,41.25
1,22102,MIRROR MOSAIC T-LIGHT HOLDER ,3,25,41.24999999999999
1,22440,BALLOON WATER BOMB PACK OF 35,12,98,41.160000000000004
1,85116,BLACK CANDELABRA T-LIGHT HOLDER,3,36,40.800000000000004
1,21454,PAINTED PINK RABBIT ,1,48,40.8
1,21684,SMALL MEDINA STAMPED METAL BOWL ,3,48,40.8
1,21789,KIDS RAIN MAC PINK,2,48,40.8
1,22250,DECORATION  BUTTERFLY  MAGIC GARDEN,11,48,40.8
1,22322,BIRD DECORATION GREEN POLKADOT,4,48,40.8
1,22714,CARD BIRTHDAY COWBOY,9,97,40.74
1,22343,PARTY PIZZA DISH RED RETROSPOT,5,84,40.68
1,22416,SET OF 36 DOILIES SPACEBOY DESIGN ,4,28,40.599999999999994
1,21352,EUCALYPTUS & PINECONE  WREATH,2,6,40.5
1,21578,WOODLAND DESIGN  COTTON TOTE BAG,3,18,40.5
1,85035B,CHOCOLATE 3 WICK MORRIS BOX CANDLE,3,18,40.5
1,85019A,ROMANTIC IMAGES NOTEBOOK SET,4,13,40.25
1,85144,JARDIN ETCHED GLASS CHEESE DISH,4,7,40.15
1,22267,EASTER DECORATION EGG BUNNY ,6,32,40.0
1,22482,BLUE TEA TOWEL CLASSIC DESIGN,7,32,40.0
1,84660A,WHITE STITCHED WALL CLOCK,2,24,40.0
1,20785,FUSCHIA RETRO BAR STOOL,1,1,39.95
1,21989,PACK OF 20 SKULL PAPER NAPKINS,7,47,39.95
1,84816,DANISH ROSE BEDSIDE CABINET,2,1,39.95
1,22144,CHRISTMAS CRAFT LITTLE FRIENDS,5,19,39.900000000000006
1,22190,LOCAL CAFE MUG,5,19,39.900000000000006
1,22220,CAKE STAND LOVEBIRD 2 TIER WHITE,3,4,39.8
1,22618,COOKING SET RETROSPOT,5,4,39.8
1,84820,DANISH ROSE TRINKET TRAYS,4,13,39.75
1,22614,PACK OF 12 SPACEBOY TISSUES,8,137,39.73
1,20854,BLUE PATCH PURSE PINK HEART,3,24,39.6
1,21707,FOLDING UMBRELLA BLACKBLUE POLKADOT,2,8,39.6
1,23164,REGENCY CAKE SLICE,1,8,39.6
1,23103,BELL HEART DECORATION,2,24,39.599999999999994
1,23060,HEART BEADED TRELLIS DECORATION,3,19,39.52
1,23092,LARGE ANTIQUE WHITE PHOTO FRAME,3,5,39.5
1,22647,CERAMIC LOVE HEART MONEY BANK,4,27,39.15
1,21062,PARTY INVITES SPACEMAN,5,46,39.099999999999994
1,22133,PINK LOVE HEART SHAPE CUP,6,46,39.099999999999994
1,22909,SET OF 20 VINTAGE CHRISTMAS NAPKINS,11,46,39.099999999999994
1,85212,MINI PAINTED GARDEN DECORATION ,4,108,39.0
1,20669,RED HEART LUGGAGE TAG,5,31,38.75
1,22259,FELT FARM ANIMAL HEN,4,31,38.75
1,22059,CERAMIC STRAWBERRY DESIGN MUG,6,26,38.739999999999995
1,15034,PAPER POCKET TRAVELING FAN ,12,276,38.64
1,22996,TRAVEL CARD WALLET VINTAGE TICKET,9,92,38.64
1,21395,BLUE POLKADOT BEAKER ,4,99,38.61
1,85054,FRENCH ENAMEL POT W LID,4,20,38.6
1,21084,SET/6 COLLAGE PAPER CUPS,6,174,38.580000000000005
1,84796A,PINK HAWAIIAN PICNIC HAMPER FOR 2,2,3,38.25
1,90148,LONG SILVER NECKLACE PASTEL FLOWER,2,3,38.25
1,90185C,BLACK DIAMANTE EXPANDABLE RING,3,9,38.25
1,22421,LIPSTICK PEN FUSCHIA,7,91,38.22
1,71038,WHITE HANGING BEADS CANDLE HOLDER,3,7,38.150000000000006
1,20903,VINTAGE KEEPSAKE BOX TRAVELOGUE,3,6,38.099999999999994
1,72800E,4 IVORY DINNER CANDLES SILVER FLOCK,3,17,37.95
1,21705,BAG 500g SWIRLY MARBLES,6,23,37.949999999999996
1,22331,WOODLAND PARTY BAG + STICKER SET,4,23,37.949999999999996
1,22664,TOY TIDY DOLLY GIRL DESIGN,6,18,37.8
1,84596L,BISCUITS SMALL BOWL LIGHT BLUE,5,88,37.79
1,21163,DO NOT TOUCH MY STUFF DOOR HANGER ,4,26,37.699999999999996
1,21171,BATHROOM METAL SIGN ,5,26,37.699999999999996
1,72232,FENG SHUI PILLAR CANDLE,8,198,37.620000000000005
1,20932,PINK POT PLANT CANDLE,4,10,37.5
1,21618,4 WILDFLOWER BOTANICAL CANDLES,4,10,37.5
1,23043,PAPER LANTERN 9 POINT HOLLY STAR L,2,6,37.5
1,84509B,SET OF 4 FAIRY CAKE PLACEMATS,2,10,37.5
1,84509G,SET OF 4 FAIRY CAKE PLACEMATS ,3,26,37.5
1,85049E,SCANDINAVIAN REDS RIBBONS,15,30,37.5
1,85169A,IVORY LOVE BIRD CANDLE,3,30,37.5
1,22754,SMALL RED BABUSHKA NOTEBOOK ,9,44,37.4
1,23044,PAPER LANTERN 9 POINT HOLLY STAR S,2,9,37.35
1,23131,MISTLETOE HEART WREATH CREAM,3,9,37.35
1,22837,HOT WATER BOTTLE BABUSHKA LARGE,1,8,37.2
1,23119,PACK OF 6 LARGE FRUIT STRAWS ,3,60,37.199999999999996
1,20704,MR ROBOT SOFT TOY,3,11,36.45
1,22481,BLACK TEA TOWEL CLASSIC DESIGN,4,45,36.33
1,85214,TUB 24 PINK FLOWER PEGS,7,22,36.3
1,22400,MAGNETS PACK OF 4 HOME SWEET HOME,4,29,36.25
1,85049G,CHOCOLATE BOX RIBBONS ,14,29,36.25
1,22995,TRAVEL CARD WALLET SUKI,6,86,36.120000000000005
1,84596G,SMALL CHOCOLATES PINK BOWL,6,68,36.03
1,82616B,FRAPPUCINO SCARF KNITTING KIT,3,26,35.9
1,21630,FLOOR CUSHION ELEPHANT CARNIVAL,2,4,35.8
1,20686,DOLLY MIXTURE CHILDREN'S UMBRELLA,5,11,35.75
1,22936,BAKING MOULD ROSE WHITE CHOCOLATE,3,11,35.75
1,21061,PARTY INVITES FOOTBALL,6,42,35.7
1,18097C,WHITE TALL PORCELAIN T-LIGHT HOLDER,4,14,35.699999999999996
1,21063,PARTY INVITES JAZZ HEARTS,5,42,35.699999999999996
1,21249,WOODLAND  HEIGHT CHART STICKERS ,2,12,35.400000000000006
1,21365,MIRRORED WALL ART STARS,1,12,35.400000000000006
1,22359,GLASS JAR KINGS CHOICE,4,12,35.400000000000006
1,47351B,BLUE  VOILE LAMPSHADE,2,12,35.400000000000006
1,85071B,RED CHARLIE+LOLA PERSONAL DOORSIGN,4,12,35.400000000000006
1,23000,TRAVEL CARD WALLET TRANSPORT,9,84,35.28
1,22217,T-LIGHT HOLDER HANGING LACE,4,28,35.0
1,22269,EGG CUP NATURAL CHICKEN,5,28,35.0
1,22279,POCKET BAG BLUE PAISLEY RED SPOT,3,28,35.0
1,22480,RED TEA TOWEL CLASSIC DESIGN,8,28,35.0
1,85178,VICTORIAN SEWING KIT,5,28,35.0
1,82613D,METAL SIGN CUPCAKE SINGLE HOOK,6,81,34.85
1,22264,FELT FARM ANIMAL WHITE BUNNY ,3,41,34.849999999999994
1,22577,WOODEN HEART CHRISTMAS SCANDINAVIAN,8,41,34.849999999999994
1,21656,RIDGED GLASS POSY VASE ,4,24,34.8
1,84806A,PINK CANDYSTUFT ARTIFICIAL FLOWER,2,24,34.8
1,90160D,PINK BOUDICCA LARGE BRACELET,3,5,34.75
1,22334,DINOSAUR PARTY BAG + STICKER SET,4,21,34.65
1,20802,SMALL GLASS SUNDAE DISH CLEAR,4,21,34.64999999999999
1,16259,PIECE OF CAMO STATIONERY SET,3,432,34.56
1,23040,PAPER LANTERN 9 POINT SNOW STAR,2,6,34.5
1,84827,ASS DES PHONE SPONGE CRAFT STICKER,2,180,34.2
1,46000M,POLYESTER FILLER PAD 45x45cm,5,22,34.1
1,85186A,EASTER BUNNY GARLAND OF FLOWERS,5,81,34.02
1,21269,ANTIQUE CREAM CUTLERY SHELF ,3,4,34.0
1,21988,PACK OF 6 SKULL PAPER PLATES,5,40,34.0
1,22375,AIRLINE BAG VINTAGE JET SET BROWN,6,8,34.0
1,22586,FELTCRAFT HAIRBAND PINK AND BLUE,6,40,34.0
1,21275,ZINC TOP  2 DOOR WOODEN SHELF ,2,2,33.9
1,22947,WOODEN ADVENT CALENDAR RED,1,2,33.9
1,46775D,SUNSET COLOUR CHUNKY KNITTED THROW,1,2,33.9
1,21067,VINTAGE RED TEATIME MUG,5,27,33.75
1,21351,CINAMMON & ORANGE WREATH,2,5,33.75
1,21470,FLOWER VINE RAFFIA FOOD COVER,5,9,33.75
1,21644,ASSORTED TUTTI FRUTTI HEART BOX,5,27,33.75
1,22315,200 RED + WHITE BENDY STRAWS,10,27,33.75
1,22785,SQUARECUSHION COVER PINK UNION FLAG,4,5,33.75
1,23183,MOTHER'S KITCHEN SPOON REST ,2,9,33.75
1,84581,DOG TOY WITH PINK CROCHET SKIRT,5,9,33.75
1,84744,S/6 SEW ON CROCHET FLOWERS,5,27,33.75
1,85049A,TRADITIONAL CHRISTMAS RIBBONS,10,27,33.75
1,85049D,BRIGHT BLUES RIBBONS ,10,27,33.75
1,79160,HEART SHAPE WIRELESS DOORBELL,3,16,33.60000000000001
1,84760S,SMALL HANGING GLASS+ZINC LANTERN,4,23,33.349999999999994
1,23041,PAPER LANTERN 6 POINT SNOW STAR,2,8,33.2
1,17107D,"FLOWER FAIRY,5 SUMMER B'DRAW LINERS",6,13,33.15
1,23066,SMALL DECO JEWELLERY STAND,2,4,33.0
1,23134,LARGE ZINC HEART WALL ORGANISER,2,4,33.0
1,22396,MAGNETS PACK OF 4 RETRO PHOTO,4,74,32.74
1,20934,SET/3 POT PLANT CANDLES,3,6,32.7
1,84031A,CHARLIE+LOLA RED HOT WATER BOTTLE ,3,7,32.550000000000004
1,16235,RECYCLED PENCIL WITH RABBIT ERASER,4,155,32.55
1,85019B,BLOSSOM  IMAGES NOTEBOOK SET,3,26,32.5
1,21382,SET/4 SPRING FLOWER DECORATION,4,11,32.45
1,22452,MEASURING TAPE BABUSHKA PINK,3,11,32.45
1,90201B,BLACK ENAMEL FLOWER RING,3,11,32.45
1,85199S,SMALL HANGING IVORY/RED WOOD BIRD,10,77,32.34
1,21014,SWISS CHALET TREE DECORATION ,3,38,32.3
1,47574A,ENGLISH ROSE SCENTED HANGING FLOWER,5,15,32.25
1,84821,DANISH ROSE DELUXE COASTER,6,110,32.06
1,22529,MAGIC DRAWING SLATE GO TO THE FAIR ,5,76,31.92
1,22695,WICKER WREATH SMALL,3,22,31.9
1,22687,DOORMAT CHRISTMAS VILLAGE,1,4,31.8
1,22688,DOORMAT PEACE ON EARTH BLUE,2,4,31.8
1,85135C,RED DRAGONFLY HELICOPTER,4,4,31.8
1,90082A,DIAMANTE BOW BROOCH GREEN COLOUR,1,5,31.75
1,90082B,DIAMANTE BOW BROOCH RED COLOUR,1,5,31.75
1,35924,HANGING FAIRY CAKE DECORATION,5,15,31.500000000000004
1,21786,POLKADOT RAIN HAT ,4,75,31.5
1,22051,BLUE SCANDINAVIAN PAISLEY WRAP,3,75,31.5
1,22705,WRAP GREEN PEARS ,3,75,31.5
1,22210,WOOD STAMP SET BEST WISHES,3,20,31.359999999999996
1,21200,MULTICOLOUR HONEYCOMB PAPER GARLAND,3,19,31.349999999999994
1,35915B,BLUE KNITTED HEN ,4,19,31.349999999999994
1,21648,ASSORTED TUTTI FRUTTI SMALL PURSE,2,25,31.25
1,23055,IVORY CHANDELIER T-LIGHT HOLDER,3,5,31.25
1,23168,CLASSIC CAFE SUGAR DISPENSER,3,25,31.25
1,35972,DAISY FOLKART HEART DECORATION,2,25,31.25
1,84741C,CITRUS GARLAND FELT FLOWERS ,4,16,31.2
1,35911A,MULTICOLOUR RABBIT EGG WARMER,4,29,30.9
1,84596E,SMALL LICORICE DES PINK BOWL,8,36,30.89
1,21394,RED POLKADOT BEAKER ,3,55,30.81
1,20770,ABSTRACT CIRCLE JOURNAL ,4,12,30.599999999999998
1,21556,CERAMIC STRAWBERRY MONEY BOX,2,12,30.599999999999998
1,22214,CANDLE PLATE LACE WHITE,3,12,30.599999999999998
1,22945,CHRISTMAS METAL TAGS ASSORTED ,4,36,30.599999999999998
1,84678,CLASSICAL ROSE SMALL VASE,2,12,30.599999999999998
1,85071C,"CHARLIE+LOLA""EXTREMELY BUSY"" SIGN",2,12,30.599999999999998
1,85198,ASSORTED FARMYARD ANIMALS IN BUCKET,3,36,30.599999999999998
1,21883,STARS GIFT TAPE ,7,98,30.580000000000002
1,21650,ASSORTED TUTTI FRUTTI BRACELET,4,81,30.570000000000004
1,22344,PARTY PIZZA DISH PINK POLKADOT,3,54,30.54
1,84800M,MEDIUM WHITE/PINK ROSE ART FLOWER,1,24,30.48
1,21507,"ELEPHANT, BIRTHDAY CARD, ",6,72,30.240000000000002
1,21519,GIN & TONIC DIET GREETING CARD ,8,72,30.240000000000002
1,22538,MINI JIGSAW GO TO THE FAIR,3,72,30.240000000000002
1,22817,CARD SUKI BIRTHDAY,6,72,30.240000000000002
1,21508,VINTAGE KID DOLLY CARD ,5,72,30.24
1,22815,CARD PSYCHEDELIC APPLES,5,72,30.24
1,20766,GARDEN PATH SKETCHBOOK,3,8,30.0
1,20847,ZINC HEART LATTICE CHARGER LARGE,2,8,30.0
1,20956,PORCELAIN T-LIGHT HOLDERS ASSORTED,2,24,30.0
1,21098,CHRISTMAS TOILET ROLL,5,24,30.0
1,21287,SCENTED VELVET LOUNGE CANDLE ,2,24,30.0
1,21356,TOAST ITS - FAIRY FLOWER,2,24,30.0
1,21439,BASKET OF TOADSTOOLS,2,24,30.0
1,21466,RED FLOWER CROCHET FOOD COVER,3,8,30.0
1,21747,SMALL SKULL WINDMILL,2,24,30.0
1,21927,BLUE/CREAM STRIPE CUSHION COVER ,5,24,30.0
1,22108,PING! MICROWAVE PLATE,2,8,30.0
1,22257,FELT FARM ANIMAL SHEEP,3,24,30.0
1,22299,PIG KEYRING WITH LIGHT & SOUND ,1,24,30.0
1,22775,PURPLE DRAWERKNOB ACRYLIC EDWARDIAN,2,24,30.0
1,22953,BIRTHDAY BANNER TAPE,1,24,30.0
1,23088,ZINC HEART FLOWER T-LIGHT HOLDER,2,24,30.0
1,23168,CLASSIC SUGAR DISPENSER,2,24,30.0
1,23210,WHITE ROCKING HORSE HAND PAINTED,1,24,30.0
1,23250,VINTAGE RED TRIM ENAMEL BOWL ,2,24,30.0
1,35610B,BLACK CHRISTMAS FLOCK DROPLET ,1,24,30.0
1,35610C,WHITE CHRISTMAS FLOCK DROPLET ,1,24,30.0
1,35646,VINTAGE BEAD PINK EVENING BAG,1,24,30.0
1,35953,FOLKART STAR CHRISTMAS DECORATIONS,3,24,30.0
1,47585A,PINK FAIRY CAKE CUSHION COVER,2,8,30.0
1,79067,CORONA MEXICAN TRAY,2,8,30.0
1,82616C,MIDNIGHT GLAMOUR SCARF KNITTING KIT,1,24,30.0
1,85093,CANDY SPOT EGG WARMER HARE,2,24,30.0
1,85129D,BEADED CRYSTAL HEART PINK SMALL,2,24,30.0
1,84616,SILVER ROCCOCO CHANDELIER,1,1,29.95
1,21628,TRIANGULAR POUFFE VINTAGE ,1,2,29.9
1,23068,ALUMINIUM HEART,3,12,29.880000000000003
1,37475,SET/4 COLOURFUL MIXING BOWLS,3,3,29.849999999999998
1,90136,PALE PINK/AMETHYST STONE NECKLACE,2,3,29.849999999999998
1,20702,PINK PADDED MOBILE,3,7,29.75
1,21064,BOOM BOX SPEAKER BOYS,3,5,29.75
1,22121,NOEL WOODEN BLOCK LETTERS ,3,5,29.75
1,22281,EASTER TREE YELLOW BIRDS,3,5,29.75
1,84917,WHITE HAND TOWEL WITH BUTTERFLY,2,5,29.75
1,90123A,PINK HEART OF GLASS BRACELET,2,5,29.75
1,90185A,AMBER DIAMANTE EXPANDABLE RING,2,7,29.75
1,90185B,AMETHYST DIAMANTE EXPANDABLE RING,2,7,29.75
1,21441,BLUE BIRDHOUSE DECORATION,5,35,29.749999999999996
1,22268,EASTER DECORATION SITTING BUNNY,5,35,29.749999999999996
1,21711,FOLDING UMBRELLA WHITE/RED POLKADOT,3,6,29.700000000000003
1,22278,OVERNIGHT BAG VINTAGE ROSE PAISLEY,4,6,29.700000000000003
1,23298,"BUNTING , SPOTTY ",1,6,29.700000000000003
1,46776B,WOVEN BERRIES CUSHION COVER ,2,6,29.700000000000003
1,90073,VINTAGE ENAMEL & CRYSTAL EARRINGS,1,6,29.700000000000003
1,90135,ORANGE/WHT/FUSCHIA STONES NECKLACE,1,6,29.700000000000003
1,22738,RIBBON REEL SNOWY VILLAGE,5,18,29.7
1,21651,HANGING GLASS ETCHED TEALIGHT,2,18,29.699999999999996
1,22174,PHOTO CUBE,4,18,29.699999999999996
1,23188,VINTAGE  2 METER FOLDING RULER,2,18,29.699999999999996
1,85039B,S/4 IVORY MINI ROSE CANDLE IN BOWL,5,18,29.699999999999996
1,20998,ROSE DU SUD OVEN GLOVE,3,10,29.500000000000004
1,21557,SET OF 6 FUNKY BEAKERS,3,10,29.500000000000004
1,21744,SNOWFLAKE PORTABLE TABLE LIGHT ,3,10,29.500000000000004
1,20798,CLEAR MILKSHAKE GLASS,2,14,29.400000000000002
1,85020,ROUND PINK HEART MIRROR,3,14,29.400000000000002
1,35810B,ENAMEL BLUE RIM COFFEE CONTAINER,4,17,29.35
1,84951B,SET OF 4 BLACK LOVEBIRD COASTERS,2,36,29.16
1,23048,SET OF 10 LANTERNS FAIRY LIGHT STAR,3,7,29.050000000000004
1,23130,MISTLETOE HEART WREATH GREEN,2,7,29.050000000000004
1,23002,TRAVEL CARD WALLET SKULLS,7,69,28.98
1,85180B,PINK HEARTS LIGHT CHAIN ,2,15,28.950000000000003
1,21224,SET/4 SKULL BADGES,3,23,28.75
1,21811,CHRISTMAS HANGING HEART WITH BELL,6,23,28.75
1,22944,CHRISTMAS METAL POSTCARD WITH BELLS,3,23,28.75
1,84313B,BLUE TV TRAY TABLE ,3,10,28.7
1,21215,IVORY PAPER CUP CAKE CASES ,3,52,28.6
1,85028S,FRENCH CHATEAU SMALL FRUITBOWL,2,12,28.2
1,79051A,SMOKEY GREY COLOUR D.O.F. GLASS,3,57,28.05
1,20767,BLUE PAISLEY JOURNAL ,4,11,28.049999999999997
1,20772,GARDEN PATH JOURNAL,4,11,28.049999999999997
1,20794,BLUE  TILE HOOK,2,11,28.049999999999997
1,21205,MULTICOLOUR 3D BALLS GARLAND,4,11,28.049999999999997
1,23192,BUNDLE OF 3 ALPHABET EXERCISE BOOKS,5,17,28.049999999999997
1,23302,KNEELING MAT HOUSEWORK  DESIGN,5,17,28.049999999999997
1,21987,PACK OF 6 SKULL PAPER CUPS,5,43,27.950000000000003
1,21657,MILK BOTTLE WITH GLASS STOPPER ,3,4,27.8
1,35265,COLOURFUL FLOWER FRUIT BOWL,1,4,27.8
1,84356,POMPOM CURTAIN,3,4,27.8
1,21530,DAIRY MAID TOASTRACK,3,13,27.55
1,22091,EMPIRE TISSUE BOX,7,22,27.5
1,21386,IVORY HANGING DECORATION  EGG,4,40,27.4
1,90058A,CRYSTAL STUD EARRINGS CLEAR DISPLAY,2,72,27.36
1,90058B,CRYSTAL STUD EARRINGS ASSORTED COL ,2,72,27.36
1,20752,BLUE POLKADOT WASHING UP GLOVES,6,13,27.300000000000004
1,21750,LARGE SKULL WINDMILL,2,13,27.300000000000004
1,21291,SMALL POLKADOT CHOCOLATE GIFT BAG ,2,32,27.2
1,21292,SMALL STRIPES CHOCOLATE GIFT BAG ,2,32,27.2
1,22651,GENTLEMAN SHIRT REPAIR KIT ,4,32,27.2
1,11001,ASSTD DESIGN RACING CAR PEN,1,16,27.04
1,22830,UTILTY CABINET WITH HOOKS,1,1,26.95
1,90184C,BLACK CHUNKY BEAD BRACELET W STRAP,2,3,26.849999999999998
1,84519B,CARROT CHARLIE+LOLA COASTER SET,3,16,26.8
1,23042,PAPER LANTERN 7 POINT SNOW STAR,2,4,26.6
1,22312,OFFICE MUG WARMER POLKADOT,4,9,26.550000000000004
1,84804A,CREAM DELPHINIUM ARTIFICIAL FLOWER,1,9,26.55
1,75172,PAINTED SEA SHELL METAL WINDCHIME,3,26,26.46
1,23308,SET OF 60 VINTAGE LEAF CAKE CASES ,2,48,26.400000000000002
1,84929,ASSTD FRUIT+FLOWERS FRIDGE MAGNETS,2,48,26.400000000000002
1,20856,DENIM PATCH PURSE PINK BUTTERFLY,4,16,26.4
1,21787,RAIN PONCHO RETROSPOT,3,31,26.349999999999998
1,21828,EIGHT PIECE SNAKE  SET,5,21,26.25
1,21867,PINK UNION JACK  LUGGAGE TAG,8,21,26.25
1,21874,GIN AND TONIC MUG,4,21,26.25
1,22094,RED RETROSPOT TISSUE BOX,7,21,26.25
1,22410,MONEY BOX HOUSEKEEPING DESIGN,5,21,26.25
1,22513,DOORSTOP FOOTBALL DESIGN,3,7,26.25
1,22592,CARDHOLDER HOLLY WREATH METAL,2,7,26.25
1,84192,ASSORTED COLOUR METAL CAT ,3,21,26.25
1,22096,PINK PAISLEY SQUARE TISSUE BOX ,7,23,26.17
1,84806B,WHITE CANDYSTUFT ARTIFICIAL FLOWER,2,18,26.099999999999998
1,20684,STRAWBERRY DREAM CHILDS UMBRELLA,3,8,26.0
1,23145,ZINC T-LIGHT HOLDER STAR LARGE,4,27,25.65
1,21331,MOROCCAN BEATEN METAL DISH LARGE,1,2,25.5
1,21464,DISCO BALL ROTATOR BATTERY OPERATED,4,6,25.5
1,21676,FLOWERS  STICKERS,3,30,25.5
1,21721,CANDY SHOP  STICKER SHEET,4,30,25.5
1,22130,PARTY CONE CHRISTMAS DECORATION ,3,30,25.5
1,22574,HEART WOODEN CHRISTMAS DECORATION,3,30,25.5
1,22942,CHRISTMAS LIGHTS 10 SANTAS ,3,3,25.5
1,35001G,HAND OPEN SHAPE GOLD,1,6,25.5
1,79066K,RETRO MOD TRAY,3,30,25.5
1,84796B,BLUE SAVANNAH PICNIC HAMPER FOR 2,2,2,25.5
1,84968E,SET OF 16 VINTAGE BLACK CUTLERY,2,2,25.5
1,90016B,GOLD/M.O.P PENDANT ORBIT NECKLACE,2,3,25.5
1,90185D,CRYSTAL DIAMANTE EXPANDABLE RING,1,6,25.5
1,20902,VINTAGE KEEPSAKE BOX PARIS DAYS,2,4,25.4
1,90082D,DIAMANTE BOW BROOCH BLACK COLOUR,1,4,25.4
1,21459,YELLOW EASTER EGG HUNT START POST,3,13,25.349999999999998
1,17007B,S/3 POT POURI CUSHIONS BLUE COLOURS,1,12,25.200000000000003
1,20615,BLUE POLKADOT PASSPORT COVER,1,12,25.200000000000003
1,21195,PINK  HONEYCOMB PAPER BALL ,1,12,25.200000000000003
1,21417,COCKLE SHELL DISH,4,12,25.200000000000003
1,22632,HAND WARMER RED POLKA DOT,1,12,25.200000000000003
1,16169M,WRAP DAISY CARPET ,2,60,25.2
1,21509,COWBOYS AND INDIANS BIRTHDAY CARD ,5,60,25.2
1,22023,EMPIRE BIRTHDAY CARD,5,60,25.2
1,17021,NAMASTE SWAGAT INCENSE,4,84,25.199999999999996
1,21446,12 RED ROSE PEG PLACE SETTINGS,4,20,25.0
1,22053,EMPIRE DESIGN ROSETTE,2,20,25.0
1,23043,PAPER LANTERN 9 POINT HOLLY STAR 40,2,4,25.0
1,23071,MARIE ANTOINETTE TRINKET BOX GOLD,1,2,25.0
1,23072,MARIE ANTOINETTE TRINKET BOX SILVER,1,2,25.0
1,84660B,BLACK STITCHED WALL CLOCK,1,20,25.0
1,84660C,PINK STITCHED WALL CLOCK,1,20,25.0
1,85200,BUNNY EGG BOX,3,20,25.0
1,23075,DOUBLE CERAMIC PARLOUR HOOK,1,6,24.900000000000002
1,23237,SET OF 4 KNICK KNACK TINS LEAVES ,1,6,24.900000000000002
1,21708,FOLDING UMBRELLA CREAM POLKADOT,2,5,24.75
1,21709,FOLDING UMBRELLA CHOCOLATE POLKADOT,2,5,24.75
1,21849,SILVER DIAMANTE PEN IN GIFT BOX,1,5,24.75
1,22475,SKULL DESIGN TV DINNER TRAY,3,5,24.75
1,22736,RIBBON REEL MAKING SNOWMEN ,3,15,24.75
1,22737,RIBBON REEL CHRISTMAS PRESENT ,5,15,24.75
1,23181,BULL DOG BOTTLE TOP WALL CLOCK,3,3,24.75
1,21910,WAY OUT METAL SIGN ,3,15,24.749999999999996
1,22285,"DECORATION HEN ON NEST, HANGING",2,15,24.749999999999996
1,21058,PARTY INVITES WOODLAND,4,29,24.65
1,21161,KEEP OUT BOYS DOOR HANGER ,4,17,24.65
1,84313C,ORANGE TV TRAY TABLE ,3,9,24.45
1,85213,MINI  ZINC GARDEN DECORATIONS ,4,60,24.119999999999997
1,22161,HEART DECORATION RUSTIC HANGING ,8,107,24.01
1,22997,TRAVEL CARD WALLET UNION JACK,4,57,23.94
1,90178A,AMBER CHUNKY GLASS+BEAD NECKLACE,2,2,23.9
1,21873,IF YOU CAN'T STAND THE HEAT MUG,3,43,23.869999999999997
1,90036A,FLOWER GARLAND NECKLACE RED,1,3,23.85
1,90036B,"FLOWER GLASS GARLAND NECKL.36""GREEN",1,3,23.85
1,90036D,"FLOWER GLASS GARLAND NECKL.36""BLACK",1,3,23.85
1,21001,ROSE DU SUD WASHBAG ,2,4,23.8
1,21455,PAINTED YELLOW WOODEN DAISY,5,28,23.8
1,21662,VINTAGE GLASS COFFEE CADDY,2,4,23.8
1,35637A,IVORY STRING CURTAIN WITH POLE ,1,4,23.8
1,84637,KITCHEN FLOWER POTS WALL PLAQUE,2,4,23.8
1,22245,"HOOK, 1 HANGER ,MAGIC GARDEN",7,28,23.799999999999997
1,85188A,GREEN METAL SWINGING BUNNY,2,28,23.799999999999997
1,21071,VINTAGE BILLBOARD DRINK ME MUG,6,19,23.75
1,21809,CHRISTMAS HANGING TREE WITH BELL,3,19,23.75
1,22062,CERAMIC BOWL WITH LOVE HEART DESIGN,5,62,23.7
1,22063,CERAMIC BOWL WITH STRAWBERRY DESIGN,2,8,23.6
1,21880,RED RETROSPOT TAPE,7,53,23.410000000000004
1,84576,BLUE CAT BISCUIT BARREL PINK HEART,1,12,23.4
1,84766,SILVER ROCOCO CANDLE STICK,1,12,23.4
1,84031B,CHARLIE LOLA BLUE HOT WATER BOTTLE ,3,5,23.25
1,23106,ZINC HEARTS PLANT POT HOLDER,1,8,23.12
1,23107,WHITE WIRE PLANT POT HOLDER,1,8,23.12
1,84548,CROCHET BEAR RED/BLUE  KEYRING,2,14,23.1
1,21911,GARDEN METAL SIGN ,2,14,23.099999999999998
1,79164,BLACK WINE GLASS,2,14,23.099999999999998
1,85211,S/4 GROOVY CAT MAGNETS,2,14,23.099999999999998
1,21208,PASTEL COLOUR HONEYCOMB FAN,4,59,23.01
1,23135,SMALL ZINC HEART WALL ORGANISER,1,4,23.0
1,84907,PINK YELLOW PATCH CUSHION COVER,2,3,22.950000000000003
1,21059,PARTY INVITES DINOSAURS,6,27,22.95
1,22041,"RECORD FRAME 7"" SINGLE SIZE ",2,9,22.95
1,22458,CAST IRON HOOK GARDEN FORK,2,9,22.95
1,22459,CAST IRON HOOK GARDEN TROWEL,2,9,22.95
1,85124C,GREEN JUICY FRUIT PHOTO FRAME,6,9,22.95
1,22336,DOVE DECORATION PAINTED ZINC ,3,35,22.75
1,20941,FROG CANDLE,4,18,22.5
1,21066,VINTAGE RED MUG,2,18,22.5
1,21374,MIRRORED WALL ART SKULLS,2,14,22.5
1,21379,CAMPHOR WOOD PORTOBELLO MUSHROOM,4,18,22.5
1,21581,SKULLS  DESIGN  COTTON TOTE BAG,4,10,22.5
1,23153,ZINC SWEETHEART WIRE LETTER RACK,2,6,22.5
1,84789,ENCHANTED BIRD PLANT CAGE,2,6,22.5
1,84912A,PINK ROSE WASHBAG,4,6,22.5
1,85032D,YULETIDE IMAGES GIFT WRAP SET,3,19,22.5
1,90039A,FIRE POLISHED GLASS BRACELET RED,1,6,22.5
1,90039B,FIRE POLISHED GLASS BRACELET MONTAN,1,6,22.5
1,22573,STAR WOODEN CHRISTMAS DECORATION,5,26,22.099999999999998
1,22587,FELTCRAFT HAIRBAND RED AND BLUE,3,26,22.099999999999998
1,17091J,VANILLA INCENSE IN TIN,6,19,22.01
1,84849A,HELLO SAILOR BLUE SOAP HOLDER,2,13,21.970000000000002
1,20781,GOLD EAR MUFF HEADPHONES,3,4,21.96
1,21277,FRENCH STYLE EMBOSSED HEART CABINET,3,1,21.95
1,84629,WHITE 3 FRAME BIRDS AND TREE ,1,1,21.95
1,21376,LARGE  TALL CAMPHOR WOOD TOADSTOOL ,2,4,21.8
1,22981,PANTRY APPLE CORER,3,15,21.75
1,22877,NUMBER TILE COTTAGE GARDEN 9,3,11,21.45
1,23089,GLASS BON BON JAR,2,13,21.449999999999996
1,35915C,PEACH KNITTED HEN ,3,13,21.449999999999996
1,85039A,SET/4 RED MINI ROSE CANDLE IN BOWL,2,13,21.449999999999996
1,22533,MAGIC DRAWING SLATE BAKE A CAKE ,7,51,21.42
1,22229,BUNNY WOODEN PAINTED WITH FLOWER ,3,25,21.25
1,85034A,3 GARDENIA MORRIS BOXED CANDLES,2,5,21.25
1,85036C,ROSE 1 WICK MORRIS BOXED CANDLE,5,5,21.25
1,16011,ANIMAL STICKERS,4,101,21.21
1,79030G,TUMBLER NEW ENGLAND,2,54,21.06
1,72130,COLUMBIAN CANDLE ROUND,3,39,21.03
1,17084J,LOVE POTION MASALA INCENSE,3,100,21.0
1,21503,TOYBOX  WRAP ,2,50,21.0
1,21905,MORE BUTTER METAL SIGN ,8,10,21.0
1,22048,BIRTHDAY BANQUET GIFT WRAP,2,50,21.0
1,22050,PINK PAISLEY ROSE GIFT WRAP,2,50,21.0
1,17001,HEAVENS SCENT FRAGRANCE OILS ASSTD,1,72,20.88
1,85230E,STRAWBRY SCENTED VOTIVE CANDLE,2,72,20.879999999999995
1,84919,BLUE CUSHION COVER WITH FLOWER,2,3,20.85
1,90050,CRACKED GLAZE NECKLACE IVORY,1,3,20.85
1,90051,CRACKED GLAZE NECKLACE RED,1,3,20.85
1,90160A,PURPLE BOUDICCA LARGE BRACELET,2,3,20.85
1,21879,HEARTS GIFT TAPE,4,49,20.810000000000002
1,23143,ZINC WIRE KITCHEN ORGANISER,1,2,20.8
1,85199L,LARGE HANGING IVORY & RED WOOD BIRD,4,32,20.8
1,17084P,DRAGONS BLOOD INCENSE,3,99,20.79
1,85017B,ENVELOPE 50 BLOSSOM IMAGES,4,37,20.7
1,21739,COSY SLIPPER SHOES SMALL GREEN,2,7,20.650000000000002
1,22700,BLACK AND WHITE DOG BOWL,4,7,20.650000000000002
1,90177C,DROP DIAMANTE EARRINGS CRYSTAL,2,7,20.650000000000002
1,21642,ASSORTED TUTTI FRUTTI PEN,6,24,20.4
1,21675,BUTTERFLIES STICKERS,3,24,20.4
1,21717,EASTER TIN BUCKET,3,8,20.4
1,21788,KIDS RAIN MAC BLUE,1,24,20.4
1,22197,POPCORN HOLDER,1,24,20.4
1,22321,BIRD DECORATION RED RETROSPOT,2,24,20.4
1,22394,PAPERWEIGHT KINGS CHOICE ,2,24,20.4
1,22578,WOODEN STAR CHRISTMAS SCANDINAVIAN,3,24,20.4
1,51014A,"FEATHER PEN,HOT PINK",2,24,20.4
1,21158,MOODY GIRL DOOR HANGER ,3,14,20.299999999999997
1,21248,DOOR HANGER  MUM + DADS ROOM,3,14,20.299999999999997
1,21972,SET OF 36 DINOSAUR PAPER DOILIES,2,14,20.299999999999997
1,21109,"LARGE CAKE TOWEL, CHOCOLATE SPOTS",2,3,20.25
1,21506,"FANCY FONT BIRTHDAY CARD, ",4,48,20.16
1,22024,RAINY LADIES BIRTHDAY CARD,4,48,20.16
1,22026,BANQUET BIRTHDAY  CARD  ,4,48,20.16
1,22033,BOTANICAL ROSE GREETING CARD,4,48,20.16
1,22715,CARD WEDDING DAY,4,48,20.16
1,22718,CARD CAT AND TREE ,4,48,20.16
1,22819,"BIRTHDAY CARD, RETRO SPOT",4,48,20.16
1,23121,PACK OF 6 COCKTAIL PARASOL STRAWS,2,48,20.16
1,72134,COLUMBIAN  CUBE CANDLE ,1,48,20.16
1,84247G,"DECOUPAGE,GREETING CARD,",4,48,20.16
1,21194,PINK  HONEYCOMB PAPER FAN,2,31,20.150000000000002
1,22448,PIN CUSHION BABUSHKA RED,1,6,20.1
1,20652,BLUE POLKADOT LUGGAGE TAG ,3,16,20.0
1,21289,LARGE STRIPES CHOCOLATE GIFT BAG,1,16,20.0
1,22512,DOORSTOP RACING CAR DESIGN,2,16,20.0
1,23086,ZINC  STAR T-LIGHT HOLDER ,1,16,20.0
1,23087,ZINC  HEART T-LIGHT HOLDER,1,16,20.0
1,37482P,CUBIC MUG PINK POLKADOT,3,18,19.979999999999997
1,23093,SMALL PARISIENNE HEART PHOTO FRAME ,1,8,19.92
1,23090,VINTAGE GLASS T-LIGHT HOLDER,2,24,19.919999999999998
1,23122,PARTY CHARMS 50 PIECES,2,24,19.919999999999998
1,35809A,ENAMEL PINK TEA CONTAINER,2,24,19.919999999999998
1,35810A,ENAMEL PINK COFFEE CONTAINER,2,24,19.919999999999998
1,84707A,SILVER JEWELLED MIRROR TRINKET TRAY,1,2,19.9
1,84711A,SILVER OVAL SHAPE TRINKET BOX,1,2,19.9
1,84974,S/2 ZINC HEART DESIGN PLANTERS,2,2,19.9
1,22182,CAKE STAND VICTORIAN FILIGREE SMALL,1,4,19.8
1,22476,EMPIRE UNION JACK TV DINNER TRAY,2,4,19.8
1,23057,GEMSTONE CHANDELIER T-LIGHT HOLDER,1,4,19.8
1,23126,DOLLCRAFT GIRL AMELIE,1,4,19.8
1,23128,DOLLCRAFT BOY JEAN-PAUL ,1,4,19.8
1,85232A,SET/3 POLKADOT STACKING TINS,2,4,19.8
1,85232D,SET/3 DECOUPAGE STACKING TINS,4,4,19.8
1,90019A,SILVER M.O.P ORBIT BRACELET,2,4,19.8
1,90079,VINTAGE ENAMEL & CRYSTAL NECKLACE,1,4,19.8
1,90138,WHITE/PINK MINI CRYSTALS NECKLACE,1,4,19.8
1,90142D,MOP PENDANT SHELL NECKLACE,1,4,19.8
1,21197,MULTICOLOUR  CONFETTI IN TUBE,1,12,19.799999999999997
1,22103,MIRROR MOSAIC T-LIGHT HOLDER ROUND,2,12,19.799999999999997
1,23096,PETIT TRAY CHIC,1,12,19.799999999999997
1,23249,VINTAGE RED ENAMEL TRIM PLATE,1,12,19.799999999999997
1,47480,HANGING PHOTO CLIP ROPE LADDER,1,12,19.799999999999997
1,79030D,"TUMBLER, BAROQUE",2,12,19.799999999999997
1,23012,GLASS APOTHECARY BOTTLE PERFUME,2,5,19.75
1,51014C,"FEATHER PEN,COAL BLACK",2,36,19.56
1,10002,INFLATABLE POLITICAL GLOBE ,4,23,19.549999999999997
1,21881,CUTE CATS TAPE,6,64,19.520000000000003
1,22422,TOOTHPASTE TUBE PEN,3,30,19.5
1,85027L,FRENCH CHATEAU LARGE PLATTER ,2,10,19.5
1,22263,FELT EGG COSY LADYBIRD ,2,60,19.32
1,20823,GOLD WINE GOBLET,1,24,18.96
1,22141,CHRISTMAS CRAFT TREE TOP ANGEL,4,9,18.900000000000002
1,82605,OLD DOC RUSSEL METAL SIGN,1,9,18.900000000000002
1,85032C,CURIOUS IMAGES GIFT WRAP SET,3,9,18.900000000000002
1,22999,TRAVEL CARD WALLET RETRO PETALS,7,45,18.9
1,21159,MOODY BOY  DOOR HANGER ,2,13,18.849999999999998
1,21162,TOXIC AREA  DOOR HANGER ,2,13,18.849999999999998
1,23138,SINGLE WIRE HOOK IVORY HEART,2,13,18.849999999999998
1,20707,CRAZY DAISY HEART DECORATION,3,15,18.75
1,20716,PARTY FOOD SHOPPER BAG,5,15,18.75
1,20819,SILVER TEDDY BEAR,2,5,18.75
1,21025,SPACE FROG,2,15,18.75
1,21221,SET/4 BADGES CUTE CREATURES,2,15,18.75
1,21222,SET/4 BADGES BEETLES,1,15,18.75
1,21664,RIDGED GLASS STORAGE JAR CREAM LID,2,5,18.75
1,22202,MILK PAN PINK POLKADOT,3,5,18.75
1,22316,200 BENDY SKULL STRAWS,4,15,18.75
1,23056,CRYSTAL CHANDELIER T-LIGHT HOLDER,1,3,18.75
1,84876D,BLUE HEART COMPACT MIRROR,2,5,18.75
1,85049F,BABY BOOM RIBBONS ,7,15,18.75
1,85096,HILDA CANDY SPOT RABBIT,2,5,18.75
1,85129B,BEADED CRYSTAL HEART GREEN SMALL,2,15,18.75
1,47021G,SET/6 BEAD COASTERS GAUZE BAG GOLD,1,48,18.72
1,21723,ALPHABET HEARTS STICKER SHEET,5,22,18.7
1,22581,WOOD STOCKING CHRISTMAS SCANDISPOT,4,22,18.7
1,22268,DECORATION SITTING BUNNY,2,96,18.240000000000002
1,47591B,SCOTTIES CHILDRENS APRON,3,11,18.15
1,82613B,"METAL SIGN,CUPCAKE SINGLE HOOK",4,41,18.05
1,82613C,"METAL SIGN,CUPCAKE SINGLE HOOK",4,41,18.05
1,90184B,AMETHYST CHUNKY BEAD BRACELET W STR,2,2,17.9
1,90000A,RASPBERRY ANT COPPER FLOWER NECKLAC,2,3,17.85
1,90000B,MIDNIGHT BLUE COPPER FLOWER NECKLAC,2,3,17.85
1,90000D,COPPER/OLIVE GREEN FLOWER NECKLACE,2,3,17.85
1,21418,STARFISH SOAP DISH,2,7,17.849999999999998
1,84931A,PINK SCOTTIE DOG W FLOWER PATTERN,2,7,17.849999999999998
1,47593B,SCOTTIE DOGS BABY BIB,3,19,17.73
1,20662,FIRST CLASS HOLIDAY PURSE ,1,6,17.700000000000003
1,20897,VINTAGE NOTEBOOK PARIS DAYS,3,6,17.700000000000003
1,21250,SET OF SKULL WALL STICKERS,2,6,17.700000000000003
1,22164,STRING OF STARS CARD HOLDER,1,6,17.700000000000003
1,22806,SET OF 6 T-LIGHTS WEDDING CAKE ,1,6,17.700000000000003
1,79071B,ENGLISH ROSE METAL WASTE BIN,4,6,17.700000000000003
1,84086C,PINK/PURPLE RETRO RADIO,1,6,17.700000000000003
1,84429A,MEDIUM PINK BUDDHA HEAD ,1,6,17.700000000000003
1,84674,FLYING PIG WATERING CAN,1,6,17.700000000000003
1,85071A,BLUE CHARLIE+LOLA PERSONAL DOORSIGN,3,6,17.700000000000003
1,90177B,DROP DIAMANTE EARRINGS BLACK DIAMON,1,6,17.700000000000003
1,90190A,SILVER/CRYSTAL DROP EARRINGS W LEAF,1,6,17.700000000000003
1,90190B,GOLD/AMBER DROP EARRINGS W LEAF,1,6,17.700000000000003
1,90201A,PURPLE ENAMEL FLOWER RING,1,6,17.700000000000003
1,90201C,RED ENAMEL FLOWER RING,1,6,17.700000000000003
1,90201D,GREEN ENAMEL FLOWER RING,1,6,17.700000000000003
1,16238,PARTY TIME PENCIL ERASERS,3,84,17.64
1,20803,SMALL PINK GLASS SUNDAE DISH,3,45,17.55
1,22869,NUMBER TILE COTTAGE GARDEN 1,2,9,17.55
1,22871,NUMBER TILE COTTAGE GARDEN 3 ,2,9,17.55
1,22874,NUMBER TILE COTTAGE GARDEN 6,2,9,17.55
1,22876,NUMBER TILE COTTAGE GARDEN 8,2,9,17.55
1,47348A,FUSCHIA VOILE POINTY SHOE DEC,4,41,17.549999999999997
1,21926,RED/CREAM STRIPE CUSHION COVER ,4,14,17.5
1,35912B,WHITE/PINK CHICK DECORATION,2,14,17.5
1,84926A,WAKE UP COCKEREL TILE COASTER,2,14,17.5
1,23033,DRAWER KNOB CERAMIC RED,1,12,17.4
1,23196,RETRO LEAVES MAGNETIC NOTEPAD,1,12,17.4
1,85031A,ROMANTIC IMAGES SCRAP BOOK SET,2,8,17.4
1,23235,STORAGE TIN VINTAGE LEAF,1,6,17.34
1,22530,MAGIC DRAWING SLATE DOLLY GIRL ,10,41,17.22
1,85203,HANGING WOOD AND FELT BUTTERFLY ,4,41,17.22
1,20733,GOLD MINI TAPE MEASURE ,1,20,17.0
1,21132,SILVER STANDING GNOME   ,1,4,17.0
1,46000P,POLYESTER FILLER PAD 65CMx65CM,1,4,17.0
1,84609,TALL ROCOCO CANDLE HOLDER,1,2,17.0
1,84686,BEACH HUT MIRROR,1,4,17.0
1,84969,BOX OF 6 ASSORTED COLOUR TEASPOONS,2,4,17.0
1,85231B,CINAMMON SET OF 9 T-LIGHTS,4,20,17.0
1,90024C,NEW BAROQUE B'FLY NECKLACE GREEN,1,2,17.0
1,90024F,NEW BAROQUE B'FLY NECKLACE CRYSTAL,1,2,17.0
1,90026A,GLASS BEAD HOOP NECKLACE BLACK,1,2,17.0
1,90029,NEW BAROQUE SMALL NECKLACE BLACK,1,2,17.0
1,90063A,WHITE VINT ART DECO CRYSTAL NECKLAC,1,2,17.0
1,90120C,GREEN MURANO TWIST BRACELET,1,4,17.0
1,90198A,VINTAGE ROSE BEAD BRACELET RASPBERR,1,4,17.0
1,90200D,PINK SWEETHEART BRACELET,2,4,17.0
1,22702,BLACK AND WHITE CAT BOWL,2,8,16.8
1,85170D,SET/6 PINK BIRD T-LIGHT CANDLES,3,8,16.8
1,23045,PAPER LANTERN 5 POINT STAR MOON 30,2,4,16.6
1,23070,EDWARDIAN HEART PHOTO FRAME,1,4,16.6
1,23019,SMALL APOTHECARY MEASURING JAR ,1,2,16.5
1,23081,GREEN METAL BOX ARMY SUPPLIES,1,2,16.5
1,23081,GREEN METAL BOX TOP SECRET,1,2,16.5
1,84625C,BLUE NEW BAROQUE CANDLESTICK CANDLE,3,7,16.450000000000003
1,21070,VINTAGE BILLBOARD MUG ,2,13,16.25
1,21457,2 PICTURE BOOK EGGS EASTER DUCKS,2,13,16.25
1,21872,GLAMOROUS  MUG,3,13,16.25
1,22254,FELT TOADSTOOL LARGE,2,13,16.25
1,22576,SWALLOW WOODEN CHRISTMAS DECORATION,4,19,16.15
1,22753,SMALL YELLOW BABUSHKA NOTEBOOK ,6,19,16.15
1,84631,FRUIT TREE AND BIRDS WALL PLAQUE,1,2,15.9
1,84723,CHERRY BLOSSOM CANVAS ART PICTURE,1,2,15.9
1,84795C,OCEAN STRIPE HAMMOCK ,1,2,15.9
1,85136A,YELLOW SHARK HELICOPTER,2,2,15.9
1,85136C,RED SHARK HELICOPTER,1,2,15.9
1,23014,GLASS APOTHECARY BOTTLE ELIXIR,1,4,15.8
1,85145,JARDIN ETCHED GLASS LARGE BELL JAR,1,4,15.8
1,17084N,FAIRY DREAMS INCENSE ,2,75,15.75
1,21576,LETS GO SHOPPING COTTON TOTE BAG,2,7,15.75
1,22821,GIFT BAG PSYCHEDELIC APPLES,2,24,15.600000000000001
1,85032B,BLOSSOM IMAGES GIFT WRAP SET,2,24,15.600000000000001
1,22868,NUMBER TILE COTTAGE GARDEN 0 ,1,8,15.6
1,22870,NUMBER TILE COTTAGE GARDEN 2,1,8,15.6
1,22872,NUMBER TILE COTTAGE GARDEN 4,1,8,15.6
1,22873,NUMBER TILE COTTAGE GARDEN 5,1,8,15.6
1,22875,NUMBER TILE COTTAGE GARDEN 7,1,8,15.6
1,84527,FLAMES SUNGLASSES PINK LENSES,1,8,15.6
1,21802,CHRISTMAS TREE HEART DECORATION,2,37,15.54
1,82095,HEART BUTTONS JEWELLERY BOX,1,2,15.3
1,20839,FRENCH PAISLEY CUSHION COVER ,2,18,15.299999999999999
1,21281,VINTAGE KITCHEN PRINT SEAFOOD,1,6,15.299999999999999
1,21544,SKULLS  WATER TRANSFER TATTOOS ,2,18,15.299999999999999
1,21555,CERAMIC STRAWBERRY TRINKET TRAY,1,6,15.299999999999999
1,21636,MADRAS NOTEBOOK MEDIUM,1,6,15.299999999999999
1,22304,COFFEE MUG BLUE PAISLEY DESIGN,1,6,15.299999999999999
1,22308,TEA COSY BLUE STRIPE,1,6,15.299999999999999
1,35817P,"ACRYLIC JEWEL SNOWFLAKE,PINK",1,6,15.299999999999999
1,72598,SET/12 TAPER CANDLES,3,18,15.299999999999999
1,72780,BLACK SILOUETTE CANDLE PLATE,2,18,15.299999999999999
1,84507B,STRIPES DESIGN MONKEY DOLL,1,6,15.299999999999999
1,84661A,WHITE SQUARE TABLE CLOCK,1,6,15.299999999999999
1,84798B,PURPLE FOXGLOVE ARTIIFCIAL FLOWER,1,6,15.299999999999999
1,85071D,CHARLIE+LOLA MY ROOM DOOR SIGN,1,6,15.299999999999999
1,85106,CUT GLASS HEXAGON T-LIGHT HOLDER,2,6,15.299999999999999
1,85177,BASKET OF FLOWERS SEWING KIT,2,18,15.299999999999999
1,90114,SUMMER DAISIES BAG CHARM,1,6,15.299999999999999
1,16012,FOOD/DRINK SPONGE STICKERS,2,72,15.120000000000001
1,22035,VINTAGE CARAVAN GREETING CARD ,3,36,15.120000000000001
1,22545,MINI JIGSAW BUNNIES,2,36,15.120000000000001
1,22717,CARD DOG AND BALL ,3,36,15.120000000000001
1,22984,CARD GINGHAM ROSE ,2,36,15.120000000000001
1,21803,CHRISTMAS TREE STAR DECORATION,1,36,15.12
1,47503A,ASS FLORAL PRINT MULTI SCREWDRIVER,5,28,15.08
1,21027,NINJA RABBIT PINK,3,12,15.0
1,21117,BLOND DOLL DOORSTOP,1,12,15.0
1,21369,MIRRORED WALL ART SPLODGES,1,4,15.0
1,21456,2 PICTURE BOOK EGGS EASTER CHICKS,1,12,15.0
1,21458,2 PICTURE BOOK EGGS EASTER BUNNY,1,12,15.0
1,21465,PINK FLOWER CROCHET FOOD COVER,2,4,15.0
1,21538,DAIRY MAID  PUDDING BOWL,1,4,15.0
1,21775,DECORATIVE FLORE BATHROOM BOTTLE,1,12,15.0
1,21804,WHITE CHRISTMAS GARLAND STARS TREES,2,4,15.0
1,22733,3D TRADITIONAL CHRISTMAS STICKERS,3,12,15.0
1,23061,VINTAGE ENGRAVED HEART,1,12,15.0
1,23136,IVORY WIRE SWEETHEART LETTER TRAY,1,4,15.0
1,23252,VINTAGE RED ENAMEL TRIM JUG ,1,4,15.0
1,23264,SET OF 3 WOODEN SLEIGH DECORATIONS,1,12,15.0
1,35833P,4 PINK FLOCK CHRISTMAS BALLS,1,12,15.0
1,35920,FOUR RABBIT EASTER DECORATIONS,2,12,15.0
1,47367B,PAIR PADDED HANGERS PINK CHECK,1,4,15.0
1,71270,PHOTO CLIP LINE,1,12,15.0
1,82001S,VINYL RECORD FRAME SILVER,1,4,15.0
1,84510C,SET OF 4 POLKADOT COASTERS,2,12,15.0
1,84828,JUNGLE POPSICLES ICE LOLLY MOULDS,1,12,15.0
1,84875D,BLUE SQUARE COMPACT MIRROR,1,12,15.0
1,84877D,BLUE ROUND COMPACT MIRROR,1,4,15.0
1,84912B,GREEN ROSE WASHBAG,2,4,15.0
1,84926D,LA PALMIERA TILE COASTER,1,12,15.0
1,85094,CANDY SPOT EGG WARMER RABBIT,1,12,15.0
1,85111,SILVER GLITTER FLOWER VOTIVE HOLDER,1,12,15.0
1,85169B,BLACK LOVE BIRD CANDLE,1,12,15.0
1,90064A,WHITE VINTAGE CRYSTAL EARRINGS,1,4,15.0
1,90064B,BLACK VINTAGE  CRYSTAL EARRINGS,1,4,15.0
1,90144,SILVER DROP EARRINGS WITH FLOWER,1,4,15.0
1,90163A,PINK ROSEBUD & PEARL NECKLACE,1,2,15.0
1,90163B,WHITE ROSEBUD & PEARL NECKLACE,1,2,15.0
1,90164A,PINK ROSEBUD PEARL BRACELET,1,2,15.0
1,90164B,WHITE  ROSEBUD PEARL BRACELET,1,2,15.0
1,90173,PAIR BUTTERFLY HAIR CLIPS,1,4,15.0
1,BANK CHARGES,Bank Charges,1,1,15.0
1,22765,NEWSPAPER STAND,1,1,14.95
1,23149,ANTIQUE IVORY WIRE BOWL SMALL,1,6,14.940000000000001
1,23151,ZINC SWEETHEART SOAP DISH,1,6,14.940000000000001
1,23102,SILVER HEARTS TABLE DECORATION,4,18,14.94
1,84951A,SET OF 4 PISTACHIO LOVEBIRD COASTER,4,18,14.94
1,23128,FELTCRAFT BOY JEAN-PAUL KIT,3,3,14.850000000000001
1,35241,ENAMEL BLUE RIM BISCUIT BIN,2,3,14.850000000000001
1,90141B,IVORY PENDANT TRIPLE SHELL NECKLACE,1,3,14.850000000000001
1,90161A,ANT COPPER RED BOUDICCA BRACELET,1,3,14.850000000000001
1,20775,DAISY NOTEBOOK ,2,9,14.849999999999998
1,21377,SMALL CAMPHOR WOOD FIELD  MUSHROOM,2,9,14.849999999999998
1,22496,SET OF 2 ROUND TINS DUTCH CHEESE,4,5,14.75
1,17165D,ASS COL LARGE SAND FROG P'WEIGHT,3,14,14.700000000000001
1,23242,TREASURE TIN BUFFALO BILL ,2,7,14.56
1,17012A,ORIGAMI VANILLA INCENSE/CANDLE SET ,2,25,14.55
1,17012B,ORIGAMI JASMINE INCENSE/CANDLE SET,2,25,14.55
1,17012C,ORIGAMI LAVENDER INCENSE/CANDL SET ,2,25,14.55
1,21814,HEART T-LIGHT HOLDER ,1,10,14.5
1,22065,CHRISTMAS PUDDING TRINKET POT ,3,10,14.5
1,22230,JIGSAW TREE WITH WATERING CAN,5,17,14.45
1,22602,CHRISTMAS RETROSPOT HEART WOOD,2,17,14.45
1,79191C,RETRO PLASTIC ELEPHANT TRAY,6,17,14.45
1,84534B,FAIRY CAKE NOTEBOOK A5 SIZE,2,17,14.45
1,21884,CAKES AND BOWS GIFT  TAPE,4,73,14.330000000000002
1,22153,ANGEL DECORATION STARS ON DRESS,4,34,14.28
1,23101,SILVER STARS TABLE DECORATION,3,17,14.11
1,90040B,MURANO STYLE GLASS BRACELET BLACK,2,4,14.0
1,21320,GLASS CHALICE GREEN  LARGE ,2,11,13.969999999999999
1,22615,PACK OF 12 CIRCUS PARADE TISSUES ,2,48,13.919999999999998
1,23186,FRENCH STYLE STORAGE JAR CAFE ,1,48,13.919999999999998
1,23187,FRENCH STYLE STORAGE JAR BONBONS,1,48,13.919999999999998
1,72225C,LAVENDER SCENT CAKE CANDLE,2,48,13.919999999999998
1,84638,SMALL KITCHEN FLOWER POTS PLAQUE,1,2,13.9
1,84658,WHITE STITCHED CUSHION COVER,1,2,13.9
1,90160C,TURQ+RED BOUDICCA LARGE BRACELET,2,2,13.9
1,84993A,75 GREEN PETIT FOUR CASES,4,33,13.86
1,23307,SET OF 60 PANTRY DESIGN CAKE CASES ,2,25,13.750000000000002
1,22608,PENS ASSORTED FUNKY JEWELED ,2,72,13.68
1,22610,PENS ASSORTED FUNNY FACE,2,72,13.68
1,35818P,"ACRYLIC JEWEL ICICLE, PINK",1,36,13.68
1,84218,BOX/12 CHICK & EGG IN BASKET,7,7,13.65
1,84535B,FAIRY CAKES NOTEBOOK A6 SIZE,4,21,13.65
1,21460,GREEN EASTER EGG HUNT START POST,2,7,13.649999999999999
1,22575,METAL MERRY CHRISTMAS WREATH,2,7,13.649999999999999
1,20832,RED FLOCK LOVE HEART PHOTO FRAME,3,16,13.6
1,22571,ROCKING HORSE RED CHRISTMAS ,2,16,13.6
1,90065A,WHITE VINTAGE CRYSTAL BRACELET,1,2,13.5
1,22994,TRAVEL CARD WALLET RETROSPOT,3,32,13.44
1,90187B,GREEN DROP EARRINGS W BEAD CLUSTER,1,4,13.4
1,22074,6 RIBBONS SHIMMERING PINKS ,3,26,13.379999999999999
1,23271,CHRISTMAS TABLE CANDLE SILVER SPIKE,1,16,13.28
1,22067,CHOC TRUFFLE GOLD TRINKET POT ,3,8,13.2
1,22232,JIGSAW TOADSTOOLS 3 PIECE,1,8,13.2
1,22735,RIBBON REEL SOCKS AND MITTENS,2,8,13.2
1,84985A,SET OF 72 GREEN PAPER DOILIES,6,9,13.049999999999999
1,21002,ROSE DU SUD DRAWSTRING BAG,1,3,12.75
1,21270,ANTIQUE CREAM CUTLERY CUPBOARD,1,1,12.75
1,21641,ASSORTED TUTTI FRUTTI KEYRING BALL,2,15,12.75
1,22597,CHRISTMAS MUSICAL ZINC HEART ,2,15,12.75
1,85124B,BLUE JUICY FRUIT PHOTO FRAME,3,5,12.75
1,90018B,GOLD M.O.P ORBIT DROP EARRINGS,2,3,12.75
1,90191,SILVER LARIAT 40CM,1,1,12.75
1,90196A,PURPLE GEMSTONE NECKLACE 45CM,1,1,12.75
1,90200B,BLACK SWEETHEART BRACELET,2,3,12.75
1,84559B,3D SHEET OF CAT STICKERS,5,15,12.749999999999998
1,20826,SILVER APERITIF GLASS,1,6,12.72
1,20845,ZINC HEART LATTICE 2 WALL PLANTER,1,2,12.7
1,21370,MIRRORED WALL ART FOXY,1,2,12.7
1,90199A,5 STRAND GLASS NECKLACE BLACK,1,2,12.7
1,20619,TROPICAL PASSPORT COVER ,1,6,12.600000000000001
1,21012,ANTIQUE ALL GLASS CANDLESTICK,2,6,12.600000000000001
1,21392,RED POLKADOT PUDDING BOWL,1,6,12.600000000000001
1,21393,BLUE POLKADOT PUDDING BOWL,1,6,12.600000000000001
1,22878,NUMBER TILE COTTAGE GARDEN No,1,6,12.600000000000001
1,84801A,PINK HYDRANGEA ART FLOWER,1,6,12.600000000000001
1,84809A,WHITE CHRYSANTHEMUMS ART FLOWER,1,6,12.600000000000001
1,84846A,SCENTED CANDLE IN DIGITALIS TIN,1,6,12.600000000000001
1,21096,SET/6 FRUIT SALAD  PAPER PLATES,2,18,12.54
1,21219,SET/4 BADGES BALLOON GIRL,1,10,12.5
1,21220,SET/4 BADGES DOGS,1,10,12.5
1,21948,SET OF 6 CAKE CHOPSTICKS,2,10,12.5
1,46000U,POLYESTER FILLER PAD 30CMx30CM,3,10,12.5
1,72127,COLUMBIAN CANDLE ROUND ,4,10,12.5
1,77101A,UNION FLAG WINDSOCK,4,10,12.5
1,23075,PARLOUR CERAMIC WALL HOOK,2,3,12.450000000000001
1,17012E,ORIGAMI OPIUM INCENSE/CANDLE SET ,1,24,12.0
1,17012F,ORIGAMI SANDLEWOOD INCENSE/CAND SET,1,24,12.0
1,90021,LASER CUT MULTI STRAND NECKLACE,1,1,11.95
1,35637C,PINK STRING CURTAIN WITH POLE,1,2,11.9
1,84051,ASS COLOUR GLOWING TIARAS,2,14,11.9
1,84614A,PINK BAROQUE FLOCK CANDLE HOLDER,1,2,11.9
1,84620,BLUE GINGHAM ROSE CUSHION COVER,1,2,11.9
1,84910A,PINK PAISLEY CUSHION COVER ,1,2,11.9
1,84916,HAND TOWEL PALE BLUE W FLOWERS,1,2,11.9
1,90070,RUBY GLASS CLUSTER BRACELET,1,2,11.9
1,17129F,BLUE GLASS GEMS IN BAG,2,14,11.899999999999999
1,22594,CHRISTMAS GINGHAM TREE,2,14,11.899999999999999
1,35916A,YELLOW FELT HANGING HEART W FLOWER,2,14,11.899999999999999
1,37467,PIG MUG IN TWO COLOUR DESIGNS,2,14,11.899999999999999
1,20848,ZINC HEART LATTICE CHARGER SMALL,1,4,11.8
1,20894,HANGING BAUBLE T-LIGHT HOLDER LARGE,2,4,11.8
1,72799F,IVORY PILLAR CANDLE GOLD FLOCK,2,4,11.8
1,84563B,BLUE & WHITE BREAKFAST TRAY,3,4,11.8
1,84715,SET OF 6 ICE CREAM SKITTLES,1,4,11.8
1,90027A,GLASS BEAD HOOP EARRINGS BLACK,1,4,11.8
1,90027D,GLASS BEAD HOOP EARRINGS AMETHYST,1,4,11.8
1,84422,PINK/BLUE DISC/MIRROR STRING,2,16,11.76
1,84993B,75 BLACK PETIT FOUR CASES,4,28,11.76
1,47504H,ENGLISH ROSE SPIRIT LEVEL ,2,6,11.7
1,84859A,SILVER DISCO HANDBAG,1,6,11.7
1,84906,PINK BUTTERFLY CUSHION COVER,1,6,11.7
1,21973,SET OF 36 MUSHROOM PAPER DOILIES,3,8,11.6
1,22068,BLACK PIRATE TREASURE CHEST,3,7,11.549999999999999
1,22075,6 RIBBONS ELEGANT CHRISTMAS ,4,7,11.549999999999999
1,22198,LARGE POPCORN HOLDER ,4,7,11.549999999999999
1,23190,BUNDLE OF 3 SCHOOL EXERCISE BOOKS  ,3,7,11.549999999999999
1,85114C,RED ENCHANTED FOREST PLACEMAT,2,7,11.549999999999999
1,23047,PAPER LANTERN 5 POINT STUDDED STAR,1,2,11.5
1,21032,SPACE CADET WHITE,2,9,11.25
1,21416,CLAM SHELL LARGE,3,3,11.25
1,22685,FRENCH BLUE METAL DOOR SIGN 0,2,9,11.25
1,84497,BUTTONS AND STRIPES NOTEBOOK ,3,3,11.25
1,84509C,SET OF 4 POLKADOT PLACEMATS ,2,3,11.25
1,84748,FOLK FELT HANGING MULTICOL GARLAND,1,3,11.25
1,84870C,GREEN GEISHA GIRL ,2,3,11.25
1,90212B,JET BLACK LAS VEGAS BRACELET ROUND,1,3,11.25
1,90212C,PURPLE LAS VEGAS BRACELET ROUND,1,3,11.25
1,72818,CHRISTMAS DECOUPAGE CANDLE,5,13,11.05
1,21945,STRAWBERRIES  DESIGN FLANNEL ,2,13,11.049999999999999
1,22181,SNOWSTORM PHOTO FRAME FRIDGE MAGNET,2,13,11.049999999999999
1,22255,FELT TOADSTOOL  SMALL,2,13,11.049999999999999
1,22603,CHRISTMAS RETROSPOT TREE WOOD,4,13,11.049999999999999
1,20782,CAMOUFLAGE EAR MUFF HEADPHONES,1,2,10.98
1,22537,MAGIC DRAWING SLATE DINOSAUR,3,26,10.92
1,21375,LARGE CAMPHOR WOOD FIELD MUSHROOM ,1,2,10.9
1,20996,JAZZ HEARTS ADDRESS BOOK,3,52,10.8
1,23282,FOLDING BUTTERFLY MIRROR IVORY ,2,13,10.79
1,16156L,WRAP CAROUSEL,1,25,10.5
1,17084A,TRANQUILITY MASALA INCENSE,1,50,10.5
1,21167,WHITE SAGE INCENSE,1,50,10.5
1,21647,ASSORTED TUTTI FRUTTI LARGE PURSE,3,5,10.5
1,22049,WRAP CHRISTMAS SCREEN PRINT,1,25,10.5
1,22543,MINI JIGSAW BAKE A CAKE ,1,25,10.5
1,22985,WRAP BILLBOARD FONTS DESIGN,1,25,10.5
1,22986,WRAP GINGHAM ROSE ,1,25,10.5
1,22987,WRAP SUMMER ROSE DESIGN,1,25,10.5
1,84927D,LA PALMIERA TILE HOOK,1,5,10.5
1,90040A,MURANO STYLE GLASS BRACELET RED,1,3,10.5
1,21882,SKULLS TAPE,4,50,10.420000000000002
1,18097A,PINK TALL PORCELAIN T-LIGHT HOLDER ,3,4,10.2
1,20838,FRENCH LATTICE CUSHION COVER ,1,12,10.2
1,21942,SKULLS DESIGN FLANNEL,3,12,10.2
1,22391,PAPERWEIGHT HOME SWEET HOME,1,12,10.2
1,22393,PAPERWEIGHT VINTAGE COLLAGE,1,12,10.2
1,22395,PAPERWEIGHT VINTAGE PAISLEY,1,12,10.2
1,22599,CHRISTMAS MUSICAL ZINC STAR,1,12,10.2
1,22643,SET OF 4 NAPKIN CHARMS LEAVES   ,1,4,10.2
1,23148,MINITURE ANTIQUE ROSE HOOK IVORY,1,12,10.2
1,35914,PINK CHICK EGG WARMER + EGG CUP,1,12,10.2
1,35916C,PINK FELT HANGING HEART W FLOWER,1,12,10.2
1,71510,SQUARE METAL CANDLEHOLDER BASE,1,12,10.2
1,79191B,RETRO PLASTIC POLKA TRAY,1,12,10.2
1,79403,FROSTED WHITE BASE ,1,12,10.2
1,84341B,SMALL PINK MAGIC CHRISTMAS TREE,4,12,10.2
1,84659A,WHITE TRAVEL ALARM CLOCK,3,4,10.2
1,84931B,BLUE SCOTTIE DOG W FLOWER PATTERN,3,4,10.2
1,85006,SET 4 NURSERY DES ROUND BOXES,1,12,10.2
1,21823,PAINTED METAL HEART WITH HOLLY BELL,2,7,10.149999999999999
1,21520,BOOZE & WOMEN GREETING CARD ,2,24,10.08
1,22025,RING OF ROSES BIRTHDAY CARD,2,24,10.08
1,22032,BOTANICAL LILY GREETING CARD,2,24,10.08
1,22546,MINI JIGSAW PURDEY,1,24,10.08
1,22547,MINI JIGSAW DINOSAUR ,1,24,10.08
1,22814,CARD PARTY GAMES ,2,24,10.08
1,23120,PACK OF 6 SMALL FRUIT STRAWS,1,24,10.08
1,17038,PORCELAIN BUDAH INCENSE HOLDER,1,100,10.0
1,20866,BLUE ROSE FABRIC MIRROR,4,8,10.0
1,20980,36 PENCILS TUBE POSY,3,8,10.0
1,21810,CHRISTMAS HANGING STAR WITH BELL,2,8,10.0
1,22098,BOUDOIR SQUARE TISSUE BOX,7,8,10.0
1,22731,3D CHRISTMAS STAMPS STICKERS ,4,8,10.0
1,23086,ZINC STAR T-LIGHT HOLDER ,1,8,10.0
1,35610A,PINK CHRISTMAS FLOCK DROPLET ,1,8,10.0
1,46126A,ELVIS WALLHANGING / CURTAIN,1,8,10.0
1,47341A,FUSCHIA TABLE RUN FLOWER ,2,4,10.0
1,75178,ASSTD COL BUTTERFLY/CRYSTAL W/CHIME,2,8,10.0
1,85131A,BEADED PEARL HEART WHITE ON STICK,1,8,10.0
1,37476,CONDIMENT TRAY 4 BOWLS AND 4 SPOONS,1,1,9.95
1,84358,FLOOR LAMP SHADE WOOD BASE,1,1,9.95
1,84689,S/2 BEACH HUT TREASURE CHESTS,2,3,9.95
1,90014B,GOLD M PEARL  ORBIT NECKLACE,1,1,9.95
1,90124B,BLUE MURANO TWIST NECKLACE,1,1,9.95
1,90180A,BLACK+WHITE NECKLACE W TASSEL,1,1,9.95
1,90180B,PURPLE AMETHYST NECKLACE W TASSEL,1,1,9.95
1,21757,LIGHTHOUSE PRINTED METAL SIGN,1,2,9.9
1,35922,EASTER BUNNY WREATH,1,2,9.9
1,46776A,WOVEN BUBBLE GUM CUSHION COVER,1,2,9.9
1,46776C,WOVEN FROST CUSHION COVER,1,2,9.9
1,46776D,WOVEN SUNSET CUSHION COVER ,1,2,9.9
1,46776F,WOVEN ROSE GARDEN CUSHION COVER ,1,2,9.9
1,84708B,PINK JEWELLED PHOTO FRAME ,1,2,9.9
1,85125,SMALL ROUND CUT GLASS CANDLESTICK,1,2,9.9
1,90157,RIVIERA NECKLACE,1,2,9.9
1,90158,ST TROPEZ NECKLACE,1,2,9.9
1,90159,COTE D'AZURE NECKLACE,1,2,9.9
1,70007,HI TEC ALPINE HAND WARMER,2,6,9.899999999999999
1,79329,PINK FLOCK GLASS CANDLEHOLDER,1,6,9.899999999999999
1,21371,MIRRORED WALL ART POPPIES,2,13,9.75
1,21634,ASSORTED MINI MADRAS NOTEBOOK,1,24,9.36
1,35923,CANDY HEART HANGING DECORATION,2,24,9.36
1,21442,GREEN BIRDHOUSE DECORATION,3,11,9.35
1,21724,PANDA AND BUNNIES STICKER SHEET,2,11,9.35
1,72128,COLUMBIAN CANDLE ROUND,4,11,9.35
1,21088,SET/6 FRUIT SALAD PAPER CUPS,3,20,9.32
1,35607B,BLACK FEATHER CHRISTMAS DECORATION,2,48,9.120000000000001
1,35400,WOODEN BOX ADVENT CALENDAR ,3,1,8.95
1,90010A,MIDNIGHT BLUE GLASS/SILVER BRACELET,1,1,8.95
1,90010B,BLACK/WHITE GLASS/SILVER BRACELET,1,1,8.95
1,90010E,AMBER GLASS/SILVER BRACELET,1,1,8.95
1,90175C,BLUE GLASS CHUNKY CHARM BRACELET,1,1,8.95
1,90184A,AMBER CHUNKY BEAD BRACELET W STRAP,1,1,8.95
1,90195A,PURPLE GEMSTONE BRACELET,1,1,8.95
1,90195B,BLACK GEMSTONE BRACELET,1,1,8.95
1,22116,METAL SIGN HIS DINNER IS SERVED,2,3,8.850000000000001
1,22162,HEART GARLAND RUSTIC PADDED,1,3,8.850000000000001
1,22186,RED STAR CARD HOLDER,3,3,8.850000000000001
1,84592,CROCHET ROSE PURSE WITH SUEDE BACK,2,3,8.850000000000001
1,85089,CANDY SPOT BUNNY,1,3,8.850000000000001
1,85185B,PINK HORSE SOCK PUPPET,2,3,8.850000000000001
1,90186A,AMETHYST HOOP EARRING FLORAL LEAF,2,3,8.850000000000001
1,79190D,RETRO PLASTIC DAISY TRAY,2,21,8.82
1,20878,SET/9 CHRISTMAS T-LIGHTS SCENTED ,3,7,8.75
1,20986,BLUE CALCULATOR RULER,3,7,8.75
1,21069,VINTAGE BILLBOARD TEA MUG,2,7,8.75
1,21123,SET/10 IVORY POLKADOT PARTY CANDLES,5,7,8.75
1,22099,CARAVAN SQUARE TISSUE BOX,5,7,8.75
1,22677,FRENCH BLUE METAL DOOR SIGN 2,3,7,8.75
1,22719,GUMBALL MONOCHROME COAT RACK,5,7,8.75
1,22756,LARGE YELLOW BABUSHKA NOTEBOOK ,5,7,8.75
1,84569D,PACK 6 HEART/ICE-CREAM PATCHES,2,7,8.75
1,85167B,BLACK GRAND BAROQUE PHOTO FRAME,1,7,8.75
1,23270,SET OF 2 CERAMIC PAINTED HEARTS ,1,6,8.7
1,21403,BLUE EGG  SPOON,3,72,8.64
1,20755,BLUE PAISLEY POCKET BOOK,3,10,8.5
1,23205,CHARLOTTE BAG ALPHABET  DESIGN,1,10,8.5
1,23341,PINK DINER WALL CLOCK,1,1,8.5
1,47578A,ENGLISH ROSE SMALL SCENTED FLOWER,1,10,8.5
1,84840,SWEETHEART CARRY-ALL BASKET,1,1,8.5
1,84944,SET OF 6 KASHMIR FOLKART BAUBLES,1,2,8.5
1,90001A,ANTIQUE RASPBERRY FLOWER EARRINGS,1,2,8.5
1,90001B,ANTIQUE MID BLUE FLOWER EARRINGS,1,2,8.5
1,90001D,ANTIQUE OLIVE GREEN FLOWER EARRINGS,1,2,8.5
1,90016A,SILVER/M.O.P PENDANT ORBIT NECKLACE,1,1,8.5
1,90026B,GLASS BEAD HOOP NECKLACE MONTANA,1,1,8.5
1,90026C,GLASS BEAD HOOP NECKLACE GREEN,1,1,8.5
1,90026D,GLASS BEAD HOOP NECKLACE AMETHYST,1,1,8.5
1,90194,SILVER LARIAT BLACK STONE EARRINGS,1,2,8.5
1,90200A,PURPLE SWEETHEART BRACELET,2,2,8.5
1,84803B,WHITE ALLIUM  ARTIFICIAL FLOWER,1,5,8.45
1,20622,VIPPASSPORT COVER ,2,4,8.4
1,21306,SET/4 DAISY MIRROR MAGNETS,2,4,8.4
1,21307,SET/4 BUTTERFLY MIRROR MAGNETS,2,4,8.4
1,21904,HOUSE WRECKING METAL SIGN ,4,4,8.4
1,23044,PAPER LANTERN 9 POINT HOLLY STAR 23,1,2,8.3
1,22287,DECORATION WOBBLY CHICKEN,2,5,8.25
1,72821,CUPID SCENTED CANDLE IN GLASS,2,5,8.25
1,85040B,SET/4 BLUE FLOWER CANDLES IN BOWL,3,5,8.25
1,16237,SLEEPING CAT ERASERS,4,38,7.9799999999999995
1,22415,WHITE TISSUE REAM,1,1,7.95
1,22689,DOORMAT MERRY CHRISTMAS RED ,1,1,7.95
1,84712B,PINK JEWELLED PHOTO FRAME,1,1,7.95
1,84575A,PINK DOG CANNISTER,2,2,7.9
1,17091A,LAVENDER INCENSE IN TIN,4,16,7.82
1,21666,RIDGED GLASS T-LIGHT HOLDER,1,12,7.800000000000001
1,85216,ASSORTED CAKES FRIDGE MAGNETS,1,12,7.800000000000001
1,47503H,ASS FLORAL PRINT SPIRIT LEVEL ,2,4,7.8
1,85030,FRENCH CHATEAU OVAL PLATTER,1,4,7.8
1,21060,PARTY INVITES BALLOON GIRL,3,9,7.65
1,84457,SET/3 RABBITS FLOWER SKIPPPING ROPE,2,9,7.65
1,20768,GREEN FERN JOURNAL ,1,3,7.6499999999999995
1,22601,CHRISTMAS RETROSPOT ANGEL WOOD,3,9,7.6499999999999995
1,84507C,BLUE CIRCLES DESIGN MONKEY DOLL,2,3,7.6499999999999995
1,84508B,STRIPES DESIGN TEDDY,2,3,7.6499999999999995
1,84798A,PINK FOXGLOVE ARTIIFCIAL FLOWER,1,3,7.6499999999999995
1,85205B,PINK FELT EASTER RABBIT GARLAND,1,3,7.6499999999999995
1,90042A,FRESHWATER PEARL BRACELET GOLD,2,3,7.6499999999999995
1,90094,NECKLACE+BRACELET SET FRUIT SALAD ,2,3,7.6499999999999995
1,85202,HANGING WOOD AND FELT HEART,3,18,7.5600000000000005
1,51020A,SUMMER FUN DESIGN SHOWER CAP,4,26,7.539999999999999
1,20654,FIRST CLASS LUGGAGE TAG ,1,6,7.5
1,20765,CHRYSANTHEMUM SKETCHBOOK ,2,2,7.5
1,20868,SILVER FABRIC MIRROR,2,6,7.5
1,20933,YELLOW POT PLANT CANDLE,1,2,7.5
1,21808,"CHRISTMAS GARLAND STARS,TREES",2,2,7.5
1,21821,GLITTER STAR GARLAND WITH BELLS ,1,2,7.5
1,22252,BIRDCAGE DECORATION TEALIGHT HOLDER,2,6,7.5
1,22676,FRENCH BLUE METAL DOOR SIGN 1,2,6,7.5
1,84519A,TOMATO CHARLIE+LOLA COASTER SET,1,6,7.5
1,84597C,RETRO PINK BALL ASHTRAY ,3,6,7.5
1,84751B,BLACK MEDIUM GLASS CAKE STAND,1,2,7.5
1,84800S,SMALL WHITE/PINK ROSE ART FLOWER,1,6,7.5
1,85049B,LUSH GREENS RIBBONS,3,6,7.5
1,85055,FRENCH ENAMEL UTENSIL HOLDER,2,2,7.5
1,62043B,BLUE CHECK BAG W HANDLE 34X20CM,4,9,7.47
1,21815,STAR  T-LIGHT HOLDER ,1,5,7.25
1,37327,ASSTD MULTICOLOUR CIRCLES MUG,3,18,7.02
1,85230F,JASMINE VOTIVE CANDLE,1,24,6.959999999999999
1,85230G,ORANGE VOTIVE CANDLE,1,24,6.959999999999999
1,90160B,RED BOUDICCA LARGE BRACELET,1,1,6.95
1,85231G,ORANGE SCENTED SET/9 T-LIGHTS,2,8,6.8
1,85017C,ENVELOPE 50 CURIOUS IMAGES,3,9,6.79
1,20793,BLUE TILED TRAY,1,1,6.75
1,22179,SET 10 NIGHT OWL LIGHTS,1,1,6.75
1,85172,HYACINTH BULB T-LIGHT CANDLES,1,16,6.72
1,90204,PAIR OF ENAMEL BUTTERFLY HAIRCLIP,2,2,6.7
1,17013D,ORIGAMI ROSE INCENSE IN TUBE,2,13,6.6899999999999995
1,23099,FRENCH CARRIAGE LANTERN,1,1,6.65
1,22069,BROWN  PIRATE TREASURE CHEST ,2,4,6.6
1,22286,DECORATION WOBBLY RABBIT METAL ,1,4,6.6
1,75013B,"STRING OF 8 BUTTERFLIES,PINK",2,4,6.6
1,21402,RED  EGG  SPOON,2,54,6.4799999999999995
1,21758,VINTAGE SHELLS PRINT,1,1,6.45
1,85047,WHITE BEADED GARLAND STRING 20LIGHT,1,1,6.35
1,20618,QUEEN OF THE SKIES PASSPORT COVER ,1,3,6.300000000000001
1,21147,JINGLE BELLS TREE DECORATION,2,3,6.300000000000001
1,21157,RED RETROSPOT WASHBAG,2,3,6.300000000000001
1,21427,SKULLS STORAGE BOX SMALL,2,3,6.300000000000001
1,35911B,PINK/FLOWER RABBIT EGG WARMER ,1,3,6.300000000000001
1,85208,SET/12 FUNKY FELT FLOWER PEG IN BAG,2,3,6.300000000000001
1,21413,PERIWINKLE T-LIGHT HOLDER,2,5,6.25
1,21562,HAWAIIAN GRASS SKIRT ,1,5,6.25
1,22095,LADS ONLY TISSUE BOX,5,5,6.25
1,22684,FRENCH BLUE METAL DOOR SIGN 9,3,5,6.25
1,85049H,URBAN BLACK RIBBONS ,3,5,6.25
1,23156,SET OF 5 MINI GROCERY MAGNETS,1,3,6.24
1,23241,TREASURE TIN GYMKHANA DESIGN,3,3,6.24
1,16008,SMALL FOLDING SCISSOR(POINTED EDGE),2,24,6.0
1,21661,VINTAGE GLASS TEA CADDY,1,1,5.95
1,84709B,PINK OVAL JEWELLED MIRROR,1,1,5.95
1,84858C,PINK RIVIERA HANDBAG,1,1,5.95
1,84906,PINK B'FLY C/COVER W BOBBLES,1,1,5.95
1,90060B,FIRE POLISHED GLASS NECKL GOLD,1,1,5.95
1,90060D,FIRE POLISHED GLASS NECKL BRONZE,1,1,5.95
1,90145,SILVER HOOP EARRINGS WITH FLOWER,1,1,5.95
1,90179A,AMBER FINE BEAD NECKLACE W TASSEL,1,1,5.95
1,20758,ABSTRACT CIRCLES POCKET BOOK,3,7,5.949999999999999
1,21726,MULTI HEARTS  STICKERS,2,7,5.949999999999999
1,22600,CHRISTMAS RETROSPOT STAR WOOD,2,7,5.949999999999999
1,85026B,EAU DE NILE JEWELLED T-LIGHT HOLDER,2,7,5.949999999999999
1,16207B,PINK HEART RED HANDBAG,1,2,5.9
1,20666,ECONOMY HOLIDAY PURSE,2,2,5.9
1,21253,SET OF PICTURE FRAME  STICKERS,1,2,5.9
1,21564,PINK  HEART SHAPE LOVE BUCKET ,2,2,5.9
1,21738,COSY SLIPPER SHOES SMALL  RED ,2,2,5.9
1,22701,PINK DOG BOWL,1,2,5.9
1,35653,VINTAGE BEAD NOTEBOOK,2,2,5.9
1,45013,FOLDING SHOE TIDY,1,2,5.9
1,84558A,3D DOG PICTURE PLAYING CARDS,2,2,5.9
1,84865,NEW BAROQUE BLACK PHOTO ALBUM,1,2,5.9
1,90129C,GREEN GLASS TASSLE BAG CHARM,1,2,5.9
1,44235,ASS COL CIRCLE MOBILE ,3,14,5.88
1,47471,RAINBOW PEGS PHOTO CLIP STRING,3,9,5.85
1,46000R,POLYESTER FILLER PAD 45x30cm,3,4,5.8
1,20780,BLACK EAR MUFF HEADPHONES,1,1,5.49
1,22420,LIPSTICK PEN BABY PINK,2,13,5.46
1,37489B,BLUE/YELLOW FLOWER DESIGN BIG MUG,3,6,5.46
1,85064,CREAM SWEETHEART LETTER RACK,1,1,5.45
1,21401,BLUE PUDDING SPOON,2,30,5.4
1,84673A,PINK FLY SWAT,4,8,5.2
1,20698,LITTLE PINK MONSTER SOFT TOY,1,2,5.1
1,20840,FRENCH FLORAL CUSHION COVER ,1,6,5.1
1,21678,PAISLEY PATTERN  STICKERS,1,6,5.1
1,22345,PARTY PIZZA DISH BLUE POLKADOT,1,6,5.1
1,22346,PARTY PIZZA DISH GREEN POLKADOT,1,6,5.1
1,22353,LUNCH BOX WITH CUTLERY FAIRY CAKES ,2,2,5.1
1,22572,ROCKING HORSE GREEN CHRISTMAS ,3,6,5.1
1,23286,BLUE VINTAGE SPOT BEAKER,2,6,5.1
1,23288,GREEN VINTAGE SPOT BEAKER,1,6,5.1
1,47586A,PINK FAIRY CAKE CUSHION COVER,1,2,5.1
1,72800C,4 PINK DINNER CANDLE SILVER FLOCK,1,2,5.1
1,84925F,PSYCHEDELIC WALL THERMOMETER,1,2,5.1
1,84849B,FAIRY SOAP SOAP HOLDER,3,3,5.07
1,17096,ASSORTED LAQUERED INCENSE HOLDERS,1,24,5.04
1,22044,CHRISTMAS CARD STACK OF PRESENTS,1,12,5.04
1,22152,PLACE SETTING WHITE STAR,1,12,5.04
1,23003,TRAVEL CARD WALLET VINTAGE ROSE ,4,12,5.04
1,35095A,BLUE VICTORIAN FABRIC OVAL BOX,1,12,5.04
1,35095B,RED VICTORIAN FABRIC OVAL BOX,1,12,5.04
1,71406C,BLACK ORANGE SQUEEZER,1,12,5.04
1,72024U,LILAC VOTIVE CANDLE,1,24,5.04
1,84228,HEN HOUSE W CHICK STANDING,1,12,5.04
1,84247L,FAWN AND MUSHROOM GREETING CARD,1,12,5.04
1,84249A,"GREETING CARD,SQUARE, DOUGHNUTS",1,12,5.04
1,85204,HANGING WOOD AND FELT FLOWER,2,12,5.04
1,16161G,WRAP BAD HAIR DAY,2,50,5.0
1,21826,EIGHT PIECE DINOSAUR SET,2,4,5.0
1,22093,MOTORING TISSUE BOX,3,4,5.0
1,22408,MONEY BOX CONFECTIONERY DESIGN,2,4,5.0
1,22678,FRENCH BLUE METAL DOOR SIGN 3,3,4,5.0
1,22680,FRENCH BLUE METAL DOOR SIGN 5,5,4,5.0
1,47310M,SMALL POP BOX FUNKY MONKEY,1,4,5.0
1,72801G,4 BURGUNDY WINE DINNER CANDLES,1,4,5.0
1,21813,GARLAND WITH STARS AND BELLS,1,1,4.95
1,85232B,SET OF 3 BABUSHKA STACKING TINS,1,1,4.95
1,90081A,LILY BROOCH AMETHYST COLOUR,1,1,4.95
1,90133,TEAL/FUSCHIA COL BEAD NECKLACE,1,1,4.95
1,90141A,GREEN PENDANT TRIPLE SHELL NECKLACE,1,1,4.95
1,90141C,TURQ PENDANT TRIPLE SHELL NECKLACE,1,1,4.95
1,20773,BLUE PAISLEY NOTEBOOK,1,3,4.949999999999999
1,20774,GREEN FERN NOTEBOOK,1,3,4.949999999999999
1,21190,PINK HEARTS PAPER GARLAND,2,3,4.949999999999999
1,90059E,DIAMANTE HAIR GRIP PACK/2 RUBY,1,3,4.949999999999999
1,16218,CARTOON  PENCIL SHARPENERS,1,80,4.8
1,21316,SMALL CHUNKY GLASS ROMAN  BOWL,1,6,4.74
1,37489C,GREEN/BLUE FLOWER DESIGN BIG MUG,2,4,4.68
1,51014L,"FEATHER PEN,LIGHT PINK",1,12,4.68
1,35607A,PINK FLUFFY CHRISTMAS DECORATION,1,24,4.5600000000000005
1,84251B,"GREETING CARD, STICKY GORDON",2,24,4.5600000000000005
1,84251G,"GREETING CARD, OVERCROWDED POOL.",2,24,4.5600000000000005
1,84826,ASSTD DESIGN 3D PAPER STICKERS,5,186,4.4999999999999964
1,21824,PAINTED METAL STAR WITH HOLLY BELLS,1,3,4.35
1,22142,CHRISTMAS CRAFT WHITE FAIRY ,2,3,4.35
1,23198,PANTRY MAGNETIC  SHOPPING LIST,1,3,4.35
1,20695,FLORAL BLUE MONSTER,1,1,4.25
1,21000,ROSE DU SUD COSMETICS BAG,1,1,4.25
1,21131,GOLD STANDING GNOME,1,1,4.25
1,21895,POTTING SHED SOW 'N' GROW SET,1,1,4.25
1,22218,CAKE STAND LACE WHITE,1,1,4.25
1,40001,WHITE BAMBOO RIBS LAMPSHADE,2,5,4.25
1,84922,PINK BUTTERFLY WASHBAG,1,1,4.25
1,85084,HOLLY TOP CHRISTMAS STOCKING,2,5,4.25
1,90001C,ANTIQUE OPAL WHITE FLOWER EARRINGS,1,1,4.25
1,90200C,BLUE SWEETHEART BRACELET,1,1,4.25
1,16236,KITTY PENCIL ERASERS,2,20,4.2
1,17164B,ASS COL SMALL SAND GECKO P'WEIGHT,1,10,4.2
1,21638,ASSORTED TUTTI FRUTTI NOTEBOOK,1,2,4.2
1,21736,GOLD SCROLL GLASS T-LIGHT HOLDER,1,2,4.2
1,22703,PINK CAT BOWL,1,2,4.2
1,62074B,ELEPHANT CLIP W SUCTION CUP,1,10,4.2
1,85197,SET OF 12 MINI BUNNIES IN A BUCKET,1,2,4.2
1,23041,PAPER LANTERN 9 POINT SNOW STAR,1,1,4.15
1,23045,PAPER LANTERN 5 POINT STAR MOON ,1,1,4.15
1,47343A,FUSCHIA FLOWER PURSE WITH BEADS,2,5,4.1499999999999995
1,47344B,BLUE FLOWER DES PURSE,2,5,4.1499999999999995
1,62097B,BLUE STRIPES SHOULDER BAG,1,5,4.1499999999999995
1,84673B,BLUE FLY SWAT,2,6,3.9000000000000004
1,22881,NUMBER TILE VINTAGE FONT 2,1,2,3.9
1,35910A,MULTICOLOUR EASTER RABBIT ,1,2,3.9
1,47594A,CAROUSEL DESIGN WASHBAG,2,2,3.9
1,17136A,BLUE STONES ON WIRE FOR CANDLE,2,48,3.84
1,20655,QUEEN OF SKIES LUGGAGE TAG,1,3,3.75
1,20657,TROPICAL LUGGAGE TAG,2,3,3.75
1,20659,ECONOMY LUGGAGE TAG,1,3,3.75
1,20694,FLORAL PINK MONSTER,1,1,3.75
1,20696,FLORAL SOFT CAR TOY,1,1,3.75
1,21028,NINJA RABBIT BLACK,1,3,3.75
1,21030,SPACE CADET RED,1,3,3.75
1,21372,MIRRORED WALL ART TABLE LAMP,1,5,3.75
1,21445,12 PINK ROSE PEG PLACE SETTINGS,4,3,3.75
1,21486,PINK HEART DOTS HOT WATER BOTTLE,1,1,3.75
1,21692,SILVER LATTICE VANILLA CANDLE POT,1,1,3.75
1,22679,FRENCH BLUE METAL DOOR SIGN 4,2,3,3.75
1,22683,FRENCH BLUE METAL DOOR SIGN 8,2,3,3.75
1,22686,FRENCH BLUE METAL DOOR SIGN No,3,3,3.75
1,47563A,RETRO LONGBOARD IRONING BOARD COVER,1,1,3.75
1,72133,COLUMBIAN CANDLE RECTANGLE,1,3,3.75
1,82011C,BATHROOM SCALES FOOTPRINTS IN SAND,1,1,3.75
1,84595E,LARGE TORTILLA DESIGN RED BOWL,1,1,3.75
1,84685,BEACH HUT KEY CABINET,1,1,3.75
1,84870B,BLUE GEISHA GIRL ,1,1,3.75
1,84921,CREAM AND PINK FLOWERS PONY ,1,1,3.75
1,90002D,FLOWER BURST SILVER RING CRYSTAL,1,1,3.75
1,90003B,ROSE COLOUR PAIR HEART HAIR SLIDES,1,1,3.75
1,90003C,MIDNIGHT BLUE PAIR HEART HAIR SLIDE,1,1,3.75
1,90003D,CRYSTAL PAIR HEART HAIR SLIDES,1,1,3.75
1,90022,EDWARDIAN DROP EARRINGS JET BLACK,1,1,3.75
1,90025A,BAROQUE BUTTERFLY EARRINGS BLACK,1,1,3.75
1,35271S,GOLD PRINT PAPER BAG,2,19,3.6100000000000003
1,21089,SET/6 GREEN SPRING PAPER CUPS,2,14,3.58
1,44234,ASSORTED CIRCULAR MOBILE,4,17,3.5700000000000003
1,20756,GREEN FERN POCKET BOOK,2,4,3.4
1,20757,RED DAISY POCKET BOOK ,2,4,3.4
1,21944,KITTENS DESIGN FLANNEL,2,4,3.4
1,22579,WOODEN TREE CHRISTMAS SCANDINAVIAN,3,4,3.4
1,22446,PIN CUSHION BABUSHKA PINK,1,1,3.35
1,22447,PIN CUSHION BABUSHKA BLUE,1,1,3.35
1,20857,BLUE ROSE PATCH PURSE PINK BUTTERFL,1,2,3.3
1,90059B,DIAMANTE HAIR GRIP PACK/2 BLACK DIA,1,2,3.3
1,21420,OYSTER TRINKET BOX,1,1,3.25
1,22900,SET 2 TEA TOWELS I LOVE LONDON ,1,1,3.25
1,22092,BLUE PAISLEY TISSUE BOX,2,6,3.2
1,37413,ICON MUG REVOLUTIONARY,3,8,3.12
1,20664,TROPICAL HOLIDAY PURSE ,1,1,2.95
1,21251,DINOSAUR HEIGHT CHART STICKER SET,1,1,2.95
1,21333,CLASSIC WHITE FRAME,1,1,2.95
1,21898,POTTING SHED ROSE CANDLE,1,1,2.95
1,22163,HEART STRING MEMO HOLDER HANGING,1,1,2.95
1,22313,OFFICE MUG WARMER PINK,1,1,2.95
1,35598B,BLACK CHRISTMAS TREE 60CM,1,1,2.95
1,35909A,RABBIT EASTER DECORATION,1,1,2.95
1,84247N,PACK/12 BLUE FOLKART CARDS,1,1,2.95
1,84625A,PINK NEW BAROQUECANDLESTICK CANDLE,1,1,2.95
1,90067A,PINK VINTAGE VICTORIAN EARRINGS,1,1,2.95
1,90129F,RED GLASS TASSLE BAG CHARM,1,1,2.95
1,90183C,BLACK DROP EARRINGS W LONG BEADS,1,1,2.95
1,90186B,CRYSTAL HOOP EARRING FLORAL LEAF,1,1,2.95
1,90190C,SILVER/AMETHYST DROP EARRINGS LEAF,1,1,2.95
1,90210B,CLEAR ACRYLIC FACETED BANGLE,1,1,2.95
1,23005,TRAVEL CARD WALLET I LOVE LONDON,1,7,2.94
1,79190A,RETRO PLASTIC 70'S TRAY,2,7,2.94
1,21816,CHRISTMAS TREE T-LIGHT HOLDER,1,2,2.9
1,16048,TEATIME ROUND PENCIL SHARPENER ,1,24,2.88
1,20668,DISCO BALL CHRISTMAS DECORATION,1,24,2.88
1,21400,RED PUDDING SPOON,1,24,2.88
1,23309,SET OF 60 I LOVE LONDON CAKE CASES ,3,5,2.75
1,10123C,HEARTS WRAPPING TAPE ,2,4,2.6
1,20699,MOUSEY LONG LEGS SOFT TOY,1,1,2.55
1,21286,RETROSPOT CANDLE  LARGE,1,1,2.55
1,21367,MIRRORED WALL ART GENTS,1,1,2.55
1,21818,GLITTER HEART DECORATION,1,3,2.55
1,22309,TEA COSY RED  STRIPE,1,1,2.55
1,22593,CHRISTMAS GINGHAM STAR,1,3,2.55
1,37479B,CUBIC MUG FLOCK BLUE ON BROWN,1,1,2.55
1,37509,NEW ENGLAND MUG W GIFT BOX,1,1,2.55
1,72140E,BEST DAD CANDLE LETTERS,2,3,2.55
1,72800B, 4 PURPLE FLOCK DINNER CANDLES,1,1,2.55
1,81950V,FLOWER PURPLE CLOCK W/SUCKER,1,3,2.55
1,84925D,LA PALMIERA WALL THERMOMETER,1,1,2.55
1,85018D,YULETIDE IMAGES S/6 PAPER BOXES,1,1,2.55
1,17028J,INCENSE BAZAAR PEACH,1,6,2.52
1,22134,LADLE LOVE HEART RED ,1,6,2.52
1,22135,LADLE LOVE HEART PINK,1,6,2.52
1,79190B,RETRO PLASTIC POLKA TRAY,1,6,2.52
1,84745A,PINK HANGING GINGHAM EASTER HEN,1,6,2.52
1,84745B,BLUE HANGING GINGHAM EASTER HEN,1,6,2.52
1,21949,SET OF 6 STRAWBERRY CHOPSTICKS,1,2,2.5
1,22097,SWALLOW SQUARE TISSUE BOX,2,2,2.5
1,22100,SKULLS SQUARE TISSUE BOX,2,2,2.5
1,22280,POCKET BAG PINK PAISELY BROWN SPOT,1,2,2.5
1,22407,MONEY BOX FIRST ADE DESIGN,1,2,2.5
1,22682,FRENCH BLUE METAL DOOR SIGN 7,1,2,2.5
1,22732,3D VINTAGE CHRISTMAS STICKERS ,1,2,2.5
1,40003,WHITE BAMBOO RIBS LAMPSHADE,2,2,2.5
1,40046A,RED DAISY PAPER LAMPSHADE,1,2,2.5
1,47341B,BLUE TABLE RUN FLOWER,1,2,2.5
1,84569A,PACK 3 IRON ON DOG PATCHES,2,2,2.5
1,84597B,RETRO BROWN BALL ASHTRAY ,1,2,2.5
1,35648,VINTAGE BEAD PINK PURSE ,1,3,2.4899999999999998
1,85160B,BLACK BIRD GARDEN DESIGN MUG,1,6,2.34
1,37487B,YELLOW/ORANGE FLOWER DESIGN PLATE,1,8,2.32
1,51020B,STRIPY DESIGN SHOWER CAP,2,8,2.32
1,21579,LOLITA  DESIGN  COTTON TOTE BAG,1,1,2.25
1,21580,RABBIT  DESIGN  COTTON TOTE BAG,1,1,2.25
1,22155,STAR DECORATION RUSTIC,1,5,2.1
1,35809B,ENAMEL BLUE RIM TEA CONTAINER,1,1,2.1
1,35815P,"ACRYLIC JEWEL SNOWFLAKE, PINK",1,1,2.1
1,47579,TEA TIME BREAKFAST BASKET,1,1,2.1
1,84927A,WAKE UP COCKEREL TILE HOOK,1,1,2.1
1,84927F,PSYCHEDELIC TILE HOOK,1,1,2.1
1,85170A,SET/6 IVORY BIRD T-LIGHT CANDLES,1,1,2.1
1,85195,HANGING HEART BASKET,1,1,2.1
1,90125A,PINK BERTIE GLASS BEAD BAG CHARM,1,1,2.1
1,90125B,AQUA BERTIE GLASS BEAD BAG CHARM,1,1,2.1
1,90125C,TURQUOISE BERTIE GLASS BEAD CHARM,1,1,2.1
1,90125D,PURPLE BERTIE GLASS BEAD BAG CHARM,1,1,2.1
1,90125E,AMBER BERTIE GLASS BEAD BAG CHARM,1,1,2.1
1,71050,SMALL SINGLE FLAME CANDLE HOLDER,1,6,2.0999999999999996
1,23158,SET OF 5 LUCKY CAT MAGNETS ,1,1,2.08
1,23338,EGG FRYING PAN RED ,1,1,2.08
1,84535A,ENGLISH ROSE NOTEBOOK A6 SIZE,1,3,1.9500000000000002
1,21461,BLUE EASTER EGG HUNT START POST,1,1,1.95
1,47594B,SCOTTIES DESIGN WASHBAG,1,1,1.95
1,72131,COLUMBIAN CANDLE RECTANGLE,1,1,1.95
1,84859B,BLUE DISCO HANDBAG,1,1,1.95
1,84859C,PINK DISCO HANDBAG,1,1,1.95
1,85095,THREE CANVAS LUGGAGE TAGS,1,1,1.95
1,16046,TEATIME PEN CASE & PENS,1,2,1.7
1,21018,BIRD BOX CHRISTMAS TREE DECORATION,1,2,1.7
1,21095,SET/6 POSIES PAPER PLATES,1,2,1.7
1,21284,RETROSPOT CANDLE  SMALL,1,1,1.69
1,23004,TRAVEL CARD WALLET PANTRY,2,4,1.68
1,72051S,BAG OF SILVER STONES,1,4,1.68
1,84596J,MIXED NUTS LIGHT GREEN BOWL,2,2,1.67
1,20777,CHRYSANTHEMUM NOTEBOOK,1,1,1.65
1,21196,ROUND WHITE CONFETTI IN TUBE,1,1,1.65
1,22310,IVORY KNITTED MUG COSY ,1,1,1.65
1,35651,VINTAGE BEAD PINK SCARF ,1,1,1.65
1,72798C,SET/4 GARDEN ROSE DINNER CANDLE,1,1,1.65
1,84725,FREESTYLE CANVAS ART PICTURE,1,1,1.65
1,84874B,BLUE TRAVEL FIRST AID KIT,1,1,1.65
1,85024C,PINK SMALL JEWELLED PHOTOFRAME,1,1,1.65
1,85130D,BEADED CRYSTAL HEART PINK LARGE,1,1,1.65
1,90059C,DIAMANTE HAIR GRIP PACK/2 MONTANA,1,1,1.65
1,16216,LETTER SHAPE PENCIL SHARPENER,1,10,1.6
1,75011,BLUE DAISY MOBILE,1,2,1.58
1,21319,GLASS CHALICE GREEN  SMALL ,1,4,1.56
1,16202A,PASTEL PINK PHOTO ALBUM ,1,3,1.5
1,85008,SET OF 3 CONEY ISLAND OVAL BOXES,1,1,1.5
1,79406,FROSTED WHITE BASE ,1,6,1.32
1,10124A,SPOTS ON RED BOOKCOVER TAPE,1,3,1.26
1,22034,ROBIN CHRISTMAS CARD,1,3,1.26
1,22134,MINI LADLE LOVE HEART RED ,1,3,1.26
1,17090D,VANILLA INCENSE 40 CONES IN TIN,1,1,1.25
1,18094C,WHITE AND BLUE CERAMIC OIL BURNER,1,1,1.25
1,21026,SPACE OWL,1,1,1.25
1,21228,"POCKET MIRROR ""GLAMOROUS""",1,1,1.25
1,21357,TOAST ITS - DINOSAUR,1,1,1.25
1,21947,SET OF 6 HEART CHOPSTICKS,1,1,1.25
1,35591T,TURQUOISE CHRISTMAS TREE ,1,1,1.25
1,72816,SET/3 CHRISTMAS DECOUPAGE CANDLES,1,1,1.25
1,79192A,RETRO PLASTIC 70'S TRAY,1,1,1.25
1,82613A,"METAL SIGN,CUPCAKE SINGLE HOOK",1,1,1.25
1,84466,TOP SECRET PEN SET,1,1,1.25
1,84754,S/15 SILVER GLASS BAUBLES IN BAG,1,1,1.25
1,85225,BLING KEY RING STAND,1,1,1.25
1,37489A,YELLOW/PINK FLOWER DESIGN BIG MUG,2,3,1.17
1,79062D,"RETRO TIN ASHTRAY,REVOLUTIONARY",1,4,1.16
1,84989A,75 GREEN FAIRY CAKE CASES,1,2,1.1
1,20735,BLACK MINI TAPE MEASURE ,1,1,0.85
1,20760,GARDEN PATH POCKET BOOK,1,1,0.85
1,21817,GLITTER CHRISTMAS TREE,1,1,0.85
1,21818,GLITTER CHRISTMAS HEART ,1,1,0.85
1,22598,CHRISTMAS MUSICAL ZINC TREE,1,1,0.85
1,35913B,WHITE/PINK CHICK EASTER DECORATION,1,1,0.85
1,40005B,BLUE ORGANDY ROUND LAMPSHADE W BEA,1,1,0.85
1,84006,MAGIC TREE -PAPER FLOWERS,1,1,0.85
1,84452,METAL RABBIT LADDER EASTER ,1,1,0.85
1,84559A,3D SHEET OF DOG STICKERS,1,1,0.85
1,22535,MAGIC DRAWING SLATE BUNNIES ,2,2,0.84
1,23006,TRAVEL CARD WALLET FLOWER MEADOW,1,2,0.84
1,44091A,BLUE CRUSOE CHECK LAMPSHADE,1,2,0.84
1,84199,GLOW IN DARK DOLPHINS,1,4,0.84
1,23280,FOLDING BUTTERFLY MIRROR HOT PINK ,1,1,0.83
1,23281,FOLDING BUTTERFLY MIRROR RED  ,1,1,0.83
1,37340,MULTICOLOUR SPRING FLOWER MUG,1,2,0.78
1,37489D,PINK/GREEN FLOWER DESIGN BIG MUG,2,2,0.78
1,84531A,PINK KNITTED EGG COSY,2,2,0.78
1,84531B,BLUE KNITTED EGG COSY,2,2,0.78
1,79063D,"RETRO PILL BOX , REVOLUTIONARY",1,4,0.76
1,47013C,WINE BOTTLE DRESSING DARK BLUE,1,6,0.72
1,84231,EASTER BUNNY WITH BASKET ON BACK,1,1,0.65
1,16258A,SWIRLY CIRCULAR RUBBERS IN BAG,1,1,0.42
1,21801,CHRISTMAS TREE DECORATION WITH BELL,1,1,0.42
1,21807,WHITE CHRISTMAS STAR DECORATION,1,1,0.42
1,22532,MAGIC DRAWING SLATE LEAP FROG ,1,1,0.42
1,44089C,LILAC GAUZE BUTTERFLY LAMPSHADE,1,1,0.42
1,85230B,CINNAMON SCENTED VOTIVE CANDLE,1,1,0.29
1,10120,DOGGY RUBBER,1,1,0.21
1,79063C,"RETRO PILL BOX KEY CHAIN,THE KING",1,1,0.19
1,20898,VINTAGE NOTEBOOK TRAVELOGUE,2,0,0.0
1,21038,SET/4 MODERN VINTAGE COTTON NAPKINS,2,0,0.0
1,21349,IVY HEART WREATH,2,0,0.0
1,79191D,RETRO PLASTIC DAISY TRAY,2,0,0.0
1,90174,BUTTERFLY HAIR BAND,2,0,0.0
1,90211B,JET BLACK LAS VEGAS NECKLACE 45CM,2,0,0.0
1,21822,GLITTER CHRISTMAS TREE WITH BELLS,1,-2,-3.9
1,71279,PINK GLASS CANDLEHOLDER,1,-2,-5.9
1,22311,OFFICE MUG WARMER BLACK+SILVER ,3,-2,-5.900000000000001
1,22184,CAKE STAND VICTORIAN FILIGREE LARGE,1,-1,-8.5
1,20703,BLUE PADDED SOFT MOBILE,1,-3,-12.75
1,85045,GREEN CHRISTMAS TREE STRING 20LIGHT,1,-4,-19.8
1,22580,ADVENT CALENDAR GINGHAM SACK,2,-5,-29.75
1,22769,CHALKBOARD KITCHEN ORGANISER,3,-6,-125.69999999999999
1,M,Manual,26,-1219,-721.0
2,22423,REGENCY CAKESTAND 3 TIER,1002,8894,100377.25
2,85123A,WHITE HANGING HEART T-LIGHT HOLDER,990,23766,64878.299999999996
2,85099B,JUMBO BAG RED RETROSPOT,1037,33671,61506.19
2,47566,PARTY BUNTING,717,9565,42307.630000000005
2,23084,RABBIT NIGHT LIGHT,436,19061,36210.05
2,84879,ASSORTED COLOUR BIRD ORNAMENT,630,23006,36082.7
2,POST,POSTAGE,607,1589,32108.08
2,79321,CHILLI LIGHTS,351,6623,31949.960000000003
2,21137,BLACK RECORD COVER FRAME,197,9244,31568.690000000002
2,22386,JUMBO BAG PINK POLKADOT,574,16031,29262.81
2,82484,WOOD BLACK BOARD ANT WHITE FINISH,386,5181,28997.86
2,23284,DOORMAT KEEP CALM AND COME IN,379,3968,25688.14
2,85099F,JUMBO BAG STRAWBERRY,433,13731,24681.12
2,22086,PAPER CHAIN KIT 50'S CHRISTMAS ,442,8841,24079.63
2,23298,SPOTTY BUNTING,526,5059,23069.940000000002
2,22720,SET OF 3 CAKE TINS PANTRY DESIGN ,648,4842,22856.5
2,22470,HEART OF WICKER LARGE,362,6975,20958.850000000002
2,21623,VINTAGE UNION JACK MEMOBOARD,103,3040,20569.88
2,22960,JAM MAKING SET WITH JARS,453,5186,20564.72
2,20685,DOORMAT RED RETROSPOT,354,3243,20373.93
2,22629,SPACEBOY LUNCH BOX ,463,11601,20263.89
2,22178,VICTORIAN GLASS HANGING T-LIGHT,458,15829,19907.01
2,20725,LUNCH BAG RED RETROSPOT,862,12459,19648.15
2,23245,SET OF 3 REGENCY CAKE TINS,430,4408,19629.280000000002
2,23199,JUMBO BAG APPLES,493,10231,19320.87
2,22469,HEART OF WICKER SMALL,439,11096,19137.09
2,22727,ALARM CLOCK BAKELIKE RED ,577,5236,18988.65
2,22197,POPCORN HOLDER,386,24733,18516.65
2,23243,SET OF TEA COFFEE SUGAR TINS PANTRY,243,3910,18478.48
2,22189,CREAM HEART CARD HOLDER,217,7050,18253.3
2,23173,REGENCY TEAPOT ROSES ,213,2134,18098.52
2,21181,PLEASE ONE PERSON METAL SIGN,397,8954,17766.02
2,48187,DOORMAT NEW ENGLAND,275,3019,17606.25
2,22699,ROSES REGENCY TEACUP AND SAUCER ,484,6507,17502.25
2,21915,RED  HARMONICA IN BOX ,291,15479,17326.73
2,23201,JUMBO BAG ALPHABET,477,8967,17101.36
2,48138,DOORMAT UNION FLAG,274,2712,16697.34
2,22726,ALARM CLOCK BAKELIKE GREEN,541,4519,16690.9
2,85099C,JUMBO  BAG BAROQUE BLACK WHITE,401,9064,16561.41
2,22326,ROUND SNACK BOXES SET OF4 WOODLAND ,351,6169,16555.87
2,21733,RED HANGING HEART T-LIGHT HOLDER,366,5543,16385.89
2,21523,DOORMAT FANCY FONT HOME SWEET HOME,253,2674,16001.92
2,20713,JUMBO BAG OWLS,292,8810,15942.33
2,21166,COOK WITH WINE METAL SIGN ,346,8020,15885.09
2,22722,SET OF 6 SPICE TINS PANTRY DESIGN,355,4170,15854.6
2,22659,LUNCH BOX I LOVE LONDON,370,9233,15816.17
2,22630,DOLLY GIRL LUNCH BOX,384,9048,15763.839999999998
2,21931,JUMBO STORAGE BAG SUKI,521,8370,15719.84
2,21175,GIN + TONIC DIET METAL SIGN,372,7236,15632.869999999999
2,21731,RED TOADSTOOL LED NIGHT LIGHT,321,10237,15524.409999999998
2,22666,RECIPE BOX PANTRY YELLOW DESIGN,480,5503,15423.57
2,48194,DOORMAT HEARTS,239,2638,15064.06
2,22728,ALARM CLOCK BAKELIKE PINK,393,4060,14802.59
2,23202,JUMBO BAG VINTAGE LEAF,501,7519,14678.37
2,23203,JUMBO BAG VINTAGE DOILY ,387,7557,14595.16
2,22112,CHOCOLATE HOT WATER BOTTLE,373,3215,14592.210000000001
2,48185,DOORMAT FAIRY CAKE,142,2491,14584.69
2,22910,PAPER CHAIN KIT VINTAGE CHRISTMAS,316,5207,14006.57
2,22411,JUMBO SHOPPER VINTAGE RED PAISLEY,490,7264,13847.1
2,23355,HOT WATER BOTTLE KEEP CALM,350,3016,13585.2
2,15056N,EDWARDIAN PARASOL NATURAL,248,2504,13492.51
2,23206,LUNCH BAG APPLE DESIGN,578,8615,13450.95
2,21929,JUMBO BAG PINK VINTAGE PAISLEY,381,7307,13431.41
2,82482,WOODEN PICTURE FRAME WHITE FINISH,506,5720,13345.85
2,85066,CREAM SWEETHEART MINI CHEST,216,1129,13336.82
2,22090,PAPER BUNTING RETROSPOT,337,4943,13249.890000000001
2,22467,GUMBALL COAT RACK,377,5858,13194.2
2,23203,JUMBO BAG DOILEY PATTERNS,304,6742,12819.66
2,22961,JAM MAKING SET PRINTED,433,9171,12778.349999999999
2,22385,JUMBO BAG SPACEBOY DESIGN,332,6843,12547.710000000001
2,84347,ROTATING SILVER ANGELS T-LIGHT HLDR,156,-3445,12448.119999999999
2,22693,GROW A FLYTRAP OR SUNFLOWER IN TIN,106,12051,12415.11
2,22138,BAKING SET 9 PIECE RETROSPOT ,330,2583,12308.95
2,21621,VINTAGE UNION JACK BUNTING,193,1477,12189.16
2,20727,LUNCH BAG  BLACK SKULL.,643,7696,12154.2
2,20712,JUMBO BAG WOODLAND ANIMALS,326,6391,11983.02
2,DOT,DOTCOM POSTAGE,16,16,11906.36
2,22139,RETROSPOT TEA SET CERAMIC 11 PC ,387,2470,11790.08
2,22111,SCOTTIE DOG HOT WATER BOTTLE,272,2472,11573.0
2,22697,GREEN REGENCY TEACUP AND SAUCER,408,4178,11438.94
2,22457,NATURAL SLATE HEART CHALKBOARD ,422,3968,11375.92
2,22188,BLACK HEART CARD HOLDER,78,4540,11061.1
2,15056BL,EDWARDIAN PARASOL BLACK,196,1995,10974.87
2,21928,JUMBO BAG SCANDINAVIAN BLUE PAISLEY,293,5872,10952.9
2,20728,LUNCH BAG CARS BLUE,581,6926,10933.78
2,21212,PACK OF 72 RETROSPOT CAKE CASES,537,23255,10931.57
2,22384,LUNCH BAG PINK POLKADOT,575,6916,10916.4
2,21485,RETROSPOT HEART HOT WATER BOTTLE,264,2300,10849.28
2,22328,ROUND SNACK BOXES SET OF 4 FRUITS ,294,3985,10836.99
2,23344,JUMBO BAG 50'S CHRISTMAS ,305,5506,10768.880000000001
2,20914,SET/5 RED RETROSPOT LID GLASS BOWLS,470,3830,10754.980000000001
2,22492,MINI PAINT SET VINTAGE ,161,17791,10711.59
2,21843,RED RETROSPOT CAKE STAND,260,1045,10645.349999999999
2,22114,HOT WATER BOTTLE TEA AND SYMPATHY,267,2575,10644.37
2,22969,HOMEMADE JAM SCENTED CANDLES,194,7260,10551.6
2,82494L,WOODEN FRAME ANTIQUE WHITE ,459,3780,10511.37
2,84997D,CHILDRENS CUTLERY POLKADOT PINK,172,2718,10484.4
2,22993,SET OF 4 PANTRY JELLY MOULDS,534,8631,10242.6
2,48184,DOORMAT ENGLISH ROSE ,188,1555,10230.65
2,22379,RECYCLING BAG RETROSPOT ,290,5238,10181.68
2,82583,HOT BATHS METAL SIGN,226,5116,10157.2
2,22865,HAND WARMER OWL DESIGN,305,5107,10113.080000000002
2,22382,LUNCH BAG SPACEBOY DESIGN ,589,6342,10090.699999999999
2,22507,MEMO BOARD RETROSPOT  DESIGN,168,2307,10040.67
2,84029E,RED WOOLLY HOTTIE WHITE HEART.,165,2816,9915.220000000001
2,85152,HAND OVER THE CHOCOLATE   SIGN ,329,5359,9888.390000000001
2,22383,LUNCH BAG SUKI DESIGN ,570,6109,9742.45
2,22698,PINK REGENCY TEACUP AND SAUCER,339,3572,9737.44
2,20726,LUNCH BAG WOODLAND,509,6063,9561.71
2,71477,COLOUR GLASS. STAR T-LIGHT HOLDER,126,3282,9501.32
2,82483,WOOD 2 DRAWER CABINET WHITE FINISH,327,1497,9247.07
2,23108,SET OF 10 LED DOLLY LIGHTS,188,1557,9232.58
2,15036,ASSORTED COLOURS SILK FAN,180,12448,9218.48
2,23200,JUMBO BAG PEARS,296,4698,9063.84
2,48188,DOORMAT WELCOME PUPPIES,139,1699,9049.55
2,22197,SMALL POPCORN HOLDER,257,11886,8985.88
2,21754,HOME BUILDING BLOCK WORD,385,1535,8967.91
2,23174,REGENCY SUGAR BOWL GREEN,165,2291,8882.99
2,22624,IVORY KITCHEN SCALES,342,1057,8766.08
2,22077,6 RIBBONS RUSTIC CHARM,383,5084,8764.039999999999
2,84946,ANTIQUE SILVER T-LIGHT GLASS,259,7563,8735.95
2,48173C,DOORMAT BLACK FLOCK ,95,1636,8616.35
2,22171,3 HOOK PHOTO SHELF ANTIQUE WHITE,175,1242,8386.73
2,21977,PACK OF 60 PINK PAISLEY CAKE CASES,348,17966,8321.8
2,22551,PLASTERS IN TIN SPACEBOY,293,5324,8290.8
2,21524,DOORMAT SPOTTY HOME SWEET HOME,232,1161,8274.12
2,84078A,SET/4 WHITE RETRO STORAGE CUBES ,54,230,8268.5
2,21930,JUMBO STORAGE BAG SKULLS,329,4328,8154.150000000001
2,22558,CLOTHES PEGS RETROSPOT PACK 24 ,336,5552,8147.679999999999
2,23207,LUNCH BAG ALPHABET DESIGN,403,5140,8132.36
2,23356,LOVE HOT WATER BOTTLE,230,1478,8131.1
2,22988,SOLDIERS EGG CUP ,201,7175,8099.9400000000005
2,22752,SET 7 BABUSHKA NESTING BOXES,176,1041,8095.59
2,21936,RED RETROSPOT PICNIC BAG,255,2953,8025.009999999999
2,22622,BOX OF VINTAGE ALPHABET BLOCKS,98,824,8008.8099999999995
2,84077,WORLD WAR 2 GLIDERS ASSTD DESIGNS,208,32858,7999.039999999999
2,82486,WOOD S/3 CABINET ANT WHITE FINISH,250,974,7998.5
2,22554,PLASTERS IN TIN WOODLAND ANIMALS,306,5097,7990.929999999999
2,22730,ALARM CLOCK BAKELIKE IVORY,322,2075,7854.86
2,21108,FAIRY CAKE FLANNEL ASSORTED COLOUR,59,4430,7839.860000000001
2,23209,LUNCH BAG VINTAGE DOILY ,352,4848,7744.36
2,22941,CHRISTMAS LIGHTS 10 REINDEER,119,1047,7732.55
2,23301,GARDENERS KNEELING PAD KEEP CALM ,402,4749,7702.329999999999
2,84978,HANGING HEART JAR T-LIGHT HOLDER,318,6796,7697.04
2,22087,PAPER BUNTING WHITE LACE,155,2866,7651.1
2,22866,HAND WARMER SCOTTY DOG DESIGN,209,3895,7628.460000000001
2,22867,HAND WARMER BIRD DESIGN,215,3836,7582.930000000001
2,23209,LUNCH BAG DOILEY PATTERN ,315,4777,7578.05
2,84997C,CHILDRENS CUTLERY POLKADOT BLUE,106,1954,7523.5
2,22501,PICNIC BASKET WICKER LARGE,160,847,7518.2
2,22625,RED KITCHEN SCALES,270,932,7393.280000000001
2,84997B,CHILDRENS CUTLERY RETROSPOT RED ,123,1943,7382.93
2,21430,SET/3 RED GINGHAM ROSE STORAGE BOX,177,2152,7357.32
2,22847,BREAD BIN DINER STYLE IVORY,194,485,7353.99
2,20971,PINK BLUE FELT CRAFT TRINKET BOX,235,6580,7351.3
2,23208,LUNCH BAG VINTAGE LEAF DESIGN,404,4585,7331.05
2,48116,DOORMAT MULTICOLOUR STRIPE,93,1318,7270.97
2,22568,FELTCRAFT CUSHION OWL,208,2030,7214.47
2,20749,ASSORTED COLOUR MINI CASES,177,1055,7204.61
2,22690,DOORMAT HOME SWEET HOME BLUE ,136,1277,7168.389999999999
2,21891,TRADITIONAL WOODEN SKIPPING ROPE,126,5790,7045.2
2,22570,FELTCRAFT CUSHION RABBIT,171,2008,7028.27
2,22970,LONDON BUS COFFEE MUG,149,3165,7027.650000000001
2,20750,RED RETROSPOT MINI CASES,169,1007,6981.65
2,21217,RED RETROSPOT ROUND CAKE TINS,148,751,6971.45
2,85014B,RED RETROSPOT UMBRELLA,165,1256,6928.97
2,23313,VINTAGE CHRISTMAS BUNTING,178,1486,6913.22
2,23171,REGENCY TEA PLATE GREEN ,167,4557,6912.249999999999
2,22978,PANTRY ROLLING PIN,97,1794,6902.8099999999995
2,23175,REGENCY MILK JUG PINK ,162,2379,6883.75
2,22662,LUNCH BAG DOLLY GIRL DESIGN,376,4376,6881.84
2,22193,RED DINER WALL CLOCK,264,834,6855.84
2,47590B,PINK HAPPY BIRTHDAY BUNTING,156,1360,6813.6
2,22041,"RECORD FRAME 7"" SINGLE SIZE ",153,3090,6807.27
2,21080,SET/20 RED RETROSPOT PAPER NAPKINS ,405,8885,6805.39
2,82600,NO SINGING METAL SIGN,206,3268,6749.3
2,23170,REGENCY TEA PLATE ROSES ,215,4368,6731.639999999999
2,84029G,KNITTED UNION FLAG HOT WATER BOTTLE,172,1793,6653.67
2,85150,LADIES & GENTLEMEN METAL SIGN,225,3039,6571.38
2,22835,HOT WATER BOTTLE I AM SO POORLY,243,1408,6557.88
2,22607,WOODEN ROUNDERS GARDEN SET ,134,732,6556.69
2,22555,PLASTERS IN TIN STRONGMAN,220,4080,6484.039999999999
2,22084,PAPER CHAIN KIT EMPIRE,184,2345,6466.55
2,20724,RED RETROSPOT CHARLOTTE BAG,485,8214,6455.14
2,21232,STRAWBERRY CERAMIC TRINKET BOX,297,5586,6446.59
2,22113,GREY HEART HOT WATER BOTTLE,245,1702,6433.11
2,21790,VINTAGE SNAP CARDS,329,8497,6427.87
2,22083,PAPER CHAIN KIT RETROSPOT,222,2289,6394.110000000001
2,21559,STRAWBERRY LUNCH BOX WITH CUTLERY,266,2773,6384.44
2,22846,BREAD BIN DINER STYLE RED ,156,422,6335.46
2,22556,PLASTERS IN TIN CIRCUS PARADE ,290,3971,6328.3099999999995
2,21216,"SET 3 RETROSPOT TEA,COFFEE,SUGAR",152,1418,6322.62
2,21479,WHITE SKULL HOT WATER BOTTLE ,198,1692,6290.04
2,22149,FELTCRAFT 6 FLOWER FRIENDS,192,3258,6289.1900000000005
2,22569,FELTCRAFT CUSHION BUTTERFLY,148,1770,6287.8
2,22616,PACK OF 12 LONDON TISSUES ,224,22122,6210.74
2,22191,IVORY DINER WALL CLOCK,236,759,6208.4
2,22729,ALARM CLOCK BAKELIKE ORANGE,254,1704,6203.49
2,21755,LOVE BUILDING BLOCK WORD,277,1058,6201.56
2,22692,DOORMAT WELCOME TO OUR HOME,183,951,6197.33
2,23134,LARGE ZINC HEART WALL ORGANISER,20,1028,6127.08
2,22667,RECIPE BOX RETROSPOT ,300,2243,6124.45
2,20679,EDWARDIAN PARASOL RED,168,1101,6088.320000000001
2,21481,FAWN BLUE HOT WATER BOTTLE,213,1954,6069.780000000001
2,47556B,TEA TIME TEA TOWELS ,2,2600,6045.0
2,20711,JUMBO BAG TOYS ,166,3301,5968.67
2,82582,AREA PATROLLED METAL SIGN,215,3026,5933.820000000001
2,23581,JUMBO BAG PAISLEY PARK,183,3037,5866.360000000001
2,47590A,BLUE HAPPY BIRTHDAY BUNTING,166,1152,5854.42
2,22427,ENAMEL FLOWER JUG CREAM,196,1032,5847.08
2,22169,FAMILY ALBUM WHITE PICTURE FRAME,173,765,5821.59
2,21340,CLASSIC METAL BIRDCAGE PLANT HOLDER,123,538,5692.91
2,22766,PHOTO FRAME CORNICE,226,1949,5676.83
2,23343,JUMBO BAG VINTAGE CHRISTMAS ,204,2871,5656.38
2,84755,COLOUR GLASS T-LIGHT HOLDER HANGING,259,9345,5625.610000000001
2,22989,SET 2 PANTRY DESIGN TEA TOWELS,143,1843,5606.67
2,21218,RED SPOTTY BISCUIT TIN,130,1652,5588.2
2,23300,GARDENERS KNEELING PAD CUP OF TEA ,353,3508,5562.839999999999
2,21914,BLUE HARMONICA IN BOX ,272,4458,5548.2300000000005
2,23553,LANDMARK FRAME CAMDEN TOWN ,25,501,5544.85
2,23240,SET OF 4 KNICK KNACK TINS DOILY ,147,1390,5538.5
2,21174,POTTERING IN THE SHED METAL SIGN,187,2555,5534.54
2,84991,60 TEATIME FAIRY CAKE CASES,344,11733,5523.53
2,71459,HANGING JAM JAR T-LIGHT HOLDER,178,7225,5494.5
2,22273,FELTCRAFT DOLL MOLLY,126,2067,5481.09
2,22966,GINGERBREAD MAN COOKIE CUTTER,284,4649,5431.38
2,21210,SET OF 72 RETROSPOT PAPER  DOILIES,197,3889,5408.0199999999995
2,21787,RAIN PONCHO RETROSPOT,99,6888,5406.48
2,22619,SET OF 6 SOLDIER SKITTLES,145,1524,5398.75
2,22838,3 TIER CAKE TIN RED AND CREAM,79,410,5397.08
2,22900, SET 2 TEA TOWELS I LOVE LONDON ,104,2018,5377.5
2,22783,SET 3 WICKER OVAL BASKETS W LIDS,16,425,5363.97
2,22560,TRADITIONAL MODELLING CLAY,150,4681,5336.93
2,22605,WOODEN CROQUET GARDEN SET,107,402,5327.7300000000005
2,23077,DOUGHNUT LIP GLOSS ,123,4546,5287.7
2,21770,OPEN CLOSED METAL SIGN,155,1165,5271.96
2,23080,RED METAL BOX TOP SECRET,108,674,5259.78
2,23541,WALL ART CLASSIC PUDDINGS ,66,710,5182.54
2,23240,SET OF 4 KNICK KNACK TINS DOILEY ,111,1327,5181.05
2,22652,TRAVEL SEWING KIT,192,3273,5162.21
2,21955,DOORMAT UNION JACK GUNS AND ROSES,73,967,5160.51
2,20719,WOODLAND CHARLOTTE BAG,354,6641,5155.14
2,23297,SET 40 HEART SHAPE PETIT FOUR CASES,75,3315,5146.55
2,22499,WOODEN UNION JACK BUNTING,135,888,5111.13
2,C2,CARRIAGE,102,100,5075.0
2,22333,RETROSPOT PARTY BAG + STICKER SET,163,3349,5058.73
2,84406B,CREAM CUPID HEARTS COAT HANGER,143,1377,5053.43
2,23135,SMALL ZINC HEART WALL ORGANISER,24,1477,5047.25
2,23238,SET OF 4 KNICK KNACK TINS LONDON ,154,1263,5031.05
2,22759,SET OF 3 NOTEBOOKS IN PARCEL,104,3198,4988.099999999999
2,48111,DOORMAT 3 SMILEY CATS,97,877,4980.95
2,22355,CHARLOTTE BAG SUKI DESIGN,381,6336,4974.02
2,22617,BAKING SET SPACEBOY DESIGN,181,1059,4964.99
2,22352,LUNCH BOX WITH CUTLERY RETROSPOT ,207,2141,4956.19
2,22192,BLUE DINER WALL CLOCK,223,595,4948.33
2,84945,MULTI COLOUR SILVER T-LIGHT HOLDER,144,6282,4946.88
2,84997A,CHILDRENS CUTLERY POLKADOT GREEN ,88,1282,4943.360000000001
2,22381,TOY TIDY PINK POLKADOT,204,2528,4921.23
2,21791,VINTAGE HEADS AND TAILS CARD GAME ,221,4149,4898.35
2,21121,SET/10 RED POLKADOT PARTY CANDLES,174,4177,4892.93
2,22992,REVOLVER WOODEN RULER ,127,2725,4878.69
2,21165,BEWARE OF THE CAT METAL SIGN ,216,3111,4868.79
2,21259,VICTORIAN SEWING BOX SMALL ,144,850,4829.01
2,22632,HAND WARMER RED RETROSPOT,154,2466,4827.070000000001
2,22561,WOODEN SCHOOL COLOURING SET,179,3053,4821.57
2,22424,ENAMEL BREAD BIN CREAM,186,409,4815.8
2,23256,CHILDRENS CUTLERY SPACEBOY ,155,1212,4806.08
2,22633,HAND WARMER UNION JACK,199,2438,4805.76
2,22725,ALARM CLOCK BAKELIKE CHOCOLATE,208,1303,4800.51
2,21908,CHOCOLATE THIS WAY METAL SIGN,194,2474,4782.42
2,23318,BOX OF 6 MINI VINTAGE CRACKERS,131,2158,4772.77
2,22968,ROSE COTTAGE KEEPSAKE BOX ,78,541,4772.5
2,21169,YOU'RE CONFUSING ME METAL SIGN ,187,3009,4654.41
2,23531,WALL ART BIG LOVE ,59,860,4632.76
2,21035,SET/2 RED RETROSPOT TEA TOWELS ,127,1592,4631.5599999999995
2,22795,SWEETHEART RECIPE BOOK STAND,156,727,4628.05
2,22637,PIGGY BANK RETROSPOT ,145,1935,4609.82
2,22147,FELTCRAFT BUTTERFLY HEARTS,211,3395,4557.95
2,84378,SET OF 3 HEART COOKIE CUTTERS,230,3578,4539.39
2,21871,SAVE THE PLANET MUG,201,3922,4527.9400000000005
2,22585,PACK OF 6 BIRDY GIFT TAGS,127,3963,4525.95
2,22943,CHRISTMAS LIGHTS 10 VINTAGE BAUBLES,93,988,4525.68
2,22502,PICNIC BASKET WICKER SMALL,130,836,4519.2
2,22663,JUMBO BAG DOLLY GIRL DESIGN,211,2363,4512.37
2,21213,PACK OF 72 SKULL CAKE CASES,258,9733,4489.150000000001
2,22844,VINTAGE CREAM DOG FOOD CONTAINER,173,554,4487.75
2,23293,SET OF 12 FAIRY CAKE BAKING CASES,212,5805,4474.07
2,22768,FAMILY PHOTO FRAME CORNICE,100,515,4445.84
2,22631,CIRCUS PARADE LUNCH BOX ,166,2496,4427.78
2,22413,METAL SIGN TAKE IT OR LEAVE IT ,167,1485,4423.35
2,23076,ICE CREAM SUNDAE LIP GLOSS,112,3676,4413.56
2,22779,WOODEN OWLS LIGHT GARLAND ,98,1196,4388.6
2,22952,60 CAKE CASES VINTAGE CHRISTMAS,222,8723,4376.45
2,23319,BOX OF 6 MINI 50'S CRACKERS,154,1925,4364.8
2,23328,SET 6 SCHOOL MILK BOTTLES IN CRATE,122,1245,4363.83
2,84997B,RED 3 PIECE RETROSPOT CUTLERY SET,59,1226,4359.9
2,22158,3 HEARTS HANGING DECORATION RUSTIC,109,1579,4357.81
2,23082,SET 6 PAPER TABLE LANTERN HEARTS ,108,1242,4339.18
2,23382,BOX OF 6 CHRISTMAS CAKE DECORATIONS,76,1209,4335.03
2,21668,RED STRIPE CERAMIC DRAWER KNOB,229,3578,4316.71
2,22557,PLASTERS IN TIN VINTAGE PAISLEY ,193,2724,4295.839999999999
2,23582,VINTAGE DOILY JUMBO BAG RED ,153,2185,4294.3
2,84992,72 SWEETHEART FAIRY CAKE CASES,270,9207,4284.41
2,85048,15CM CHRISTMAS GLASS BALL 20 LIGHTS,88,592,4283.400000000001
2,21669,BLUE STRIPE CERAMIC DRAWER KNOB,245,3429,4264.28
2,84949,SILVER HANGING T-LIGHT HOLDER,145,2811,4254.349999999999
2,22621,TRADITIONAL KNITTING NANCY,217,2676,4245.719999999999
2,22508,DOORSTOP RETROSPOT HEART,101,1060,4233.97
2,21877,HOME SWEET HOME MUG,195,3317,4227.69
2,23556,LANDMARK FRAME COVENT GARDEN ,25,379,4212.05
2,23543,WALL ART KEEP CALM ,36,874,4206.3
2,22940,FELTCRAFT CHRISTMAS FAIRY,143,1034,4197.18
2,72741,GRAND CHOCOLATECANDLE,98,3226,4195.3
2,22946,WOODEN ADVENT CALENDAR CREAM,60,298,4195.2
2,22356,CHARLOTTE BAG PINK POLKADOT,338,5281,4186.08
2,21314,SMALL GLASS HEART TRINKET POT,171,2101,4183.660000000001
2,23158,SET OF 5 LUCKY CAT MAGNETS ,135,2086,4181.32
2,22950,36 DOILIES VINTAGE CHRISTMAS,58,3095,4166.15
2,22365,DOORMAT RESPECTABLE HOUSE,78,640,4164.84
2,75049L,LARGE CIRCULAR MIRROR MOBILE,77,4824,4164.4
2,22243,5 HOOK HANGER RED MAGIC TOADSTOOL,77,2776,4136.4
2,84970S,HANGING HEART ZINC T-LIGHT HOLDER,210,5185,4130.11
2,22791,T-LIGHT GLASS FLUTED ANTIQUE,101,3744,4127.150000000001
2,23439,HAND WARMER RED LOVE HEART,163,2056,4125.6
2,21889,WOODEN BOX OF DOMINOES,202,3293,4109.7
2,22771,CLEAR DRAWER KNOB ACRYLIC EDWARDIAN,192,3470,4105.9
2,23254,CHILDRENS CUTLERY DOLLY GIRL ,130,1035,4093.65
2,23555,LANDMARK FRAME NOTTING HILL ,23,367,4080.65
2,23558,LANDMARK FRAME LONDON BRIDGE ,21,368,4079.2
2,23480,MINI LIGHTS WOODLAND MUSHROOMS,93,1160,4077.15
2,22151,PLACE SETTING WHITE HEART,156,10287,4072.23
2,23554,LANDMARK FRAME OXFORD STREET,25,366,4068.15
2,22349,DOG BOWL CHASING BALL DESIGN,44,1027,4050.43
2,20972,PINK CREAM FELT CRAFT TRINKET BOX ,255,3340,4048.82
2,21672,WHITE SPOT RED CERAMIC DRAWER KNOB,220,3363,4042.79
2,84375,SET OF 20 KIDS COOKIE CUTTERS,206,1898,4042.1700000000005
2,22780,LIGHT GARLAND BUTTERFILES PINK,83,1103,4035.59
2,23204,CHARLOTTE BAG APPLES DESIGN,291,5078,4023.8
2,23172,REGENCY TEA PLATE PINK,148,2585,4016.1299999999997
2,22654,DELUXE SEWING KIT ,114,727,4008.17
2,22749,FELTCRAFT PRINCESS CHARLOTTE DOLL,180,1114,4007.8
2,23229,VINTAGE DONKEY TAIL GAME ,99,1178,4002.25
2,20969,RED FLORAL FELTCRAFT SHOULDER BAG,133,1122,4001.85
2,21094,SET/6 RED SPOTTY PAPER PLATES,186,5592,4001.3799999999997
2,22505,MEMO BOARD COTTAGE DESIGN,123,889,3983.59
2,22834,HAND WARMER BABUSHKA DESIGN,151,3318,3982.08
2,22170,PICTURE FRAME WOOD TRIPLE PORTRAIT,119,661,3973.05
2,21231,SWEETHEART CERAMIC TRINKET BOX,215,3346,3966.04
2,23286,BLUE VINTAGE SPOT BEAKER,94,4236,3963.0400000000004
2,23322,LARGE WHITE HEART OF WICKER,223,1446,3951.8
2,22979,PANTRY WASHING UP BRUSH,143,2638,3951.36
2,23285,PINK VINTAGE SPOT BEAKER,69,4167,3949.63
2,22627,MINT KITCHEN SCALES,186,470,3934.28
2,84997D,PINK 3 PIECE POLKADOT CUTLERY SET,57,1111,3923.8500000000004
2,22776,SWEETHEART CAKESTAND 3 TIER,159,424,3896.8999999999996
2,22173,METAL 4 HOOK HANGER FRENCH CHATEAU,189,1351,3895.65
2,23007, SPACEBOY BABY GIFT SET,69,250,3867.4999999999995
2,22207,FRYING PAN UNION FLAG,70,986,3858.36
2,23307,SET OF 60 PANTRY DESIGN CAKE CASES ,263,7702,3843.7400000000002
2,22367,CHILDRENS APRON SPACEBOY DESIGN,213,2120,3834.24
2,23288,GREEN VINTAGE SPOT BEAKER,76,3997,3830.22
2,21535,RED RETROSPOT SMALL MILK JUG,169,1665,3825.45
2,22991,GIRAFFE WOODEN RULER,116,2063,3815.49
2,48129,DOORMAT TOPIARY,89,634,3807.8599999999997
2,21975,PACK OF 60 DINOSAUR CAKE CASES,294,8082,3802.67
2,23083,SET 6 PAPER TABLE LANTERN STARS ,95,1064,3798.79
2,22840,ROUND CAKE TIN VINTAGE RED,133,522,3788.1800000000003
2,23583,LUNCH BAG PAISLEY PARK  ,170,2416,3784.4
2,22767,TRIPLE PHOTO FRAME CORNICE ,91,442,3781.98
2,21533,RETROSPOT LARGE MILK JUG,162,795,3768.65
2,84836,ZINC METAL HEART DECORATION,230,3077,3758.68
2,84030E,ENGLISH ROSE HOT WATER BOTTLE,143,940,3751.16
2,23177,TREASURE ISLAND BOOK BOX,99,1854,3738.3
2,23078,ICE CREAM PEN LIP GLOSS ,96,3083,3722.71
2,21156,RETROSPOT CHILDRENS APRON,161,2034,3688.12
2,21844,RED RETROSPOT MUG,80,1365,3681.15
2,22109,FULL ENGLISH BREAKFAST PLATE,85,1022,3677.46
2,47566B,TEA TIME PARTY BUNTING,188,228,3666.350000000001
2,20723,STRAWBERRY CHARLOTTE BAG,332,4545,3655.77
2,23215,JINGLE BELL HEART ANTIQUE SILVER,59,1904,3652.48
2,23132,SMALL IVORY HEART WALL ORGANISER,65,770,3649.38
2,23133,LARGE IVORY HEART WALL ORGANISER,63,570,3631.66
2,62018,SOMBRERO ,34,2843,3631.45
2,20676,RED RETROSPOT BOWL,178,3208,3630.59
2,22900,SET 2 TEA TOWELS I LOVE LONDON ,100,1221,3629.05
2,21922,UNION STRIPE WITH FRINGE  HAMMOCK,83,488,3623.6400000000003
2,22741,FUNKY DIVA PEN,79,4340,3621.14
2,22895,SET OF 2 TEA TOWELS APPLE AND PEARS,121,1236,3617.2400000000002
2,85014A,BLACK/BLUE POLKADOT UMBRELLA,139,638,3614.6900000000005
2,84380,SET OF 3 BUTTERFLY COOKIE CUTTERS,240,2902,3609.31
2,82001S,VINYL RECORD FRAME SILVER,63,1047,3601.75
2,21380,WOODEN HAPPY BIRTHDAY GARLAND,116,1284,3600.4
2,23485,BOTANICAL GARDENS WALL CLOCK ,38,167,3583.3999999999996
2,23296,SET OF 6 TEA TIME BAKING CASES,147,3103,3574.67
2,23118,PARISIENNE JEWELLERY DRAWER ,126,521,3569.02
2,22971,QUEENS GUARD COFFEE MUG,119,1532,3545.12
2,84050,PINK HEART SHAPE EGG FRYING PAN,112,2623,3528.0299999999997
2,22909,SET OF 20 VINTAGE CHRISTMAS NAPKINS,226,4439,3524.5099999999998
2,23557,LANDMARK FRAME BAKER STREET ,11,319,3517.85
2,22294,HEART FILIGREE DOVE  SMALL,122,2912,3512.32
2,21122,SET/10 PINK POLKADOT PARTY CANDLES,140,2983,3511.08
2,84947,ANTIQUE SILVER TEA GLASS ENGRAVED,116,3088,3490.4100000000003
2,84997C,BLUE 3 PIECE POLKADOT CUTLERY SET,58,982,3487.94
2,22456,NATURAL SLATE CHALKBOARD LARGE ,157,748,3481.4
2,21484,CHICK GREY HOT WATER BOTTLE,147,946,3480.52
2,23159,SET OF 5 PANCAKE DAY MAGNETS,127,1717,3443.69
2,71053,WHITE METAL LANTERN,132,968,3431.5
2,21673,WHITE SPOT BLUE CERAMIC DRAWER KNOB,187,2838,3429.1
2,23192,BUNDLE OF 3 ALPHABET EXERCISE BOOKS,156,2186,3419.8199999999997
2,22553,PLASTERS IN TIN SKULLS,195,2178,3419.7
2,23530,WALL ART ONLY ONE PERSON ,38,868,3419.1
2,21670,BLUE SPOT CERAMIC DRAWER KNOB,196,2770,3418.02
2,22750,FELTCRAFT PRINCESS LOLA DOLL,175,937,3410.73
2,22088,PAPER BUNTING COLOURED LACE,105,1254,3405.3
2,22904,CALENDAR PAPER CUT DESIGN,117,1197,3388.1900000000005
2,21242,RED RETROSPOT PLATE ,128,2202,3387.2999999999997
2,23312,VINTAGE CHRISTMAS GIFT SACK,93,849,3385.75
2,23008,DOLLY GIRL BABY GIFT SET,54,220,3376.9999999999995
2,22303,COFFEE MUG APPLES DESIGN,108,1650,3366.25
2,22144,CHRISTMAS CRAFT LITTLE FRIENDS,186,1606,3365.4
2,47599A,PINK PARTY BAGS,70,1855,3359.22
2,22117,METAL SIGN HER DINNER IS SERVED ,24,1088,3357.8
2,23321,SMALL WHITE HEART OF WICKER,260,2148,3349.04
2,21888,BINGO SET,114,916,3336.96
2,21136,PAINTED METAL PEARS ASSORTED,126,2013,3328.93
2,82552,WASHROOM METAL SIGN,152,2137,3324.12
2,82551,LAUNDRY 15C METAL SIGN,140,2154,3306.6699999999996
2,21155,RED RETROSPOT PEG BAG,229,1376,3304.85
2,22837,HOT WATER BOTTLE BABUSHKA ,87,736,3303.2000000000003
2,84508A,CAMOUFLAGE DESIGN TEDDY,29,1562,3293.7000000000003
2,22487,WHITE WOOD GARDEN PLANT LADDER,184,360,3293.31
2,22848,BREAD BIN DINER STYLE PINK,70,220,3289.4
2,22688,DOORMAT PEACE ON EARTH BLUE,15,679,3271.49
2,22839,3 TIER CAKE TIN GREEN AND CREAM,69,250,3267.86
2,22998,TRAVEL CARD WALLET KEEP CALM,281,8299,3264.7999999999997
2,22366,DOORMAT AIRMAIL ,87,505,3238.15
2,35970,ZINC FOLKART SLEIGH BELLS,141,1945,3220.9300000000003
2,21671,RED SPOT CERAMIC DRAWER KNOB,189,2695,3217.34
2,22798,ANTIQUE GLASS DRESSING TABLE POT,117,1135,3207.61
2,22174,PHOTO CUBE,105,2177,3205.7299999999996
2,82486,3 DRAWER ANTIQUE WHITE WOOD CABINET,101,371,3205.33
2,21428,SET3 BOOK BOX GREEN GINGHAM FLOWER ,102,847,3200.55
2,23275,SET OF 3 HANGING OWLS OLLIE BEAK,154,2734,3193.26
2,84212,"ASSORTED FLOWER COLOUR ""LEIS""",57,6859,3188.75
2,84988,SET OF 72 PINK HEART PAPER DOILIES,161,2250,3177.4799999999996
2,22620,4 TRADITIONAL SPINNING TOPS,152,2523,3174.88
2,21558,SKULL LUNCH BOX WITH CUTLERY ,159,1365,3170.25
2,23176,ABC TREASURE BOOK BOX ,98,1550,3162.76
2,22947,WOODEN ADVENT CALENDAR RED,68,338,3154.9
2,23193,BUFFALO BILL TREASURE BOOK BOX,68,1576,3144.9
2,22689,DOORMAT MERRY CHRISTMAS RED ,56,464,3144.34
2,23154,SET OF 4 JAM JAR MAGNETS,114,1585,3141.53
2,22964,3 PIECE SPACEBOY COOKIE CUTTER SET,133,1603,3121.5400000000004
2,23162,REGENCY TEA STRAINER,82,893,3118.81
2,22485,SET OF 2 WOODEN MARKET CRATES,75,262,3102.8999999999996
2,21258,VICTORIAN SEWING BOX LARGE,84,257,3094.43
2,22849,BREAD BIN DINER STYLE MINT,73,206,3075.46
2,17003,BROCADE RING PURSE ,88,13189,3071.9
2,84970L,SINGLE HEART ZINC T-LIGHT HOLDER,155,3123,3071.31
2,23493,VINTAGE DOILY TRAVEL SEWING KIT,139,1603,3066.15
2,20718,RED RETROSPOT SHOPPER BAG,215,2598,3052.57
2,23157,SET OF 6 NATIVITY MAGNETS ,77,1791,3050.4300000000003
2,22634,CHILDS BREAKFAST SET SPACEBOY ,98,335,3025.85
2,23295,SET OF 12 MINI LOAF BAKING CASES,166,3884,3020.4399999999996
2,22580,ADVENT CALENDAR GINGHAM SACK,90,536,3002.6800000000003
2,21172,PARTY METAL SIGN ,204,2153,2994.37
2,23389,SPACEBOY MINI BACKPACK,114,754,2989.1000000000004
2,22661,CHARLOTTE BAG DOLLY GIRL DESIGN,225,3819,2978.35
2,21876,POTTERING MUG,115,2593,2971.77
2,21086,SET/6 RED SPOTTY PAPER CUPS,164,4970,2957.1400000000003
2,47591D,PINK FAIRY CAKE CHILDRENS APRON,190,1610,2943.66
2,21937,STRAWBERRY   PICNIC BAG,123,1072,2942.4
2,22957,SET 3 PAPER VINTAGE CHICK PAPER EGG,98,1076,2939.0
2,22646,CERAMIC STRAWBERRY CAKE MONEY BANK,141,2443,2937.38
2,23247,BISCUIT TIN 50'S CHRISTMAS,121,1036,2922.2400000000002
2,21874,GIN AND TONIC MUG,122,2246,2911.45
2,22350,ILLUSTRATED CAT BOWL ,38,1085,2895.27
2,21164,HOME SWEET HOME METAL SIGN ,120,1040,2891.1200000000003
2,23165,LARGE CERAMIC TOP STORAGE JAR,123,1879,2878.95
2,22734,SET OF 6 RIBBONS VINTAGE CHRISTMAS,110,1018,2863.98
2,22907,PACK OF 20 NAPKINS PANTRY DESIGN,254,3598,2862.88
2,22150,3 STRIPEY MICE FELTCRAFT,166,1567,2861.45
2,23309,SET OF 60 I LOVE LONDON CAKE CASES ,161,6090,2844.3
2,22772,PINK DRAWER KNOB ACRYLIC EDWARDIAN,112,2478,2842.97
2,22751,FELTCRAFT PRINCESS OLIVIA DOLL,106,797,2830.79
2,23314,VINTAGE CHRISTMAS TABLECLOTH,49,246,2826.02
2,23163,REGENCY SUGAR TONGS,80,1251,2819.38
2,23255,CHILDRENS CUTLERY CIRCUS PARADE,76,712,2814.94
2,22845,VINTAGE CREAM CAT FOOD CONTAINER,130,482,2808.79
2,22595,GINGHAM HEART DECORATION,150,3586,2807.08
2,22655,VINTAGE RED KITCHEN CABINET,23,23,2800.0
2,22804,CANDLEHOLDER PINK HANGING HEART,176,1002,2795.98
2,21390,FILIGRIS HEART WITH BUTTERFLY,92,2380,2792.88
2,22584,PACK OF 6 PANNETONE GIFT BOXES,49,1128,2785.63
2,22131,FOOD CONTAINER SET 3 LOVE HEART ,101,1584,2773.72
2,22623,BOX OF VINTAGE JIGSAW BLOCKS ,91,518,2771.67
2,21539,RED RETROSPOT BUTTER DISH,138,593,2770.8500000000004
2,21749,LARGE RED RETROSPOT WINDMILL,57,1456,2760.6000000000004
2,22120,WELCOME  WOODEN BLOCK LETTERS,91,289,2759.52
2,23404,HOME SWEET HOME BLACKBOARD,82,696,2757.23
2,22466,FAIRY TALE COTTAGE NIGHTLIGHT,40,1707,2750.25
2,22628,PICNIC BOXES SET OF 3 RETROSPOT ,77,600,2746.0
2,21704,BAG 250g SWIRLY MARBLES,107,3604,2741.6499999999996
2,21326,AGED GLASS SILVER T-LIGHT HOLDER,126,4568,2730.4
2,22431,WATERING CAN BLUE ELEPHANT,180,1486,2721.3999999999996
2,23320,GIANT 50'S CHRISTMAS CRACKER,120,1039,2714.11
2,71477,COLOURED GLASS STAR T-LIGHT HOLDER,28,781,2714.07
2,22784,LANTERN CREAM GAZEBO ,131,581,2709.87
2,21124,SET/10 BLUE POLKADOT PARTY CANDLES,100,2299,2709.59
2,23205,CHARLOTTE BAG VINTAGE ALPHABET ,209,3455,2705.87
2,21912,VINTAGE SNAKES & LADDERS,109,805,2700.83
2,23166,MEDIUM CERAMIC TOP STORAGE JAR,110,2392,2699.9900000000002
2,22740,POLKADOT PEN,43,3357,2697.45
2,22297,HEART IVORY TRELLIS SMALL,110,2227,2670.03
2,22687,DOORMAT CHRISTMAS VILLAGE,19,526,2657.02
2,72351B,SET/6 PINK  BUTTERFLY T-LIGHTS,70,1486,2654.84
2,23010,CIRCUS PARADE BABY GIFT SET,43,172,2649.3999999999996
2,21756,BATH BUILDING BLOCK WORD,124,443,2630.58
2,22302,COFFEE MUG PEARS  DESIGN,84,1336,2629.4500000000003
2,23241,TREASURE TIN GYMKHANA DESIGN,157,1311,2616.48
2,23283,DOORMAT VINTAGE LEAF,65,393,2609.17
2,23052,RECYCLED ACAPULCO MAT TURQUOISE,117,318,2607.5
2,21463,MIRRORED DISCO BALL ,89,493,2590.3500000000004
2,21907,I'M ON HOLIDAY METAL SIGN,156,1254,2577.55
2,20677,PINK POLKADOT BOWL,121,2296,2577.51
2,22417,PACK OF 60 SPACEBOY CAKE CASES,209,5274,2575.7400000000002
2,21932,SCANDINAVIAN PAISLEY PICNIC BAG,162,1456,2568.5099999999998
2,22635,CHILDS BREAKFAST SET DOLLY GIRL ,76,281,2558.15
2,22301,COFFEE MUG CAT + BIRD DESIGN,72,1331,2556.69
2,22830,UTILTY CABINET WITH HOOKS,4,129,2556.3900000000003
2,21928,JUMBO BAG SCANDINAVIAN PAISLEY,58,1467,2555.55
2,22141,CHRISTMAS CRAFT TREE TOP ANGEL,172,1226,2549.38
2,21933,PINK VINTAGE PAISLEY PICNIC BAG,153,1425,2516.41
2,23534,WALL ART STOP FOR TEA ,81,479,2515.4300000000003
2,23535,WALL ART BICYCLE SAFETY,66,493,2514.07
2,23310,BUBBLEGUM RING ASSORTED,96,6093,2492.0699999999997
2,84997A,GREEN 3 PIECE POLKADOT CUTLERY SET,41,700,2481.08
2,21703,BAG 125g SWIRLY MARBLES,114,6967,2480.53
2,22464,HANGING METAL HEART LANTERN,146,1742,2478.3399999999997
2,21098,CHRISTMAS TOILET ROLL,77,2126,2476.99
2,22702,BLACK AND WHITE CAT BOWL,19,1230,2464.7999999999997
2,22668,PINK BABY BUNTING,92,892,2462.7599999999998
2,22550,HOLIDAY FUN LUDO,84,742,2460.71
2,23194,GYMKHANA TREASURE BOOK BOX,76,1188,2452.13
2,20979,36 PENCILS TUBE RED RETROSPOT,114,2089,2441.01
2,84946,ANTIQUE SILVER TEA GLASS ETCHED,71,2152,2430.08
2,23081,GREEN METAL BOX ARMY SUPPLIES,55,308,2422.14
2,22296,HEART IVORY TRELLIS LARGE,113,1489,2404.93
2,22833,HALL CABINET WITH 3 DRAWERS,2,73,2403.6299999999997
2,82600,N0 SINGING METAL SIGN,23,1138,2399.88
2,22781,GUMBALL MAGAZINE RACK,92,330,2397.1400000000003
2,23311,VINTAGE CHRISTMAS STOCKING ,116,956,2394.6
2,23306,SET OF 36 DOILIES PANTRY DESIGN,102,1705,2387.3199999999997
2,23263,SET OF 3 WOODEN HEART DECORATIONS,177,1776,2385.49
2,23049,RECYCLED ACAPULCO MAT RED,114,291,2384.75
2,23198,PANTRY MAGNETIC  SHOPPING LIST,199,1677,2384.29
2,23234,BISCUIT TIN VINTAGE CHRISTMAS,100,1086,2379.6
2,22418,10 COLOUR SPACEBOY PEN,97,2925,2368.47
2,22244,3 HOOK HANGER MAGIC GARDEN,59,1334,2363.7
2,22899,CHILDREN'S APRON DOLLY GIRL ,128,1204,2363.48
2,23569,TRADTIONAL ALPHABET STAMP SET,72,494,2358.9
2,22429,ENAMEL MEASURING JUG CREAM,130,573,2349.29
2,22295,HEART FILIGREE DOVE LARGE,90,1479,2344.47
2,22636,CHILDS BREAKFAST SET CIRCUS PARADE,96,286,2339.2
2,21257,VICTORIAN SEWING BOX MEDIUM,77,312,2335.2400000000002
2,15056P,EDWARDIAN PARASOL PINK,81,415,2329.1600000000003
2,23189,SET OF 12 FORK CANDLES,57,870,2322.3
2,22748,POPPY'S PLAYHOUSE KITCHEN,186,1106,2321.81
2,21906,PHARMACIE FIRST AID TIN,51,347,2315.61
2,23426,METAL SIGN DROP YOUR PANTS,103,928,2314.0
2,23156,SET OF 5 MINI GROCERY MAGNETS,112,1158,2313.38
2,21527,RED RETROSPOT TRADITIONAL TEAPOT ,99,309,2308.55
2,20974,12 PENCILS SMALL TUBE SKULL,121,3770,2308.5
2,21154,RED RETROSPOT OVEN GLOVE ,150,1971,2307.63
2,22760,"TRAY, BREAKFAST IN BED",39,194,2306.1
2,22700,BLACK AND WHITE DOG BOWL,25,1024,2305.7799999999997
2,23089,GLASS BON BON JAR,73,1463,2305.47
2,22896,PEG BAG APPLES DESIGN,137,985,2303.62
2,23388,WOODLAND MINI BACKPACK,74,583,2299.4500000000003
2,23168,CLASSIC CAFE SUGAR DISPENSER,142,2031,2294.0499999999997
2,23345, DOLLY GIRL BEAKER,85,2022,2289.5
2,23294,SET OF 6 SNACK LOAF BAKING CASES,137,2978,2283.64
2,23346,SPACEBOY BEAKER,84,2017,2283.25
2,22898,CHILDRENS APRON APPLES DESIGN,131,1250,2281.4
2,22956,36 FOIL HEART CAKE CASES,68,1206,2278.4
2,23169,CLASSIC GLASS COOKIE JAR,116,578,2275.9
2,22827,RUSTIC  SEVENTEEN DRAWER SIDEBOARD,12,15,2275.0
2,23032,DRAWER KNOB CRACKLE GLAZE IVORY,118,1425,2274.45
2,22796,PHOTO FRAME 3 CLASSIC HANGING,99,240,2270.5499999999997
2,22813,PACK 3 BOXES BIRD PANNETONE ,55,1270,2267.8999999999996
2,22908,PACK OF 20 NAPKINS RED APPLES,157,2966,2265.32
2,23236,STORAGE TIN VINTAGE DOILY ,93,807,2265.23
2,23103,JINGLE BELL HEART DECORATION,127,1381,2264.2499999999995
2,23144,ZINC T-LIGHT HOLDER STARS SMALL,123,2878,2246.2999999999997
2,84792,ENCHANTED BIRD COATHANGER 5 HOOK,103,510,2242.94
2,22549,PICTURE DOMINOES,112,1590,2232.94
2,23126,FELTCRAFT GIRL AMELIE KIT,121,459,2229.73
2,21244,BLUE POLKADOT PLATE ,84,1448,2228.24
2,20682,RED RETROSPOT CHILDRENS UMBRELLA,104,698,2223.16
2,22061,LARGE CAKE STAND  HANGING STRAWBERY,73,369,2221.98
2,22842,BISCUIT TIN VINTAGE RED,87,359,2220.85
2,22383,LUNCH BAG SUKI  DESIGN ,80,1426,2213.1
2,22626,BLACK KITCHEN SCALES,100,267,2206.23
2,22348,TEA BAG PLATE RED RETROSPOT,139,2663,2203.49
2,22029,SPACEBOY BIRTHDAY CARD,231,5638,2202.14
2,21658,GLASS  BEURRE DISH,98,599,2192.9300000000003
2,21531,RED RETROSPOT SUGAR JAM BOWL,112,951,2190.15
2,22721,SET OF 3 CAKE TINS SKETCHBOOK,133,505,2189.17
2,21260,FIRST AID TIN,83,693,2185.35
2,23299,FOOD COVER WITH BEADS SET 2 ,58,609,2183.17
2,22951,60 CAKE CASES DOLLY GIRL DESIGN,176,4330,2182.26
2,23283,DOORMAT VINTAGE LEAVES DESIGN ,54,342,2177.9
2,22938,CUPCAKE LACE PAPER SET 6,61,1187,2172.83
2,20675,BLUE POLKADOT BOWL,125,1902,2159.83
2,22311,OFFICE MUG WARMER BLACK+SILVER ,52,781,2158.55
2,20975,12 PENCILS SMALL TUBE RED RETROSPOT,133,3410,2157.7000000000003
2,23112,PARISIENNE CURIO CABINET,119,299,2157.5
2,22435,SET OF 9 HEART SHAPED BALLOONS,112,1798,2154.54
2,72760B,VINTAGE CREAM 3 BASKET CAKE STAND,66,230,2153.64
2,22841,ROUND CAKE TIN VINTAGE GREEN,98,294,2146.63
2,21498,RED RETROSPOT WRAP ,158,5237,2138.54
2,21588,RETROSPOT GIANT TUBE MATCHES,41,974,2138.1
2,22892,SET OF SALT AND PEPPER TOADSTOOLS,142,1759,2135.16
2,23308,SET OF 60 VINTAGE LEAF CAKE CASES ,177,4187,2134.81
2,23110,PARISIENNE KEY CABINET ,129,392,2134.0
2,23390,DOLLY GIRL MINI BACKPACK,85,543,2133.4500000000003
2,22723,SET OF 6 HERB TINS SKETCHBOOK,134,604,2127.94
2,22271,FELTCRAFT DOLL ROSIE,114,741,2112.8700000000003
2,22432,WATERING CAN PINK BUNNY,145,1141,2111.93
2,23236,DOILEY STORAGE TIN,76,787,2101.63
2,84987,SET OF 36 TEATIME PAPER DOILIES,92,1544,2100.68
2,23534,STOP FOR TEA WALL ART,22,436,2099.2
2,84692,BOX OF 24 COCKTAIL PARASOLS,230,5100,2093.31
2,21201,TROPICAL  HONEYCOMB PAPER GARLAND ,43,944,2083.2000000000003
2,21238,RED RETROSPOT CUP,179,2646,2080.4900000000002
2,23050,RECYCLED ACAPULCO MAT GREEN,97,253,2080.05
2,22745,POPPY'S PLAYHOUSE BEDROOM ,163,993,2065.4500000000003
2,22775,PURPLE DRAWERKNOB ACRYLIC EDWARDIAN,90,1730,2064.87
2,23129,HEART SHAPED HOLLY WREATH,66,491,2061.53
2,22371,AIRLINE BAG VINTAGE TOKYO 78,139,485,2058.83
2,82580,BATHROOM METAL SIGN,217,3701,2058.35
2,22142,CHRISTMAS CRAFT WHITE FAIRY ,139,1440,2042.6399999999999
2,23191,BUNDLE OF 3 RETRO NOTE BOOKS,129,1274,2041.6999999999998
2,21243,PINK  POLKADOT PLATE ,76,1322,2038.34
2,21561,DINOSAUR LUNCH BOX WITH CUTLERY,102,901,2037.48
2,23494,VINTAGE DOILY DELUXE SEWING KIT ,85,358,2029.1000000000001
2,23184,BULL DOG BOTTLE OPENER,103,412,2024.2
2,22563,HAPPY STENCIL CRAFT,115,1800,2023.3500000000001
2,21497,FANCY FONTS BIRTHDAY WRAP,109,5125,1982.5
2,22606,WOODEN SKITTLES GARDEN SET,56,145,1976.75
2,23111,PARISIENNE SEWING BOX,73,171,1969.5
2,23542,WALL ART 70'S ALPHABET ,35,280,1968.48
2,23397,FOOT STOOL HOME SWEET HOME ,71,217,1968.35
2,22665,RECIPE BOX BLUE SKETCHBOOK DESIGN,123,703,1962.0100000000002
2,23239,SET OF 4 KNICK KNACK TINS POPPIES,89,510,1959.5
2,22942,CHRISTMAS LIGHTS 10 SANTAS ,68,302,1959.4
2,22488,NATURAL SLATE RECTANGLE CHALKBOARD,147,1222,1955.6599999999999
2,22980,PANTRY SCRUBBING BRUSH,117,1243,1955.1899999999998
2,47599B,BLUE PARTY BAGS ,56,1060,1948.84
2,21745,GAOLERS KEYS DECORATIVE GARDEN ,110,531,1939.85
2,22564,ALPHABET STENCIL CRAFT,84,1754,1938.77
2,22489,PACK OF 12 TRADITIONAL CRAYONS,141,4763,1938.51
2,23253,16 PIECE CUTLERY SET PANTRY DESIGN,23,142,1933.6999999999998
2,23681,LUNCH BAG RED VINTAGE DOILY,83,1231,1931.15
2,85049E,SCANDINAVIAN REDS RIBBONS,156,1465,1926.84
2,23535,BICYCLE SAFTEY WALL ART,24,380,1922.24
2,22082,RIBBON REEL STRIPES DESIGN ,127,1172,1921.8799999999999
2,23242,TREASURE TIN BUFFALO BILL ,104,963,1914.72
2,23290,SPACEBOY CHILDRENS BOWL,96,1670,1914.7
2,22967,SET 3 SONG BIRD PAPER EGGS ASSORTED,58,713,1908.95
2,20970,PINK FLORAL FELTCRAFT SHOULDER BAG,116,517,1907.51
2,22274,FELTCRAFT DOLL EMILY,107,672,1900.6000000000001
2,23182,TOILET SIGN OCCUPIED OR VACANT,178,2281,1897.1799999999998
2,23035,DRAWER KNOB CERAMIC IVORY,92,1368,1896.24
2,21833,CAMOUFLAGE LED TORCH,49,1180,1895.8
2,23340,VINTAGE CHRISTMAS CAKE FRILL,47,1191,1893.1499999999999
2,22236,CAKE STAND 3 TIER MAGIC GARDEN,45,162,1892.6999999999998
2,23230,WRAP ALPHABET DESIGN,119,4750,1879.0
2,22962,JAM JAR WITH PINK LID,143,2385,1869.82
2,22854,CREAM SWEETHEART EGG HOLDER,66,399,1860.25
2,22843,BISCUIT TIN VINTAGE GREEN,66,309,1857.73
2,22440,BALLOON WATER BOMB PACK OF 35,69,4934,1849.68
2,22604,SET OF 4 NAPKIN CHARMS CUTLERY,45,838,1836.91
2,85132C,CHARLIE AND LOLA FIGURES TINS,77,933,1835.35
2,23012,GLASS APOTHECARY BOTTLE PERFUME,88,499,1831.39
2,22089,PAPER BUNTING VINTAGE PAISLEY,84,671,1828.65
2,23092,LARGE ANTIQUE WHITE PHOTO FRAME,60,279,1828.3100000000002
2,22331,WOODLAND PARTY BAG + STICKER SET,80,1185,1827.4099999999999
2,23009,I LOVE LONDON BABY GIFT SET,27,119,1821.0499999999997
2,23536,VILLAGE SHOW WALL ART,9,342,1817.82
2,22890,NOVELTY BISCUITS CAKE STAND 3 TIER,87,191,1817.52
2,22212,FOUR HOOK  WHITE LOVEBIRDS,155,896,1812.8700000000001
2,23064,CINDERELLA CHANDELIER ,16,143,1803.85
2,22894,TABLECLOTH RED APPLES DESIGN ,65,187,1797.3
2,37449,CERAMIC CAKE STAND + HANGING CAKES,70,202,1794.28
2,23164,REGENCY CAKE SLICE,42,405,1792.16
2,22045,SPACEBOY GIFT WRAP,126,4425,1790.5
2,21240,BLUE POLKADOT CUP,126,2317,1786.67
2,21875,KINGS CHOICE MUG,65,1617,1784.49
2,23130,MISTLETOE HEART WREATH GREEN,57,440,1783.92
2,22782,SET 3 WICKER STORAGE BASKETS ,32,153,1780.35
2,22660,DOORMAT I LOVE LONDON,40,280,1779.78
2,22378,WALL TIDY RETROSPOT ,79,1452,1778.26
2,20754,RETROSPOT RED WASHING UP GLOVES,130,908,1759.2
2,23167,SMALL CERAMIC TOP STORAGE JAR ,94,2364,1756.84
2,21868,POTTING SHED TEA MUG,145,1405,1755.25
2,21896,POTTING SHED TWINE,41,755,1751.8500000000001
2,35004B,SET OF 3 BLACK FLYING DUCKS,39,373,1750.75
2,22778,GLASS CLOCHE SMALL,65,495,1744.07
2,23400,SHELF WITH 4 HOOKS HOME SWEET HOME,52,367,1741.11
2,23046,PAPER LANTERN 9 POINT DELUXE STAR,15,294,1739.1
2,23109,PACK OF SIX LED TEA LIGHTS,66,626,1738.14
2,22801,ANTIQUE GLASS PEDESTAL BOWL,73,486,1737.51
2,23526,DOG LICENCE WALL ART,16,348,1731.84
2,22972,CHILDREN'S SPACEBOY MUG,103,1067,1731.1099999999997
2,22826,LOVE SEAT ANTIQUE WHITE METAL,16,15,1717.5
2,22811,SET OF 6 T-LIGHTS CACTI ,32,659,1715.43
2,23065,LARGE DECO JEWELLERY STAND,39,145,1715.3000000000002
2,22354,RETROSPOT PADDED SEAT CUSHION,47,481,1714.33
2,22649,STRAWBERRY FAIRY CAKE TEAPOT,90,349,1714.25
2,22491,PACK OF 12 COLOURED PENCILS,91,2130,1711.4399999999998
2,85053,FRENCH ENAMEL CANDLEHOLDER,135,862,1702.6200000000001
2,23503,PLAYING CARDS KEEP CALM & CARRY ON,140,1366,1702.46
2,79000,MOROCCAN TEA GLASS,49,2421,1698.45
2,22433,WATERING CAN GREEN DINOSAUR,116,936,1697.78
2,22493,PAINT YOUR OWN CANVAS SET,76,1076,1695.48
2,23401,RUSTIC MIRROR WITH LACE HEART,33,368,1686.7600000000002
2,37370,RETRO COFFEE MUGS ASSORTED,66,1503,1686.42
2,23292,SPACEBOY CHILDRENS CUP,96,1421,1680.5700000000002
2,22219,LOVEBIRD HANGING DECORATION WHITE ,170,2026,1674.52
2,22774,RED DRAWER KNOB ACRYLIC EDWARDIAN,62,1488,1673.71
2,21746,SMALL RED RETROSPOT WINDMILL,99,1402,1666.14
2,23526,WALL ART DOG LICENCE ,31,373,1664.23
2,21429,RED GINGHAM ROSE JEWELLERY BOX,108,943,1659.1499999999999
2,23212,HEART WREATH DECORATION WITH BELL,78,1440,1658.88
2,22691,DOORMAT WELCOME SUNRISE,61,264,1654.54
2,22746,POPPY'S PLAYHOUSE LIVINGROOM ,138,790,1652.1200000000001
2,22468,BABUSHKA LIGHTS STRING OF 10,77,251,1651.99
2,21107,CREAM SLICE FLANNEL PINK SPOT ,22,640,1648.0
2,23412,HEART MIRROR ANTIQUE WHITE,37,268,1646.6399999999999
2,47567B,TEA TIME KITCHEN APRON,53,304,1642.42
2,23406,HOME SWEET HOME KEY HOLDER,52,353,1642.2900000000002
2,22577,WOODEN HEART CHRISTMAS SCANDINAVIAN,205,4313,1639.4899999999998
2,22078,RIBBON REEL LACE DESIGN ,69,837,1637.7
2,21976,PACK OF 60 MUSHROOM CAKE CASES,159,3370,1634.78
2,21563,RED HEART SHAPE LOVE BUCKET ,69,957,1632.95
2,23342,MINT DINER WALL CLOCK,85,192,1621.8
2,23237,SET OF 4 KNICK KNACK TINS LEAF,63,408,1617.6000000000001
2,22148,EASTER CRAFT 4 CHICKS ,62,897,1617.1499999999999
2,22974,CHILDRENS DOLLY GIRL MUG,88,1012,1614.8399999999997
2,22738,RIBBON REEL SNOWY VILLAGE,81,1000,1605.88
2,22902,TOTE BAG I LOVE LONDON,51,878,1605.18
2,21556,CERAMIC STRAWBERRY MONEY BOX,28,704,1604.4
2,23351,ROLL WRAP 50'S CHRISTMAS,100,1347,1593.03
2,23543,KEEP CALM WALL ART ,6,214,1591.02
2,35004C,SET OF 3 COLOURED  FLYING DUCKS,33,334,1586.7
2,23013,GLASS APOTHECARY BOTTLE TONIC,74,434,1586.64
2,22578,WOODEN STAR CHRISTMAS SCANDINAVIAN,185,4557,1580.37
2,21903,MAN FLU METAL SIGN,81,754,1573.0800000000002
2,47559B,TEA TIME OVEN GLOVE,137,1318,1568.67
2,21115,ROSE CARAVAN DOORSTOP,61,317,1567.31
2,23552,BICYCLE PUNCTURE REPAIR KIT ,60,803,1565.84
2,23497,CLASSIC CHROME BICYCLE BELL ,88,1119,1562.55
2,22963,JAM JAR WITH GREEN LID,119,1984,1556.53
2,22072,RED RETROSPOT TEA CUP AND SAUCER ,86,499,1551.47
2,21716,BOYS VINTAGE TIN SEASIDE BUCKET,70,640,1550.4199999999998
2,23210,WHITE ROCKING HORSE HAND PAINTED,75,1311,1542.99
2,21890,S/6 WOODEN SKITTLES IN COTTON BAG,68,536,1540.66
2,22327,ROUND SNACK BOXES SET OF 4 SKULLS,99,553,1535.3500000000001
2,21116,OWL DOORSTOP,65,321,1529.99
2,22179,SET 10 NIGHT OWL LIGHTS,63,237,1527.0900000000001
2,23403,LETTER HOLDER HOME SWEET HOME,68,474,1526.56
2,23190,BUNDLE OF 3 SCHOOL EXERCISE BOOKS  ,97,964,1522.6399999999999
2,22175,PINK OWL SOFT TOY,78,546,1514.7
2,22973,CHILDREN'S CIRCUS PARADE MUG,80,943,1513.6299999999999
2,21892,TRADITIONAL WOODEN CATCH CUP GAME ,113,1176,1511.61
2,16161P,WRAP ENGLISH ROSE ,117,3675,1511.5
2,21385,IVORY HANGING DECORATION  HEART,89,1860,1509.24
2,22596,CHRISTMAS STAR WISH LIST CHALKBOARD,91,1423,1508.82
2,20717,STRAWBERRY SHOPPER BAG,127,1276,1505.88
2,72351A,SET/6 TURQUOISE BUTTERFLY T-LIGHTS,54,815,1504.86
2,23051,RECYCLED ACAPULCO MAT BLUE,78,183,1503.35
2,22300,COFFEE MUG DOG + BALL DESIGN,52,842,1496.94
2,22465,HANGING METAL STAR LANTERN,79,1115,1490.4099999999999
2,22030,SWALLOWS GREETING CARD,134,3825,1489.83
2,21715,GIRLS VINTAGE TIN SEASIDE BUCKET,64,629,1488.75
2,85178,VICTORIAN SEWING KIT,48,1309,1468.29
2,21033,JUMBO BAG CHARLIE AND LOLA TOYS,73,733,1467.97
2,22777,GLASS CLOCHE LARGE,23,187,1467.1
2,22926,IVORY GIANT GARDEN THERMOMETER,79,252,1463.4
2,23147,SINGLE ANTIQUE ROSE HOOK IVORY,149,1010,1462.1
2,22582,PACK OF 6 SWEETIE GIFT BOXES,24,597,1459.96
2,21918,SET 12 KIDS COLOUR  CHALK STICKS,148,3618,1457.92
2,84950,ASSORTED COLOUR T-LIGHT HOLDER,42,2522,1455.6200000000001
2,21974,SET OF 36 PAISLEY FLOWER DOILIES,97,1007,1450.4599999999998
2,23316,RED REFECTORY CLOCK ,54,157,1436.15
2,22195,LARGE HEART MEASURING SPOONS,106,836,1433.9199999999998
2,22653,BUTTON BOX ,70,770,1433.76
2,22241,GARLAND WOODEN HAPPY EASTER,91,1189,1431.72
2,22739,RIBBON REEL CHRISTMAS SOCK BAUBLE,91,815,1428.99
2,22380,TOY TIDY SPACEBOY  ,131,721,1428.77
2,22329,ROUND CONTAINER SET OF 5 RETROSPOT,93,924,1428.6
2,22478,BIRDHOUSE GARDEN MARKER ,36,1010,1428.1
2,23349,ROLL WRAP VINTAGE CHRISTMAS,98,1177,1425.8899999999999
2,22797,CHEST OF DRAWERS GINGHAM HEART ,45,85,1425.09
2,21873,IF YOU CAN'T STAND THE HEAT MUG,56,1217,1424.29
2,21110,LARGE CAKE TOWEL PINK SPOTS,29,509,1421.1499999999999
2,21730,GLASS STAR FROSTED T-LIGHT HOLDER,60,315,1418.99
2,22809,SET OF 6 T-LIGHTS SANTA,64,469,1415.1100000000001
2,21898,POTTING SHED ROSE CANDLE,4,442,1414.1799999999998
2,20973,12 PENCIL SMALL TUBE WOODLAND,131,2245,1405.8500000000001
2,35961,FOLKART ZINC HEART CHRISTMAS DEC,67,1828,1404.04
2,22610,PENS ASSORTED FUNNY FACE,73,5076,1398.24
2,21239,PINK  POLKADOT CUP,120,1782,1390.68
2,22694,WICKER STAR ,127,683,1386.3000000000002
2,22812,PACK 3 BOXES CHRISTMAS PANNETONE,48,738,1378.3999999999999
2,22930,BAKING MOULD HEART MILK CHOCOLATE,73,569,1376.8700000000001
2,47570B,TEA TIME TABLE CLOTH,16,155,1376.43
2,23211,RED ROCKING HORSE HAND PAINTED,63,1176,1374.24
2,23014,GLASS APOTHECARY BOTTLE ELIXIR,64,374,1365.9800000000002
2,21109,LARGE CAKE TOWEL CHOCOLATE SPOTS,24,548,1361.4
2,23053,RECYCLED ACAPULCO MAT PINK,69,167,1360.15
2,20829,GLITTER HANGING BUTTERFLY STRING,92,684,1357.13
2,85049A,TRADITIONAL CHRISTMAS RIBBONS,98,1035,1349.88
2,22773,GREEN DRAWER KNOB ACRYLIC EDWARDIAN,82,1133,1343.77
2,23571,TRADITIONAL NAUGHTS & CROSSES,85,814,1343.1
2,23100,SILVER BELLS TABLE DECORATION,91,1112,1339.6
2,21982,PACK OF 12 SUKI TISSUES ,136,4843,1337.79
2,22414,DOORMAT NEIGHBOURHOOD WITCH ,49,209,1334.37
2,22670,FRENCH WC SIGN BLUE METAL,131,1063,1330.24
2,23350,ROLL WRAP VINTAGE SPOT ,98,1099,1328.3899999999999
2,84596B,SMALL DOLLY MIX DESIGN ORANGE BOWL,215,2833,1325.43
2,21499,BLUE POLKADOT WRAP,85,3350,1319.0
2,21586,KINGS CHOICE GIANT TUBE MATCHES,32,583,1313.85
2,23326,HANGING MINI COLOURED BOTTLES,28,2279,1312.89
2,22855,FINE WICKER HEART ,76,1111,1311.23
2,22477,WATERING CAN GARDEN MARKER,30,916,1310.6
2,22064,PINK DOUGHNUT TRINKET POT ,117,990,1305.9399999999998
2,23427,STOOL HOME SWEET HOME ,43,115,1305.2
2,22458,CAST IRON HOOK GARDEN FORK,8,487,1305.1299999999999
2,23031,DRAWER KNOB CRACKLE GLAZE PINK,95,814,1304.6999999999998
2,21313,GLASS HEART T-LIGHT HOLDER ,68,1844,1304.36
2,23374,RED SPOT PAPER GIFT BAG,62,1660,1301.2
2,22426,ENAMEL WASH BOWL CREAM,69,401,1298.95
2,84509A,SET OF 4 ENGLISH ROSE PLACEMATS,66,373,1298.39
2,22360,GLASS JAR ENGLISH CONFECTIONERY,71,477,1293.75
2,16156S,WRAP PINK FAIRY CAKES ,69,3325,1291.5
2,85038,6 CHOCOLATE LOVE HEART T-LIGHTS,58,672,1285.66
2,23353,6 GIFT TAGS VINTAGE CHRISTMAS ,88,1577,1285.1499999999999
2,22483,RED GINGHAM TEDDY BEAR ,70,466,1284.38
2,22079,RIBBON REEL HEARTS DESIGN ,94,777,1284.29
2,23302,KNEELING MAT HOUSEWORK  DESIGN,97,1014,1283.6999999999998
2,22859,EASTER TIN BUNNY BOUQUET,70,817,1283.2499999999998
2,84880,WHITE WIRE EGG HOLDER,35,215,1274.25
2,23029,DRAWER KNOB CRACKLE GLAZE GREEN,87,795,1273.35
2,22567,20 DOLLY PEGS RETROSPOT,88,1004,1272.2
2,23291,DOLLY GIRL CHILDRENS CUP,82,1061,1271.39
2,21935,SUKI  SHOULDER BAG,114,797,1270.47
2,22059,CERAMIC STRAWBERRY DESIGN MUG,82,1140,1266.48
2,23227,FILIGREE HEART BUTTERFLY WHITE ,57,1047,1265.81
2,21985,PACK OF 12 HEARTS DESIGN TISSUES ,147,4504,1264.78
2,23268,SET OF 2 CERAMIC CHRISTMAS REINDEER,36,1118,1262.78
2,23093,SMALL PARISIENNE HEART PHOTO FRAME ,58,569,1261.13
2,22437,SET OF 9 BLACK SKULL BALLOONS,85,1567,1260.35
2,21068,VINTAGE BILLBOARD LOVE/HATE MUG,87,1216,1259.48
2,21916,SET 12 RETRO WHITE CHALK STICKS,155,3142,1258.72
2,20828,GLITTER BUTTERFLY CLIPS,71,527,1257.45
2,85175,CACTI T-LIGHT CANDLES,59,3252,1253.36
2,21897,POTTING SHED CANDLE CITRONELLA,2,402,1250.82
2,82581,TOILET METAL SIGN,180,2332,1250.67
2,22932,BAKING MOULD TOFFEE CUP CHOCOLATE,41,563,1249.3500000000001
2,22479,DAISY GARDEN MARKER,25,867,1249.35
2,23054,RECYCLED ACAPULCO MAT LAVENDER,61,152,1249.2
2,22788,BROCANTE COAT RACK,29,154,1244.0
2,23231,WRAP DOILEY DESIGN,100,3075,1243.5
2,21078,SET/20 STRAWBERRY PAPER NAPKINS ,101,1579,1241.77
2,23289,DOLLY GIRL CHILDRENS BOWL,77,1062,1241.1000000000001
2,23438, RED SPOT GIFT BAG LARGE,45,1060,1241.0
2,71459,HANGING JAM JAR T-LIGHT HOLDERS,33,1645,1239.49
2,23244,ROUND STORAGE TIN VINTAGE LEAF,71,691,1237.2099999999998
2,21878,PACK OF 6 SANDCASTLE FLAGS ASSORTED,81,1529,1235.95
2,22704,WRAP RED APPLES ,93,3050,1233.0
2,22925,BLUE GIANT GARDEN THERMOMETER,70,211,1232.47
2,23329,DECORATIVE WICKER HEART LARGE,95,754,1232.1
2,21988,PACK OF 6 SKULL PAPER PLATES,87,1686,1231.5
2,22672,FRENCH BATHROOM SIGN BLUE METAL,82,777,1229.37
2,23188,VINTAGE  2 METER FOLDING RULER,74,742,1226.8199999999997
2,21506,"FANCY FONT BIRTHDAY CARD, ",128,3108,1225.44
2,23085,ANTIQUE SILVER BAUBLE LAMP  ,32,131,1224.8
2,23146,TRIPLE HOOK ANTIQUE IVORY ROSE,127,379,1223.31
2,22712,CARD DOLLY GIRL ,120,3131,1222.4099999999999
2,23233,WRAP POPPIES  DESIGN,87,3025,1218.5
2,21500,PINK POLKADOT WRAP ,87,3075,1217.5
2,21564,PINK  HEART SHAPE LOVE BUCKET ,72,782,1217.3400000000001
2,23235,STORAGE TIN VINTAGE LEAF,53,468,1215.52
2,21249,WOODLAND  HEIGHT CHART STICKERS ,42,443,1210.8500000000001
2,23188,VINTAGE  2 METRE FOLDING RULER,53,722,1209.34
2,22095,LADS ONLY TISSUE BOX,42,1194,1208.28
2,22810,SET OF 6 T-LIGHTS SNOWMEN,51,358,1207.98
2,21069,VINTAGE BILLBOARD TEA MUG,38,1088,1207.2400000000002
2,22412,METAL SIGN NEIGHBOURHOOD WITCH ,55,601,1205.1000000000001
2,22794,SWEETHEART WIRE MAGAZINE RACK,81,153,1204.3500000000001
2,21135,VICTORIAN  METAL POSTCARD SPRING,65,1440,1203.84
2,21900,"KEY FOB , SHED",137,1916,1201.88
2,22656,VINTAGE BLUE KITCHEN CABINET,13,10,1200.0
2,40016,CHINESE DRAGON PAPER LANTERNS,40,3673,1195.28
2,22374,AIRLINE BAG VINTAGE JET SET RED,89,286,1194.3400000000001
2,22196,SMALL HEART MEASURING SPOONS,139,1420,1194.0
2,22198,LARGE POPCORN HOLDER ,53,765,1193.85
2,23264,SET OF 3 WOODEN SLEIGH DECORATIONS,117,879,1192.95
2,22222,CAKE PLATE LOVEBIRD WHITE,75,375,1191.45
2,23091,ZINC HERB GARDEN CONTAINER,72,194,1189.85
2,23266,SET OF 3 WOODEN STOCKING DECORATION,118,892,1189.64
2,22504,CABIN BAG VINTAGE RETROSPOT,28,70,1184.9
2,22179,SET 10 LIGHTS NIGHT OWL,57,181,1183.35
2,23073,GEORGIAN TRINKET BOX,31,101,1181.5
2,22965,3 TRADITIONAl BISCUIT CUTTERS  SET,84,565,1181.1200000000001
2,23315,IVORY REFECTORY CLOCK,46,128,1180.0
2,23028,DRAWER KNOB CRACKLE GLAZE BLUE,65,732,1179.24
2,23197,SKETCHBOOK MAGNETIC SHOPPING LIST,111,807,1179.1899999999998
2,22180,RETROSPOT LAMP,59,120,1176.6
2,22955,36 FOIL STAR CAKE CASES ,52,757,1171.8600000000001
2,23360,SET 8 CANDLES VINTAGE DOILY,44,634,1171.5
2,85184C,S/4 VALENTINE DECOUPAGE HEART BOX,43,826,1170.2
2,22651,GENTLEMAN SHIRT REPAIR KIT ,50,1482,1169.22
2,23332,IVORY WICKER HEART LARGE,100,714,1168.5
2,22933,BAKING MOULD EASTER EGG MILK CHOC,46,453,1165.95
2,22065,CHRISTMAS PUDDING TRINKET POT ,79,2536,1164.78
2,22863,SOAP DISH BROCANTE,42,427,1163.65
2,21989,PACK OF 20 SKULL PAPER NAPKINS,125,1464,1161.84
2,23437, 50'S CHRISTMAS GIFT BAG LARGE,41,994,1158.5
2,22945,CHRISTMAS METAL TAGS ASSORTED ,56,1357,1158.37
2,22743,MAKE YOUR OWN FLOWERPOWER CARD KIT,65,528,1158.0
2,22931,BAKING MOULD HEART WHITE CHOCOLATE,53,509,1151.8600000000001
2,22305,COFFEE MUG PINK PAISLEY DESIGN,18,524,1151.44
2,21934,SKULL SHOULDER BAG,86,723,1148.95
2,22823,CHEST NATURAL WOOD 20 DRAWERS,6,10,1145.0
2,21192,WHITE BELL HONEYCOMB PAPER ,21,775,1144.35
2,22935,BAKING MOULD ROSE MILK CHOCOLATE,30,397,1139.25
2,22710,WRAP I LOVE LONDON ,61,2950,1139.0
2,23196,VINTAGE LEAF MAGNETIC NOTEPAD,112,812,1139.0
2,21471,STRAWBERRY RAFFIA FOOD COVER,46,344,1136.4
2,72807C,SET/3 VANILLA SCENTED CANDLE IN BOX,44,282,1136.02
2,22460,EMBOSSED GLASS TEALIGHT HOLDER,78,903,1133.78
2,21845,DAIRY MAID STRIPE MUG,58,1269,1130.67
2,21735,TWO DOOR CURIO CABINET,49,94,1130.55
2,23127,FELTCRAFT GIRL NICOLE KIT,73,228,1124.8400000000001
2,23066,SMALL DECO JEWELLERY STAND,35,143,1122.15
2,23354,6 GIFT TAGS 50'S CHRISTMAS ,94,1380,1121.6399999999999
2,23323,WHITE WICKER STAR ,97,547,1117.2
2,22805,BLUE DRAWER KNOB ACRYLIC EDWARDIAN,68,927,1115.43
2,22430,ENAMEL WATERING CAN CREAM,69,230,1114.7
2,23393,HOME SWEET HOME CUSHION COVER ,80,297,1113.75
2,23407,SET OF 2 TRAYS HOME SWEET HOME,53,116,1113.32
2,70006,LOVE HEART POCKET WARMER,35,1959,1110.95
2,23005,TRAVEL CARD WALLET I LOVE LONDON,103,2782,1110.84
2,21980,PACK OF 12 RED RETROSPOT TISSUES ,113,3706,1110.58
2,23341,PINK DINER WALL CLOCK,51,133,1110.1
2,85049G,CHOCOLATE BOX RIBBONS ,109,926,1108.83
2,23570,TRADITIONAL PICK UP STICKS GAME ,89,887,1108.75
2,22983,CARD BILLBOARD FONT,165,2721,1106.91
2,23538,WALL ART VINTAGE HEART,16,292,1105.62
2,22829,SWEETHEART WIRE WALL TIDY,47,117,1103.25
2,23489,VINTAGE BELLS GARLAND,49,388,1102.1200000000001
2,22187,GREEN CHRISTMAS TREE CARD HOLDER,56,508,1098.82
2,23079,TOADSTOOL BEDSIDE LIGHT ,52,125,1097.75
2,22165,"DIAMANTE HEART SHAPED WALL MIRROR, ",21,226,1097.5000000000002
2,21794,CLASSIC FRENCH STYLE BASKET NATURAL,45,270,1096.02
2,22215,CAKE STAND WHITE TWO TIER LACE,32,168,1093.0500000000002
2,22224,WHITE LOVEBIRD LANTERN,62,389,1091.5500000000002
2,22075,6 RIBBONS ELEGANT CHRISTMAS ,54,824,1091.54
2,23424,GINGHAM RECIPE BOOK BOX,48,232,1090.8
2,21592,RETROSPOT CIGAR BOX MATCHES ,67,1150,1089.52
2,21112,SWISS ROLL TOWEL PINK  SPOTS,9,404,1089.28
2,23075,PARLOUR CERAMIC WALL HOOK,46,267,1088.8500000000001
2,23333,IVORY WICKER HEART MEDIUM,88,881,1088.65
2,22425,ENAMEL COLANDER CREAM,66,230,1087.51
2,22906,12 MESSAGE CARDS WITH ENVELOPES,56,700,1083.0
2,37500,TEA TIME TEAPOT IN GIFT BOX,45,183,1082.73
2,22574,HEART WOODEN CHRISTMAS DECORATION,83,1215,1081.8899999999999
2,22937,BAKING MOULD CHOCOLATE CUPCAKES,60,412,1076.24
2,37450,CERAMIC CAKE BOWL + HANGING CAKES,67,398,1076.1000000000001
2,21245,GREEN POLKADOT PLATE ,57,690,1075.54
2,23395,BELLE JARDINIERE CUSHION COVER,68,287,1070.73
2,23152,IVORY SWEETHEART WIRE LETTER RACK ,70,293,1068.51
2,16161U,WRAP SUKI AND FRIENDS,79,2600,1068.0
2,23131,MISTLETOE HEART WREATH CREAM,39,265,1064.83
2,22747,POPPY'S PLAYHOUSE BATHROOM,94,514,1064.4
2,22851,SET 20 NAPKINS FAIRY CAKES DESIGN ,129,1303,1063.09
2,85174,S/4 CACTI CANDLES,39,226,1062.52
2,37448,CERAMIC CAKE DESIGN SPOTTED MUG,95,736,1059.2
2,21495,SKULLS AND CROSSBONES WRAP,86,2550,1059.0
2,22803,IVORY EMBROIDERED QUILT ,15,29,1057.75
2,21411,GINGHAM HEART  DOORSTOP RED,77,352,1055.86
2,22536,MAGIC DRAWING SLATE PURDEY,66,2874,1048.2
2,21041,RED RETROSPOT OVEN GLOVE DOUBLE,80,355,1047.2500000000002
2,21810,CHRISTMAS HANGING STAR WITH BELL,70,2053,1044.93
2,21781,MA CAMPAGNE CUTLERY BOX,57,70,1044.3
2,23371,SET 36 COLOUR PENCILS SPACEBOY ,55,890,1039.54
2,22822,CREAM WALL PLANTER HEART SHAPED,60,182,1036.41
2,22914,BLUE COAT RACK PARIS FASHION,58,237,1034.19
2,21206,STRAWBERRY HONEYCOMB  GARLAND ,49,935,1033.95
2,20751,FUNKY WASHING UP GLOVES ASSORTED,73,520,1032.96
2,21993,FLORAL FOLK STATIONERY SET,92,689,1032.5
2,22669,RED BABY BUNTING ,61,356,1030.2
2,22990,COTTON APRON PANTRY DESIGN,73,233,1029.99
2,22671,FRENCH LAUNDRY SIGN BLUE METAL,67,655,1029.9099999999999
2,23280,FOLDING BUTTERFLY MIRROR HOT PINK ,70,1359,1029.59
2,22548,HEADS AND TAILS SPORTING FUN,62,1000,1029.51
2,20992,JAZZ HEARTS PURSE NOTEBOOK,109,2468,1028.76
2,23252,VINTAGE RED ENAMEL TRIM JUG ,58,280,1027.92
2,22080,RIBBON REEL POLKADOTS ,49,652,1027.8
2,23498,CLASSIC BICYCLE CLIPS ,50,748,1027.0
2,84596F,SMALL MARSHMALLOWS PINK BOWL,165,2111,1023.65
2,37446,MINI CAKE STAND WITH HANGING CAKES,79,767,1020.75
2,22897,OVEN MITT APPLES DESIGN,94,716,1020.16
2,23598,PAPER BUNTING VINTAGE PARTY,30,367,1018.6500000000001
2,22332,SKULLS PARTY BAG + STICKER SET,78,645,1016.25
2,72802C,VANILLA SCENT CANDLE JEWELLED BOX,36,641,1016.07
2,23436,VINTAGE CHRISTMAS GIFT BAG LARGE ,27,920,1015.6
2,23391, I LOVE LONDON MINI BACKPACK,37,254,1014.1
2,23213,STAR WREATH DECORATION WITH BELL,54,867,1013.19
2,22361,GLASS JAR DAISY FRESH COTTON WOOL,62,369,1012.1500000000001
2,15044D,RED PAPER PARASOL,42,367,1008.29
2,21200,MULTICOLOUR HONEYCOMB PAPER GARLAND,19,820,1007.3999999999999
2,85062,PEARL CRYSTAL PUMPKIN T-LIGHT HLDR,62,615,1001.2199999999999
2,23131,MISELTOE HEART WREATH CREAM,1,240,996.0000000000001
2,23330,DECORATIVE WICKER HEART MEDIUM,83,800,992.44
2,23359,SET OF 12 T-LIGHTS VINTAGE DOILY,31,543,990.4499999999999
2,21811,HANGING HEART WITH BELL,59,2082,990.18
2,20674,GREEN POLKADOT BOWL,83,834,988.99
2,23529,DOLLY GIRL WALL ART,8,300,988.44
2,22737,RIBBON REEL CHRISTMAS PRESENT ,86,568,988.04
2,21452,TOADSTOOL MONEY BOX,62,352,983.2
2,90057,DIAMANTE RING ASSORTED IN BOX.,12,744,981.36
2,21981,PACK OF 12 WOODLAND TISSUES ,99,3607,980.51
2,22807,SET OF 6 T-LIGHTS TOADSTOOLS,44,359,978.7900000000001
2,22858,EASTER TIN KEEPSAKE,51,619,978.15
2,22831,WHITE BROCANTE SOAP DISH,41,351,977.8500000000001
2,23155,KNICKERBOCKERGLORY MAGNET ASSORTED ,60,1248,977.76
2,23358,HOT STUFF HOT WATER BOTTLE,38,318,974.9
2,23445,ICE CREAM BUBBLES,49,1199,973.1699999999998
2,22592,CARDHOLDER HOLLY WREATH METAL,37,260,972.22
2,21990,MODERN FLORAL STATIONERY SET,90,660,968.1
2,21872,GLAMOROUS  MUG,68,939,967.35
2,21967,PACK OF 12 SKULL TISSUES,84,3501,966.5899999999999
2,23232,WRAP VINTAGE LEAF DESIGN,59,2425,966.5
2,21870,I CAN ONLY PLEASE ONE PERSON MUG,82,784,966.32
2,22996,TRAVEL CARD WALLET VINTAGE TICKET,183,2305,965.22
2,22377,BOTTLE BAG RETROSPOT ,63,700,964.04
2,23542,70'S ALPHABET WALL ART,10,140,960.6
2,22475,SKULL DESIGN TV DINNER TRAY,77,223,959.85
2,22976,CIRCUS PARADE CHILDRENS EGG CUP ,78,764,959.84
2,22571,ROCKING HORSE RED CHRISTMAS ,87,1181,953.93
2,22282,12 EGG HOUSE PAINTED WOOD,43,74,953.52
2,22441,GROW YOUR OWN BASIL IN ENAMEL MUG,73,454,951.4000000000001
2,22593,CHRISTMAS GINGHAM STAR,65,1124,950.7199999999999
2,22776,SWEETHEART 3 TIER CAKE STAND ,55,97,949.1999999999999
2,22927,GREEN GIANT GARDEN THERMOMETER,67,159,946.0500000000001
2,84356,POMPOM CURTAIN,23,223,943.8500000000001
2,23317,BLUE REFECTORY CLOCK ,37,100,941.0
2,84832,ZINC WILLIE WINKIE  CANDLE STICK,75,1150,938.5
2,22199,FRYING PAN RED RETROSPOT,60,259,938.25
2,23265,SET OF 3 WOODEN TREE DECORATIONS,105,691,936.21
2,22645,CERAMIC HEART FAIRY CAKE MONEY BANK,98,738,933.9599999999999
2,22027,TEA PARTY BIRTHDAY CARD,138,2293,933.8299999999999
2,21394,RED POLKADOT BEAKER ,64,2319,933.7299999999999
2,11001,ASSTD DESIGN RACING CAR PEN,34,604,933.48
2,22037,ROBOT BIRTHDAY CARD,144,2270,932.62
2,21917,SET 12 KIDS  WHITE CHALK STICKS,99,2328,928.38
2,23504,PLAYING CARDS JUBILEE UNION JACK,70,744,927.48
2,23237,SET OF 4 KNICK KNACK TINS LEAVES ,40,229,926.35
2,46000M,POLYESTER FILLER PAD 45x45cm,78,594,920.7
2,23357,HOT WATER BOTTLE SEX BOMB,40,220,919.4000000000001
2,22399,MAGNETS PACK OF 4 CHILDHOOD MEMORY,47,816,917.4
2,22732,3D VINTAGE CHRISTMAS STICKERS ,57,694,915.9
2,23270,SET OF 2 CERAMIC PAINTED HEARTS ,53,772,915.4
2,23544,WALL ART MID CENTURY MODERN ,14,151,912.8299999999999
2,22070,SMALL RED RETROSPOT MUG IN BOX ,43,358,911.77
2,21509,COWBOYS AND INDIANS BIRTHDAY CARD ,108,2309,910.51
2,21686,MEDINA STAMPED METAL STOOL,14,24,908.8000000000001
2,22736,RIBBON REEL MAKING SNOWMEN ,68,545,906.41
2,23372,SET 36 COLOUR PENCILS DOLLY GIRL,42,783,905.79
2,20668,DISCO BALL CHRISTMAS DECORATION,100,8324,904.8000000000001
2,22459,CAST IRON HOOK GARDEN TROWEL,8,351,901.53
2,84968A,SET OF 16 VINTAGE ROSE CUTLERY,27,74,900.3
2,23096,PETIT TRAY CHIC,61,564,898.8799999999999
2,23490,T-LIGHT HOLDER HANGING LOVE BIRD,35,248,896.88
2,21042,RED RETROSPOT APRON ,60,150,893.8000000000001
2,22314,OFFICE MUG WARMER CHOC+BLUE,51,332,893.2400000000001
2,21987,PACK OF 6 SKULL PAPER CUPS,85,1492,892.0400000000001
2,23251,VINTAGE RED ENAMEL TRIM MUG ,55,745,890.9300000000001
2,22466,FAIRY TALE COTTAGE NIGHT LIGHT,36,485,889.65
2,47504K,ENGLISH ROSE GARDEN SECATEURS,68,964,888.76
2,20983,12 PENCILS TALL TUBE RED RETROSPOT,79,1052,887.9599999999999
2,22800,ANTIQUE TALL SWIRLGLASS TRINKET POT,51,235,887.23
2,23228,FILIGREE HEART BIRD WHITE ,49,701,886.54
2,22913,RED COAT RACK PARIS FASHION,44,207,885.69
2,22200,FRYING PAN PINK POLKADOT,49,233,885.29
2,22664,TOY TIDY DOLLY GIRL DESIGN,75,489,883.08
2,84968E,SET OF 16 VINTAGE BLACK CUTLERY,18,75,882.06
2,22713,CARD I LOVE LONDON ,81,2278,879.1
2,23034,DRAWER KNOB CERAMIC BLACK,44,633,877.05
2,21439,BASKET OF TOADSTOOLS,44,701,876.25
2,23287,RED VINTAGE SPOT BEAKER,81,1102,874.3000000000001
2,23486,ANTIQUE HEART SHELF UNIT,30,55,873.75
2,23068,ALUMINIUM STAMPED HEART,58,370,873.74
2,20977,36 PENCILS TUBE WOODLAND,62,716,870.6800000000001
2,22115,METAL SIGN EMPIRE TEA,85,776,868.8000000000001
2,22714,CARD BIRTHDAY COWBOY,73,2280,868.35
2,22472,TV DINNER TRAY DOLLY GIRL,46,216,867.9200000000001
2,23367,SET 12 COLOUR PENCILS SPACEBOY ,97,1338,867.3000000000001
2,21519,GIN & TONIC DIET GREETING CARD ,115,2125,866.58
2,21207,SKULL AND CROSSBONES  GARLAND ,30,570,863.6999999999999
2,22891,TEA FOR ONE POLKADOT,66,190,860.26
2,23540,WALL ART THE MAGIC FOREST ,6,141,860.19
2,22185,SLATE TILE NATURAL HANGING,58,580,858.3799999999999
2,22304,COFFEE MUG BLUE PAISLEY DESIGN,18,582,854.96
2,23507,MINI PLAYING CARDS BUFFALO BILL ,47,2188,854.76
2,47480,HANGING PHOTO CLIP ROPE LADDER,38,546,851.9799999999999
2,85054,FRENCH ENAMEL POT W LID,58,379,851.71
2,51014A,"FEATHER PEN,HOT PINK",69,1642,851.24
2,23161,REGENCY CAKE FORK,29,750,849.3000000000001
2,22644,CERAMIC CHERRY CAKE MONEY BANK,76,827,846.77
2,22119,PEACE WOODEN BLOCK LETTERS,51,168,844.76
2,22544,MINI JIGSAW SPACEBOY,51,2407,843.6
2,20978,36 PENCILS TUBE SKULLS,74,694,843.1800000000001
2,85132B,CHARLIE AND LOLA TABLE TINS,39,432,842.4
2,22573,STAR WOODEN CHRISTMAS DECORATION,75,947,842.39
2,23109,LED TEA LIGHTS,26,305,838.25
2,22911,PAPER CHAIN KIT LONDON,43,299,836.8900000000001
2,71038,WHITE HANGING BEADS CANDLE HOLDER,23,164,836.2
2,22676,FRENCH BLUE METAL DOOR SIGN 1,101,666,836.14
2,23347,I LOVE LONDON BEAKER,55,696,836.0
2,21175,GIN AND TONIC DIET METAL SIGN,21,363,835.41
2,23525,WALL ART BUFFALO BILL ,20,295,835.1700000000001
2,22975,SPACEBOY CHILDRENS EGG CUP,78,661,834.72
2,23122,PARTY CHARMS 50 PIECES,51,1101,834.6299999999999
2,22428,ENAMEL FIRE BUCKET CREAM,51,121,833.73
2,23352,ROLL WRAP 50'S RED CHRISTMAS ,55,691,833.51
2,22176,BLUE OWL SOFT TOY,60,289,833.3500000000001
2,82001S,SILVER RECORD COVER FRAME,16,237,833.25
2,23104,IVORY CAFE HANGING LAMP ,26,72,830.7
2,23500,KEY RING BASEBALL BOOT ASSORTED ,37,684,829.8
2,23559,WOODLAND BUNNIES LOLLY MAKERS,40,419,829.76
2,23090,VINTAGE GLASS T-LIGHT HOLDER,43,1052,828.88
2,23529,WALL ART DOLLY GIRL ,13,293,828.8700000000001
2,21718,RED METAL BEACH SPADE ,86,661,828.67
2,22675,FRENCH KITCHEN SIGN BLUE METAL,72,699,827.64
2,22364,GLASS JAR DIGESTIVE BISCUITS,53,306,826.42
2,22121,NOEL WOODEN BLOCK LETTERS ,50,141,825.99
2,22242,5 HOOK HANGER MAGIC TOADSTOOL,20,547,825.75
2,85035C,ROSE 3 WICK MORRIS BOX CANDLE,33,605,824.45
2,85064,CREAM SWEETHEART LETTER RACK,21,197,824.05
2,23396,LE JARDIN BOTANIQUE CUSHION COVER,54,221,823.23
2,22110,BIRD HOUSE HOT WATER BOTTLE,69,327,822.56
2,22905,CALENDAR IN SEASON DESIGN,36,335,820.64
2,22948,METAL DECORATION NAUGHTY CHILDREN ,58,906,819.06
2,22530,MAGIC DRAWING SLATE DOLLY GIRL ,84,2051,817.5
2,22434,BALLOON PUMP WITH 10 BALLOONS,48,418,817.28
2,21537,RED RETROSPOT PUDDING BOWL,27,203,815.75
2,22928,YELLOW GIANT GARDEN THERMOMETER,42,130,815.62
2,22852,DOG BOWL VINTAGE CREAM,58,191,815.17
2,22832,BROCANTE SHELF WITH HOOKS,37,77,814.95
2,22156,HEART DECORATION WITH PEARLS ,83,964,814.8499999999999
2,22312,OFFICE MUG WARMER POLKADOT,45,271,813.0900000000001
2,21792,CLASSIC FRENCH STYLE BASKET GREEN ,36,199,811.25
2,85049C,ROMANTIC PINKS RIBBONS ,91,669,810.1
2,84313C,ORANGE TV TRAY TABLE ,14,414,809.5999999999999
2,21494,ROTATING LEAVES T-LIGHT HOLDER,62,556,807.53
2,35924,HANGING FAIRY CAKE DECORATION,19,472,806.29
2,84510A,SET OF 4 ENGLISH ROSE COASTERS,82,671,805.59
2,23145,ZINC T-LIGHT HOLDER STAR LARGE,63,865,805.1499999999999
2,22398,MAGNETS PACK OF 4 SWALLOWS,116,1398,804.43
2,23539,WALL ART LOVES' SECRET ,17,182,802.46
2,23119,PACK OF 6 LARGE FRUIT STRAWS ,55,1386,798.93
2,22579,WOODEN TREE CHRISTMAS SCANDINAVIAN,118,2198,797.3799999999999
2,22292,HANGING CHICK  YELLOW DECORATION,32,589,796.4499999999999
2,22283,6 EGG HOUSE PAINTED WOOD,48,99,794.89
2,22227,HANGING HEART MIRROR DECORATION ,115,1226,793.9000000000001
2,23101,SILVER STARS TABLE DECORATION,77,997,793.1899999999999
2,23148,MINIATURE ANTIQUE ROSE HOOK IVORY,125,957,791.67
2,21544,SKULLS  WATER TRANSFER TATTOOS ,64,1012,791.4
2,22445,PENCIL CASE LIFE IS BEAUTIFUL,44,276,790.0
2,85132A,CHARLIE + LOLA BISCUITS TINS,41,380,789.0
2,22245,"HOOK, 1 HANGER ,MAGIC GARDEN",33,988,786.76
2,20985,HEART CALCULATOR,47,700,784.2
2,23533,WALL ART GARDEN HAVEN ,17,177,783.99
2,22733,3D TRADITIONAL CHRISTMAS STICKERS,61,591,782.31
2,15044A,PINK PAPER PARASOL ,48,270,782.1800000000001
2,72802A,ROSE SCENT CANDLE IN JEWELLED BOX,26,197,778.97
2,22763,KEY CABINET MA CAMPAGNE,44,80,778.5999999999999
2,21039,RED RETROSPOT SHOPPING BAG,51,311,777.2099999999999
2,23142,IVORY WIRE KITCHEN ORGANISER,17,81,774.9000000000001
2,21211,SET OF 72 SKULL PAPER  DOILIES,37,560,773.6
2,23528,SPACEBOY WALL ART,8,276,773.4000000000001
2,85183B,CHARLIE & LOLA WASTEPAPER BIN FLORA,62,631,773.25
2,21232,STRAWBERRY CERAMIC TRINKET POT,49,594,773.22
2,22744,MAKE YOUR OWN MONSOON CARD KIT,58,410,771.94
2,23281,FOLDING BUTTERFLY MIRROR RED  ,52,1023,771.21
2,22509,SEWING BOX RETROSPOT DESIGN ,35,101,770.9499999999999
2,84818,DANISH ROSE PHOTO FRAME,45,800,770.72
2,23370,SET 36 COLOURING PENCILS DOILY,35,634,768.1800000000001
2,23546,WRAP PAISLEY PARK ,63,1825,766.5
2,21626,VINTAGE UNION JACK PENNANT,43,393,766.35
2,22934,BAKING MOULD EASTER EGG WHITE CHOC,30,282,764.7
2,23226,FILIGREE HEART DAISY WHITE,41,627,763.59
2,22402,MAGNETS PACK OF 4 VINTAGE COLLAGE,81,1241,762.68
2,21864,UNION JACK FLAG PASSPORT COVER ,61,405,761.94
2,23225,CHERUB HEART DECORATION SILVER ,37,901,761.75
2,22674,FRENCH TOILET SIGN BLUE METAL,72,654,761.71
2,23399,HOME SWEET HOME HANGING HEART,83,898,760.18
2,20963,APPLE BATH SPONGE,66,589,759.24
2,21717,EASTER TIN BUCKET,25,337,758.5500000000001
2,22686,FRENCH BLUE METAL DOOR SIGN No,52,668,758.45
2,21464,DISCO BALL ROTATOR BATTERY OPERATED,74,179,757.75
2,23532,WALL ART WORK REST AND PLAY  ,17,185,757.47
2,23505,PLAYING CARDS I LOVE LONDON ,45,673,757.25
2,84796B,BLUE SAVANNAH PICNIC HAMPER FOR 2,14,66,755.0999999999999
2,23040,PAPER LANTERN 9 POINT SNOW STAR ,9,148,755.0
2,22028,PENNY FARTHING BIRTHDAY CARD,106,1847,754.93
2,21528,DAIRY MAID TRADITIONAL TEAPOT ,63,110,754.5
2,23462,ROCOCO WALL MIRROR WHITE,31,40,753.0
2,23086,ZINC  STAR T-LIGHT HOLDER ,19,650,752.02
2,22613,PACK OF 20 SPACEBOY NAPKINS,63,1004,751.46
2,22731,3D CHRISTMAS STAMPS STICKERS ,48,586,750.7
2,22601,CHRISTMAS RETROSPOT ANGEL WOOD,75,883,750.55
2,21534,DAIRY MAID LARGE MILK JUG,63,155,750.45
2,22853,CAT BOWL VINTAGE CREAM,52,232,750.2
2,23536,WALL ART VILLAGE SHOW ,29,151,749.41
2,23392,SPACEBOY ROCKET LOLLY MAKERS,33,387,749.28
2,22594,CHRISTMAS GINGHAM TREE,56,884,749.06
2,23527,ANIMALS AND NATURE WALL ART,9,219,743.97
2,23506,MINI PLAYING CARDS SPACEBOY ,62,1827,742.14
2,21622,VINTAGE UNION JACK CUSHION COVER,41,153,740.5500000000001
2,22804,PINK HANGING HEART T-LIGHT HOLDER,34,551,737.73
2,21902,"KEY FOB , FRONT  DOOR ",77,1238,736.6800000000001
2,22073,RED RETROSPOT STORAGE JAR,26,208,735.36
2,22473,TV DINNER TRAY VINTAGE PAISLEY,44,240,735.24
2,23249,VINTAGE RED ENAMEL TRIM PLATE,45,461,734.8899999999999
2,23020,GLASS  SONGBIRD STORAGE JAR,28,63,734.85
2,72349B,SET/6 PURPLE BUTTERFLY T-LIGHTS,44,392,734.64
2,20914,SET/5 RED SPOTTY LID GLASS BOWLS,1,288,734.4
2,22186,RED STAR CARD HOLDER,46,334,733.14
2,22591,CARDHOLDER GINGHAM CHRISTMAS TREE,35,213,729.6899999999999
2,23483,HANGING  BUTTERFLY T-LIGHT HOLDER,24,636,729.48
2,21625,VINTAGE UNION JACK APRON,34,104,729.34
2,23181,BULL DOG BOTTLE TOP WALL CLOCK,38,91,726.75
2,22742,MAKE YOUR OWN PLAYTIME CARD KIT,46,424,726.1600000000001
2,22375,AIRLINE BAG VINTAGE JET SET BROWN,53,175,724.5500000000001
2,23232,WRAP VINTAGE PETALS  DESIGN,58,1800,724.0
2,23515,EMBROIDERED RIBBON REEL DAISY ,25,389,723.86
2,21706,FOLDING UMBRELLA RED/WHITE POLKADOT,40,146,723.73
2,23033,DRAWER KNOB CERAMIC RED,40,527,723.35
2,21056,DOCTOR'S BAG SOFT TOY,40,67,722.53
2,22416,SET OF 36 DOILIES SPACEBOY DESIGN ,26,538,722.5
2,22588,CARD HOLDER GINGHAM HEART,58,242,717.34
2,21986,PACK OF 12 PINK POLKADOT TISSUES,66,2658,710.86
2,23516,EMBROIDERED RIBBON REEL SOPHIE  ,18,207,710.01
2,23411, TRELLIS COAT RACK,29,155,709.6500000000001
2,22562,MONSTERS STENCIL CRAFT,72,587,706.67
2,23121,PACK OF 6 COCKTAIL PARASOL STRAWS,44,1853,703.38
2,23128,FELTCRAFT BOY JEAN-PAUL KIT,50,143,701.13
2,23431,NATURAL HANGING QUILTED HEARTS ,29,930,700.6199999999999
2,22677,FRENCH BLUE METAL DOOR SIGN 2,75,560,700.01
2,23160,REGENCY TEA SPOON,29,608,697.0
2,84968F,SET OF 16 VINTAGE SKY BLUE CUTLERY,14,58,696.3
2,22152,PLACE SETTING WHITE STAR,51,1704,695.81
2,21381,MINI WOODEN HAPPY BIRTHDAY GARLAND,65,411,694.59
2,21992,VINTAGE PAISLEY STATIONERY SET,75,465,694.39
2,22959,WRAP CHRISTMAS VILLAGE,48,1726,692.92
2,23217,LAUREL HEART ANTIQUE SILVER,37,566,692.24
2,22291,HANGING CHICK CREAM DECORATION,32,477,691.65
2,23512,EMBROIDERED RIBBON REEL ROSIE,24,373,690.5799999999999
2,23434,3 RAFFIA RIBBONS 50'S CHRISTMAS ,46,788,689.6
2,84828,JUNGLE POPSICLES ICE LOLLY MOULDS,53,551,688.66
2,84568,GIRLS ALPHABET IRON ON PATCHES ,9,3552,688.3199999999999
2,23525,BUFFALO BILL WALL ART ,8,204,687.72
2,84795B,SUNSET CHECK HAMMOCK,21,91,687.45
2,23138,SINGLE WIRE HOOK IVORY HEART,33,514,685.6999999999999
2,22419,LIPSTICK PEN RED,82,1406,684.6
2,23402,HOME SWEET HOME 3 PEG HANGER ,30,188,682.9200000000001
2,22436,12 COLOURED PARTY BALLOONS,67,1047,682.35
2,22334,DINOSAUR PARTY BAG + STICKER SET,49,430,682.3399999999999
2,21123,SET/10 IVORY POLKADOT PARTY CANDLES,54,548,682.06
2,22716,CARD CIRCUS PARADE,105,1672,677.55
2,23250,VINTAGE RED TRIM ENAMEL BOWL ,56,550,676.79
2,22792,FLUTED ANTIQUE CANDLE HOLDER,42,855,676.05
2,23368,SET 12 COLOUR PENCILS DOLLY GIRL ,75,1040,673.6
2,21899,"KEY FOB , GARAGE DESIGN",46,1151,673.2700000000001
2,23501,KEY RING BASEBALL BOOT UNION JACK,33,574,671.3
2,22539,MINI JIGSAW DOLLY GIRL,36,1888,669.9399999999999
2,21070,VINTAGE BILLBOARD MUG ,46,694,669.1
2,10125,MINI FUNKY DESIGN TAPES,28,846,667.5
2,23513,EMBROIDERED RIBBON REEL SUSIE ,21,361,667.36
2,84558A,3D DOG PICTURE PLAYING CARDS,32,226,666.7
2,22708,WRAP DOLLY GIRL,53,1625,666.5
2,84884A,ANT WHITE WIRE HEART SPIRAL,32,177,666.11
2,72807B,SET/3 OCEAN SCENT CANDLE JEWEL BOX,24,167,665.75
2,23508,MINI PLAYING CARDS DOLLY GIRL ,51,1645,665.7
2,23267,SET OF 4 SANTA PLACE SETTINGS,35,547,663.59
2,22912,YELLOW COAT RACK PARIS FASHION,41,157,663.39
2,23510,MINI PLAYING CARDS GYMKHANA,44,1729,663.1800000000001
2,22285,HANGING HEN ON NEST DECORATION,41,401,661.6499999999999
2,22024,RAINY LADIES BIRTHDAY CARD,83,1667,661.4499999999999
2,46000S,POLYESTER FILLER PAD 40x40cm,77,455,659.75
2,23274,STAR T-LIGHT HOLDER WILLIE WINKIE,38,405,659.01
2,21591,COSY HOUR CIGAR BOX MATCHES ,40,548,657.64
2,21832,CHOCOLATE CALCULATOR,58,391,656.6299999999999
2,22602,RETROSPOT WOODEN HEART DECORATION,64,796,656.3199999999999
2,84969,BOX OF 6 ASSORTED COLOUR TEASPOONS,41,151,655.99
2,22498,WOODEN REGATTA BUNTING,50,110,654.5
2,23519,EMBROIDERED RIBBON REEL CLAIRE,12,192,653.76
2,21395,BLUE POLKADOT BEAKER ,43,1676,653.64
2,23348,CHILDRENS TOY COOKING UTENSIL SET,58,329,653.58
2,23523,TREASURE AHOY WALL ART,8,222,653.46
2,84944,SET OF 6 KASHMIR FOLKART BAUBLES,42,371,651.15
2,22609,PENS ASSORTED SPACEBALL,57,3044,650.36
2,22583,PACK OF 6 HANDBAG GIFT BOXES,21,255,650.25
2,16169E,WRAP 50'S  CHRISTMAS,51,1576,649.92
2,21354,TOAST ITS - BEST MUM,39,562,649.7
2,22154,ANGEL DECORATION 3 BUTTONS ,53,1545,648.9
2,23566,EGG CUP MILKMAID HEIDI,29,567,648.27
2,47503A,ASS FLORAL PRINT MULTI SCREWDRIVER,71,1391,646.9
2,15060B,FAIRY CAKE DESIGN UMBRELLA,48,175,645.87
2,22471,TV DINNER TRAY AIR HOSTESS ,29,239,645.73
2,21111,"SWISS ROLL TOWEL, CHOCOLATE  SPOTS",15,423,643.05
2,22984,CARD GINGHAM ROSE ,82,1610,642.46
2,22055,MINI CAKE STAND  HANGING STRAWBERY,65,507,641.8199999999999
2,22754,SMALL RED BABUSHKA NOTEBOOK ,110,1120,641.06
2,21470,FLOWER VINE RAFFIA FOOD COVER,54,167,637.38
2,22474,SPACEBOY TV DINNER TRAY,42,164,637.0400000000001
2,22452,MEASURING TAPE BABUSHKA PINK,35,232,634.6
2,22939,ADULT APRON APPLE DELIGHT,24,127,634.53
2,79302M,"ART LIGHTS,FUNK MONKEY",33,237,634.35
2,23470,CARD HOLDER LOVE BIRD LARGE ,38,109,633.9499999999999
2,84971S,SMALL HEART FLOWERS HOOK ,60,793,633.65
2,21813,GARLAND WITH STARS AND BELLS,17,138,632.7
2,23113,PANTRY CHOPPING BOARD,27,139,630.45
2,72802B,OCEAN SCENT CANDLE IN JEWELLED BOX,29,412,630.44
2,85061W,WHITE JEWELLED HEART DECORATION,48,762,629.88
2,21422,PORCELAIN ROSE SMALL,24,823,629.3499999999999
2,23469,CARD HOLDER LOVE BIRD SMALL,24,169,629.11
2,21700,BIG DOUGHNUT FRIDGE MAGNETS,55,740,629.0
2,23334,IVORY WICKER HEART SMALL,39,1015,627.9300000000001
2,22949,36 DOILIES DOLLY GIRL,24,433,627.8499999999999
2,22461,SAVOY ART DECO CLOCK,28,138,627.7
2,82567,"AIRLINE LOUNGE,METAL SIGN",82,314,627.11
2,21071,VINTAGE BILLBOARD DRINK ME MUG,69,523,626.46
2,21949,SET OF 6 STRAWBERRY CHOPSTICKS,40,533,625.49
2,23378,PACK OF 12 50'S CHRISTMAS TISSUES,62,1679,624.5699999999999
2,23000,TRAVEL CARD WALLET TRANSPORT,123,1492,623.76
2,23373,VINTAGE CHRISTMAS PAPER GIFT BAG,31,809,623.38
2,23221,REINDEER HEART DECORATION SILVER,50,716,623.2399999999999
2,82578,KITCHEN METAL SIGN,117,1107,621.61
2,21114,LAVENDER SCENTED FABRIC HEART,42,485,621.53
2,23491,VINTAGE JINGLE BELLS HEART,21,75,618.75
2,21361,LOVE LARGE WOOD LETTERS ,27,51,617.85
2,10135,COLOURING PENCILS BROWN TUBE,44,678,617.29
2,22363,GLASS JAR MARMALADE ,26,231,617.09
2,22762,CUPBOARD 3 DRAWER MA CAMPAGNE,33,43,616.4499999999999
2,22526,WHEELBARROW FOR CHILDREN ,29,50,615.9
2,22203,MILK PAN RED RETROSPOT,51,187,614.88
2,22608,PENS ASSORTED FUNKY JEWELED ,43,3126,614.76
2,84032B,CHARLIE + LOLA RED HOT WATER BOTTLE,58,342,614.5600000000001
2,22711,WRAP CIRCUS PARADE,52,1500,614.0
2,22316,200 BENDY SKULL STRAWS,26,564,613.8000000000001
2,22284,HEN HOUSE DECORATION,44,372,613.8
2,23524,HORSE & PONY WALL ART,8,207,613.5600000000001
2,21578,WOODLAND DESIGN  COTTON TOTE BAG,35,272,612.0
2,21447,12 IVORY ROSE PEG PLACE SETTINGS,58,489,611.25
2,22575,METAL MERRY CHRISTMAS WREATH,31,340,610.1999999999999
2,22977,DOLLY GIRL CHILDRENS EGG CUP,57,485,607.46
2,85227,SET OF 6 3D KIT CARDS FOR KIDS,61,734,607.28
2,21812,GARLAND WITH HEARTS AND BELLS,19,131,606.45
2,23338,EGG FRYING PAN RED ,50,302,606.08
2,22306,SILVER MUG BONE CHINA TREE OF LIFE,47,529,606.03
2,23568,EGG CUP HENRIETTA HEN CREAM ,21,533,605.77
2,22985,"WRAP, BILLBOARD FONTS DESIGN",22,1650,605.0
2,21793,CLASSIC FRENCH STYLE BASKET BROWN,34,148,604.24
2,22443,GROW YOUR OWN HERBS SET OF 3,39,76,604.2
2,22439,6 ROCKET BALLOONS ,77,883,601.5500000000001
2,84459B,YELLOW METAL CHICKEN HEART ,22,449,599.89
2,23518,EMBROIDERED RIBBON REEL RACHEL ,13,234,599.46
2,23460,SWEETHEART WALL TIDY ,24,67,599.13
2,21058,PARTY INVITES WOODLAND,51,747,599.0699999999999
2,85180A,RED HEARTS LIGHT CHAIN ,22,302,597.74
2,85035B,CHOCOLATE 3 WICK MORRIS BOX CANDLE,17,457,595.25
2,23327,HANGING CLEAR MINI BOTTLE,19,1023,594.8900000000001
2,22915,ASSORTED BOTTLE TOP  MAGNETS ,64,1494,592.08
2,23298,"BUNTING , SPOTTY ",5,137,590.1500000000001
2,22315,200 RED + WHITE BENDY STRAWS,59,501,589.77
2,22799,SWEETHEART WIRE FRUIT BOWL,28,80,589.15
2,23056,FLOWERS CHANDELIER T-LIGHT HOLDER,19,313,589.09
2,84596G,SMALL CHOCOLATES PINK BOWL,106,1234,586.13
2,22153,ANGEL DECORATION STARS ON DRESS,47,1439,584.22
2,21355,TOAST ITS - I LOVE YOU ,48,475,584.15
2,21508,VINTAGE KID DOLLY CARD ,77,1469,583.03
2,21507,"ELEPHANT, BIRTHDAY CARD, ",79,1454,581.88
2,22982,PANTRY PASTRY BRUSH,70,463,580.8
2,21055,TOOL BOX SOFT TOY ,33,58,580.54
2,22770,MIRROR CORNICE,28,40,580.4
2,21819,GLITTER CHRISTMAS STAR ,55,1289,580.35
2,21363,HOME SMALL WOOD LETTERS,51,117,579.15
2,21179,NO JUNK MAIL METAL SIGN,96,1092,578.96
2,84843,WHITE SOAP RACK WITH 2 BOTTLES,17,113,578.75
2,72807A,SET/3 ROSE CANDLE IN JEWELLED BOX,17,145,577.53
2,15058C,ICE CREAM DESIGN GARDEN PARASOL,18,133,577.35
2,22362,GLASS JAR PEACOCK BATH SALTS,38,210,577.1800000000001
2,21705,BAG 500g SWIRLY MARBLES,51,646,576.42
2,21615,4 LAVENDER BOTANICAL DINNER CANDLES,36,393,576.25
2,22534,MAGIC DRAWING SLATE SPACEBOY ,74,1460,575.76
2,23094,LE GRAND TRAY CHIC SET,25,46,575.0
2,22358,KINGS CHOICE TEA CADDY ,51,196,574.2800000000001
2,84968C,SET OF 16 VINTAGE PISTACHIO CUTLERY,22,45,573.75
2,22680,FRENCH BLUE METAL DOOR SIGN 5,63,458,573.72
2,84660A,WHITE STITCHED WALL CLOCK,22,640,573.39
2,47504H,ENGLISH ROSE SPIRIT LEVEL ,46,603,572.97
2,22576,SWALLOW WOODEN CHRISTMAS DECORATION,57,659,572.63
2,84459A,PINK METAL CHICKEN HEART ,16,446,572.38
2,37342,POLKADOT COFFEE CUP & SAUCER PINK,32,722,571.82
2,22758,LARGE PURPLE BABUSHKA NOTEBOOK  ,74,724,571.8
2,22503,CABIN BAG VINTAGE PAISLEY,9,36,569.4
2,22922,FRIDGE MAGNETS US DINER ASSORTED,48,672,569.0999999999999
2,22678,FRENCH BLUE METAL DOOR SIGN 3,68,453,568.68
2,20961,STRAWBERRY BATH SPONGE ,66,438,566.86
2,22130,PARTY CONE CHRISTMAS DECORATION ,39,666,566.0999999999999
2,22757,LARGE RED BABUSHKA NOTEBOOK ,63,614,565.9300000000001
2,22076,6 RIBBONS EMPIRE  ,52,432,565.1999999999999
2,21065,BOOM BOX SPEAKER GIRLS,18,399,564.55
2,22476,EMPIRE UNION JACK TV DINNER TRAY,36,119,564.37
2,22278,OVERNIGHT BAG VINTAGE ROSE PAISLEY,36,114,564.3000000000001
2,23271,CHRISTMAS TABLE SILVER CANDLE SPIKE,26,715,564.01
2,23405,HOME SWEET HOME 2 DRAWER CABINET,23,121,563.75
2,85159B,"WHITE TEA,COFFEE,SUGAR JARS",40,328,561.66
2,22824,3 TIER SWEETHEART GARDEN SHELF,12,16,560.2
2,51008,AFGHAN SLIPPER SOCK PAIR,6,162,558.9
2,22735,RIBBON REEL SOCKS AND MITTENS,39,340,556.68
2,84823,DANISH ROSE FOLDING CHAIR,12,70,556.5
2,21619,4 VANILLA BOTANICAL CANDLES,36,411,556.25
2,22444,GROW YOUR OWN PLANT IN A CAN ,20,459,555.51
2,22997,TRAVEL CARD WALLET UNION JACK,117,1324,554.64
2,79160,HEART SHAPE WIRELESS DOORBELL,24,320,553.92
2,23026,DRAWER KNOB VINTAGE GLASS STAR,29,280,553.13
2,21034,REX CASH+CARRY JUMBO SHOPPER,278,581,551.9499999999999
2,21713,CITRONELLA CANDLE FLOWERPOT,42,273,550.5500000000001
2,84006,MAGIC TREE -PAPER FLOWERS,48,647,549.9499999999999
2,21469,POLKA DOT RAFFIA FOOD COVER,36,145,547.46
2,10002,INFLATABLE POLITICAL GLOBE ,31,644,547.4
2,23511,EMBROIDERED RIBBON REEL EMILY ,34,284,547.22
2,21577,SAVE THE PLANET COTTON TOTE BAG,61,243,546.75
2,84509G,SET OF 4 FAIRY CAKE PLACEMATS ,20,341,546.25
2,22318,FIVE HEART HANGING DECORATION,44,187,544.45
2,23524,WALL ART HORSE & PONY ,25,182,543.4200000000001
2,22917,HERB MARKER ROSEMARY,96,854,543.1
2,84279P,CHERRY BLOSSOM  DECORATIVE FLASK,48,147,542.61
2,23375,50'S CHRISTMAS PAPER GIFT BAG,37,686,542.52
2,22168,ORGANISER WOOD ANTIQUE WHITE ,43,65,542.3
2,21901,"KEY FOB , BACK DOOR ",122,820,540.96
2,22063,CERAMIC BOWL WITH STRAWBERRY DESIGN,39,286,540.34
2,23394,POSTE FRANCE CUSHION COVER,47,144,540.0
2,21984,PACK OF 12 PINK PAISLEY TISSUES ,67,1882,539.1199999999999
2,22755,SMALL PURPLE BABUSHKA NOTEBOOK ,112,863,537.4
2,23102,SILVER HEARTS TABLE DECORATION,61,679,537.17
2,22046,TEA PARTY  WRAPPING PAPER ,41,1316,536.72
2,22220,CAKE STAND LOVEBIRD 2 TIER WHITE,30,81,536.55
2,23186,FRENCH STYLE STORAGE JAR CAFE ,34,1066,536.54
2,21680,WOODLAND  STICKERS,34,631,536.3499999999999
2,22107,PIZZA PLATE IN BOX,37,160,536.23
2,20966,SANDWICH BATH SPONGE,23,459,535.75
2,22650,CERAMIC PIRATE CHEST MONEY BANK,51,385,534.25
2,23071,MARIE ANTOINETTE TRINKET BOX GOLD,7,220,533.6
2,84849D,HOT BATHS SOAP HOLDER,65,315,532.35
2,22357,KINGS CHOICE BISCUIT TIN,43,131,530.35
2,22919,HERB MARKER MINT,94,834,530.1
2,22085,PAPER CHAIN KIT SKULLS ,33,185,529.75
2,23414,ZINC BOX SIGN HOME,23,55,529.73
2,85116,BLACK CANDELABRA T-LIGHT HOLDER,24,554,529.1500000000001
2,84660B,BLACK STITCHED WALL CLOCK,18,562,528.3
2,22920,HERB MARKER BASIL,93,831,528.1500000000001
2,23562,SET OF 6 RIBBONS PERFECTLY PRETTY  ,24,191,527.99
2,22275,WEEKEND BAG VINTAGE ROSE PAISLEY,1,69,527.85
2,21769,VINTAGE POST OFFICE CABINET,1,10,527.7
2,22789,T-LIGHT HOLDER SWEETHEART HANGING,44,285,527.49
2,23057,BEADED CHANDELIER T-LIGHT HOLDER,18,212,525.64
2,21188,3D HEARTS  HONEYCOMB PAPER GARLAND,19,187,522.85
2,21066,VINTAGE RED MUG,22,580,522.62
2,21359,RELAX LARGE WOOD LETTERS,18,82,521.9
2,22313,OFFICE MUG WARMER PINK,30,192,521.3400000000001
2,21382,SET/4 SPRING FLOWER DECORATION,43,539,520.85
2,23214,JINGLE BELL HEART ANTIQUE GOLD,33,241,520.35
2,23369,SET 36 COLOUR PENCILS LOVE LONDON,36,455,520.11
2,21947,SET OF 6 HEART CHOPSTICKS,48,416,518.98
2,23432,PRETTY HANGING QUILTED HEARTS,30,637,518.15
2,85183A,CHARLIE & LOLA WASTEPAPER BIN BLUE,47,428,517.0
2,22681,FRENCH BLUE METAL DOOR SIGN 6,60,410,514.51
2,21112,"SWISS ROLL TOWEL, PINK  SPOTS",8,409,512.95
2,23597,PAPER BUNTING PAISLEY PARK,14,195,511.25
2,84819,DANISH ROSE ROUND SEWING BOX,28,484,509.86
2,21328,BALLOONS  WRITING SET ,69,304,509.79999999999995
2,23376,PACK OF 12 VINTAGE CHRISTMAS TISSUE,49,1384,509.52
2,22944,CHRISTMAS METAL POSTCARD WITH BELLS,21,1186,508.98
2,21399,BLUE POLKADOT COFFEE MUG,39,1267,507.81
2,72817,SET OF 2 CHRISTMAS DECOUPAGE CANDLE,48,531,507.43
2,20982,12 PENCILS TALL TUBE SKULLS,75,604,507.15999999999997
2,22679,FRENCH BLUE METAL DOOR SIGN 4,59,404,506.82
2,22453,MEASURING TAPE BABUSHKA BLUE,21,183,506.25
2,21913,VINTAGE SEASIDE JIGSAW PUZZLES,39,133,506.17
2,22916,HERB MARKER THYME,89,797,506.05
2,16237,SLEEPING CAT ERASERS,67,2788,505.98
2,22190,LOCAL CAFE MUG,27,329,505.68000000000006
2,22320,BIRDS MOBILE VINTAGE DESIGN,38,83,505.21000000000004
2,22335,HEART DECORATION PAINTED ZINC ,59,833,504.85
2,23087,ZINC  HEART T-LIGHT HOLDER,23,436,504.68
2,23231,WRAP  VINTAGE DOILY ,43,1200,504.0
2,23452,HEART MINI PORTRAIT FRAME,34,260,503.4
2,22128,PARTY CONES CANDY ASSORTED,20,424,502.64
2,22343,PARTY PIZZA DISH RED RETROSPOT,36,1246,502.53999999999996
2,84813,SET OF 4 DIAMOND NAPKIN RINGS,11,74,501.52
2,21679,SKULLS  STICKERS,49,595,501.07
2,21628,TRIANGULAR POUFFE VINTAGE ,14,36,500.79999999999995
2,35923,CANDY HEART HANGING DECORATION,22,964,498.84000000000003
2,22071,SMALL WHITE RETROSPOT MUG IN BOX ,27,256,497.5
2,16016,LARGE CHINESE STYLE SCISSOR,29,615,496.75
2,85232D,SET/3 DECOUPAGE STACKING TINS,27,107,496.05
2,22494,EMERGENCY FIRST AID TIN ,72,375,495.37
2,17091J,VANILLA INCENSE IN TIN,45,1168,495.08
2,15058A,BLUE POLKADOT GARDEN PARASOL,26,68,495.0
2,21927,BLUE/CREAM STRIPE CUSHION COVER ,79,402,494.9
2,22611,VINTAGE UNION JACK SHOPPING BAG,16,110,494.1
2,22047,EMPIRE GIFT WRAP,47,1175,493.5
2,22167, OVAL WALL MIRROR DIAMANTE ,30,65,492.8
2,21198,WHITE HEART CONFETTI IN TUBE,26,483,492.1499999999999
2,20846,ZINC HEART LATTICE T-LIGHT HOLDER,33,412,491.72
2,21466,RED FLOWER CROCHET FOOD COVER,40,136,491.24
2,15058B,PINK POLKADOT GARDEN PARASOL,23,66,491.09999999999997
2,22817,CARD SUKI BIRTHDAY,78,1210,490.92
2,17021,NAMASTE SWAGAT INCENSE,24,1908,487.44
2,84012,MAGIC SHEEP WOOL GROWING FROM PAPER,32,453,487.04999999999995
2,23124,18PC WOODEN CUTLERY SET DISPOSABLE,13,416,486.4
2,23482,PEARLISED IVORY HEART LARGE ,20,315,486.15
2,23273,HEART T-LIGHT HOLDER WILLIE WINKIE,35,293,486.0899999999999
2,22682,FRENCH BLUE METAL DOOR SIGN 7,54,388,485.61
2,22918,HERB MARKER PARSLEY,87,764,484.6
2,20886,BOX OF 9 PEBBLE CANDLES,38,263,482.84999999999997
2,84609,TALL ROCOCO CANDLE HOLDER,10,62,482.0
2,22819,"BIRTHDAY CARD, RETRO SPOT",73,1188,481.68
2,23123,COCKTAIL SWORDS 50 PIECES,39,628,480.32
2,22939,APRON APPLE DELIGHT,31,97,480.15000000000003
2,23179,CLOCK MAGNET MUM'S KITCHEN,18,180,479.52000000000004
2,20801,LARGE PINK GLASS SUNDAE DISH,36,606,479.06
2,20981,12 PENCILS TALL TUBE WOODLAND,73,562,477.7
2,22673,FRENCH GARDEN SIGN BLUE METAL,64,385,476.83
2,21171,BATHROOM METAL SIGN ,37,361,475.45
2,47580,TEA TIME DES TEA COSY,49,195,474.46
2,23514,EMBROIDERED RIBBON REEL SALLY ,24,249,474.41999999999996
2,22995,TRAVEL CARD WALLET SUKI,132,1136,474.24
2,21272,SALLE DE BAIN HOOK,34,354,473.82
2,22454,MEASURING TAPE BABUSHKA RED,21,172,473.8
2,84519A,TOMATO CHARLIE+LOLA COASTER SET,32,266,473.74
2,37447,CERAMIC CAKE DESIGN SPOTTED PLATE,44,325,473.69
2,23502,PLAYING CARDS VINTAGE DOILY ,35,397,472.73
2,85206A,CREAM FELT EASTER EGG BASKET,43,293,472.65
2,22696,WICKER WREATH LARGE,40,251,472.30999999999995
2,84968D,SET OF 16 VINTAGE RED CUTLERY,17,35,470.67
2,22856,ASSORTED EASTER DECORATIONS  BELLS,12,420,470.28000000000003
2,23564,EGG CUP MILKMAID INGRID,23,400,469.76
2,85015,SET OF 12  VINTAGE POSTCARD SET,31,600,469.62
2,84536A,ENGLISH ROSE NOTEBOOK A7 SIZE,108,1114,468.7
2,21209,MULTICOLOUR HONEYCOMB FAN,32,812,467.68
2,21744,SNOWFLAKE PORTABLE TABLE LIGHT ,32,143,467.29
2,21195,PINK  HONEYCOMB PAPER BALL ,16,350,467.16
2,23545,WRAP RED VINTAGE DOILY,33,1150,467.0
2,20984,12 PENCILS TALL TUBE POSY,60,1492,466.28
2,23153,ZINC SWEETHEART WIRE LETTER RACK,39,126,466.13
2,21043,APRON MODERN VINTAGE COTTON,25,232,464.4
2,22025,RING OF ROSES BIRTHDAY CARD,50,1188,464.4
2,22994,TRAVEL CARD WALLET RETROSPOT,112,1108,463.92
2,22376,AIRLINE BAG VINTAGE JET SET WHITE,41,109,463.69
2,79191C,RETRO PLASTIC ELEPHANT TRAY,34,694,463.17999999999995
2,47593B,SCOTTIE DOGS BABY BIB,53,1148,462.64
2,84032A,CHARLIE+LOLA PINK HOT WATER BOTTLE,49,215,461.49
2,23114,VINTAGE LEAF CHOPPING BOARD  ,24,99,461.25000000000006
2,15044B,BLUE PAPER PARASOL ,25,163,460.85
2,21774,DECORATIVE CATS BATHROOM BOTTLE,26,622,460.46000000000004
2,20752,BLUE POLKADOT WASHING UP GLOVES,55,219,459.90000000000003
2,85034C,3 ROSE MORRIS BOXED CANDLES,43,297,459.89
2,21424,WOODLAND STORAGE BOX LARGE ,17,175,458.65
2,21714,CITRONELLA CANDLE GARDEN POT,44,366,457.5
2,85130B,BEADED CRYSTAL HEART GREEN LARGE,28,503,456.99
2,85114C,RED ENCHANTED FOREST PLACEMAT,35,284,456.59999999999997
2,22572,ROCKING HORSE GREEN CHRISTMAS ,55,551,455.87
2,15044C,PURPLE PAPER PARASOL,32,161,455.75000000000006
2,22132,RED LOVE HEART SHAPE CUP,48,560,454.15999999999997
2,22098,BOUDOIR SQUARE TISSUE BOX,61,977,453.84000000000003
2,21158,MOODY GIRL DOOR HANGER ,80,1013,453.37
2,72232,FENG SHUI PILLAR CANDLE,27,2385,453.15000000000003
2,22299,PIG KEYRING WITH LIGHT & SOUND ,18,494,452.38
2,21407,BROWN CHECK CAT DOORSTOP ,36,112,450.75
2,22719,GUMBALL MONOCHROME COAT RACK,26,415,449.40000000000003
2,22600,CHRISTMAS RETROSPOT STAR WOOD,56,512,448.46
2,22270,HAPPY EASTER HANGING DECORATION,26,124,448.08
2,22818,CARD CHRISTMAS VILLAGE,55,1086,447.48
2,21090,SET/6 COLLAGE PAPER PLATES,70,1037,447.31
2,21829,DINOSAUR KEYRINGS ASSORTED,47,2181,446.88
2,84580,MOUSE TOY WITH PINK T-SHIRT,49,118,446.3
2,21467,CHERRY CROCHET FOOD COVER,39,117,446.17
2,84789,ENCHANTED BIRD PLANT CAGE,26,140,445.8
2,21905,MORE BUTTER METAL SIGN ,51,431,445.18000000000006
2,15039,SANDALWOOD FAN,30,635,443.75
2,22254,FELT TOADSTOOL LARGE,21,384,443.52
2,84800L,LARGE WHITE/PINK ROSE ART FLOWER,14,253,443.48
2,85034B,3 WHITE CHOC MORRIS BOXED CANDLES,30,264,443.44
2,20785,FUSCHIA RETRO BAR STOOL,3,12,443.40000000000003
2,84660C,PINK STITCHED WALL CLOCK,18,476,443.40000000000003
2,85125,SMALL ROUND CUT GLASS CANDLESTICK,10,100,441.1
2,22816,CARD MOTORBIKE SANTA,51,1086,441.0
2,23120,PACK OF 6 SMALL FRUIT STRAWS,39,1132,440.88
2,22060,LARGE CAKE STAND HANGING HEARTS,16,104,440.8
2,21708,FOLDING UMBRELLA CREAM POLKADOT,19,90,439.90000000000003
2,22815,CARD PSYCHEDELIC APPLES,59,1078,439.8
2,22480,RED TEA TOWEL CLASSIC DESIGN,28,381,439.77
2,22860,EASTER TIN CHICKS PINK DAISY,42,266,438.8999999999999
2,22081,RIBBON REEL FLORA + FAUNA ,42,258,438.82
2,21291,SMALL POLKADOT CHOCOLATE GIFT BAG ,19,516,438.59999999999997
2,22921,HERB MARKER CHIVES ,79,689,435.85
2,23528,WALL ART SPACEBOY,15,140,435.48
2,21809,CHRISTMAS HANGING TREE WITH BELL,37,712,435.31
2,23004,TRAVEL CARD WALLET PANTRY,81,1031,434.66
2,21199,PINK  HEART CONFETTI IN TUBE,24,519,433.46999999999997
2,23517,EMBROIDERED RIBBON REEL REBECCA ,17,164,433.16
2,35953,FOLKART STAR CHRISTMAS DECORATIONS,32,1076,432.53999999999996
2,21821,GLITTER STAR GARLAND WITH BELLS ,11,118,431.7
2,23067,HANGING ENGRAVED METAL HEART,29,104,431.6
2,21224,SET/4 SKULL BADGES,44,348,431.2
2,22683,FRENCH BLUE METAL DOOR SIGN 8,50,343,430.57
2,21557,SET OF 6 FUNKY BEAKERS,38,140,430.04
2,23433,HANGING QUILTED PATCHWORK APPLES,33,524,429.64
2,21624,VINTAGE UNION JACK DOORSTOP,29,76,429.2
2,21329,DINOSAURS  WRITING SET ,64,255,428.95
2,20665,RED RETROSPOT PURSE ,33,147,428.8500000000001
2,23072,MARIE ANTOINETTE TRINKET BOX SILVER,9,231,427.5
2,23423,PANTRY 3 HOOK ROLLING PIN HANGER,27,114,427.5
2,21584,RETROSPOT SMALL TUBE MATCHES,35,261,426.65
2,23522,DOG AND BALL WALL ART,4,252,425.87999999999994
2,23550,WRAP ALPHABET POSTER  ,34,1050,425.0
2,22336,DOVE DECORATION PAINTED ZINC ,22,1398,424.96000000000004
2,22718,CARD CAT AND TREE ,68,1032,424.8
2,22615,PACK OF 12 CIRCUS PARADE TISSUES ,36,1409,423.87
2,22310,IVORY KNITTED MUG COSY ,34,258,421.34
2,23419,HOME SWEET HOME BOTTLE ,22,209,420.8
2,22293,HANGING CHICK GREEN DECORATION,29,290,420.49999999999994
2,22986,WRAP GINGHAM ROSE ,41,1000,420.0
2,22929,SCHOOL DESK AND CHAIR ,6,7,419.75
2,21948,SET OF 6 CAKE CHOPSTICKS,35,319,419.32
2,22262,FELT EGG COSY CHICKEN,54,489,418.77
2,21627,ELEPHANT CARNIVAL POUFFE,18,28,418.59999999999997
2,22400,MAGNETS PACK OF 4 HOME SWEET HOME,69,815,416.94
2,20967,GREY FLORAL FELTCRAFT SHOULDER BAG,34,111,416.25
2,22221,CAKE STAND LOVEBIRD 2 TIER PINK,17,52,416.0
2,21683,MEDIUM MEDINA STAMPED METAL BOWL ,24,141,415.95000000000005
2,22614,PACK OF 12 SPACEBOY TISSUES,80,1314,415.71999999999997
2,85040A,S/4 PINK FLOWER CANDLES IN BOWL,46,236,415.64
2,23560,SET OF 6 RIBBONS COUNTRY STYLE,15,152,415.28
2,22706,WRAP COWBOYS  ,31,1025,414.5
2,21162,TOXIC AREA  DOOR HANGER ,69,954,413.4
2,22857,ASSORTED EASTER GIFT TAGS,24,508,413.08
2,23428,IVORY RETRO KITCHEN WALL CLOCK,20,52,412.8
2,17084R,ASSORTED INCENSE PACK,11,2376,412.56
2,72800E,4 IVORY DINNER CANDLES SILVER FLOCK,47,195,412.05
2,21743,STAR PORTABLE TABLE LIGHT ,12,159,411.45
2,23139,SINGLE WIRE HOOK PINK HEART,14,341,410.25
2,22449,SILK PURSE BABUSHKA PINK,31,123,409.38000000000005
2,23006,TRAVEL CARD WALLET FLOWER MEADOW,94,978,409.32
2,77101A,UNION FLAG WINDSOCK,15,374,408.22
2,21398,RED POLKADOT COFFEE  MUG,25,1010,407.58
2,23061,VINTAGE EMBOSSED HEART,33,330,407.46
2,22372,AIRLINE BAG VINTAGE WORLD CHAMPION ,46,95,407.03
2,15034,PAPER POCKET TRAVELING FAN ,46,3731,406.35
2,22223,CAKE PLATE LOVEBIRD PINK,20,133,406.35
2,85049D,BRIGHT BLUES RIBBONS ,48,325,406.25
2,23418,LAVENDER TOILETTE BOTTLE,20,202,406.24
2,22094,RED RETROSPOT TISSUE BOX,58,877,404.58000000000004
2,21773,DECORATIVE ROSE BATHROOM BOTTLE,27,576,402.96000000000004
2,22208,WOOD STAMP SET THANK YOU,74,439,402.9
2,22166,WALL MIRROR RECTANGLE DIAMANTE PINK,11,111,402.45000000000005
2,23183,MOTHER'S KITCHEN SPOON REST ,33,101,401.96
2,22814,CARD PARTY GAMES ,52,1029,401.94
2,22981,PANTRY APPLE CORER,38,297,401.84999999999997
2,22701,PINK DOG BOWL,30,317,401.03
2,21287,SCENTED VELVET LOUNGE CANDLE ,21,972,400.68
2,22589,CARDHOLDER GINGHAM STAR,27,130,399.72
2,22705,WRAP GREEN PEARS ,40,950,399.0
2,22546,MINI JIGSAW PURDEY,33,1048,398.60999999999996
2,82599,FANNY'S REST STOPMETAL SIGN,41,192,398.28000000000003
2,23325,RUSTIC STRAWBERRY JAM POT SMALL,17,260,397.79999999999995
2,22597,MUSICAL ZINC HEART DECORATION ,54,1060,397.26
2,22103,MIRROR MOSAIC T-LIGHT HOLDER ROUND,8,613,396.93
2,22161,HEART DECORATION RUSTIC HANGING ,51,1911,396.45000000000005
2,22133,PINK LOVE HEART SHAPE CUP,34,479,396.23
2,85036C,ROSE 1 WICK MORRIS BOXED CANDLE,23,307,396.17
2,85212,MINI PAINTED GARDEN DECORATION ,29,1391,395.71
2,21786,POLKADOT RAIN HAT ,54,1172,395.53
2,23520,EMBROIDERED RIBBON REEL RUBY ,13,114,394.38
2,22035,VINTAGE CARAVAN GREETING CARD ,55,974,392.62
2,23456,MEDIUM PARLOUR PICTURE FRAME ,22,98,392.3
2,23115,RED APPLES CHOPPING BOARD   ,18,85,391.95000000000005
2,22136,LOVE HEART SOCK HANGER,31,249,391.84999999999997
2,85144,JARDIN ETCHED GLASS CHEESE DISH,17,176,390.9
2,23178,JAM CLOCK MAGNET,18,152,389.66
2,23125,6PC WOOD PLATE SET DISPOSABLE,9,362,389.5
2,22522,CHILDS GARDEN FORK BLUE ,50,487,388.99
2,22985,WRAP BILLBOARD FONTS DESIGN,33,925,388.5
2,85199S,SMALL HANGING IVORY/RED WOOD BIRD,85,905,387.89
2,22338,STAR DECORATION PAINTED ZINC ,47,1695,387.05
2,23099,FRENCH CARRIAGE LANTERN,22,61,386.75
2,90154,LAZER CUT NECKLACE W PASTEL BEADS,2,53,385.95
2,21788,KIDS RAIN MAC BLUE,30,520,385.38
2,22442,GROW YOUR OWN FLOWERS SET OF 3,28,104,385.2
2,23088,ZINC HEART FLOWER T-LIGHT HOLDER,25,310,384.68
2,79067,CORONA MEXICAN TRAY,11,113,383.75
2,22093,MOTORING TISSUE BOX,67,846,383.36
2,22118,JOY WOODEN BLOCK LETTERS,36,104,383.08000000000004
2,23220,REINDEER HEART DECORATION GOLD,37,457,382.66999999999996
2,22893,MINI CAKE STAND T-LIGHT HOLDER,41,964,381.84
2,23479,WIRE EGG BASKET ,20,50,381.7
2,22603,CHRISTMAS RETROSPOT TREE WOOD,39,461,380.92999999999995
2,22026,BANQUET BIRTHDAY  CARD  ,57,936,380.16
2,22309,TEA COSY RED  STRIPE,37,155,379.97999999999996
2,23282,FOLDING BUTTERFLY MIRROR IVORY ,58,472,379.49
2,22524,CHILDRENS GARDEN GLOVES BLUE,28,317,377.25
2,21462,"NURSERY A,B,C PAINTED LETTERS",32,85,376.95
2,40001,WHITE BAMBOO RIBS LAMPSHADE,26,518,376.25
2,85177,BASKET OF FLOWERS SEWING KIT,17,510,375.35999999999996
2,23561,SET OF 6 RIBBONS PARTY,9,138,374.82
2,85114B,IVORY ENCHANTED FOREST PLACEMAT,27,241,373.65
2,51014C,"FEATHER PEN,COAL BLACK",56,719,373.53
2,22155,STAR DECORATION RUSTIC,31,889,373.38
2,22519,CHILDS GARDEN BRUSH PINK,34,190,372.00000000000006
2,22421,LIPSTICK PEN FUSCHIA,54,872,370.94
2,22074,6 RIBBONS SHIMMERING PINKS ,38,512,370.76
2,21818,GLITTER HEART DECORATION,49,932,370.74
2,22091,EMPIRE TISSUE BOX,52,756,370.5
2,21294,ETCHED GLASS COASTER,21,822,370.46
2,21446,12 RED ROSE PEG PLACE SETTINGS,49,295,368.75
2,21163,DO NOT TOUCH MY STUFF DOOR HANGER ,54,765,368.51
2,22986,GINGHAM ROSE WRAP,35,875,367.5
2,85059,FRENCH ENAMEL WATER BASIN,40,143,367.46
2,22438,BALLOON ART MAKE YOUR OWN FLOWERS,26,473,366.99
2,10133,COLOURING PENCILS BROWN TUBE,52,719,366.91
2,23331,DECORATIVE WICKER HEART SMALL,32,594,366.54
2,23453,OVAL  MINI PORTRAIT FRAME,27,189,366.15
2,22808,SET OF 6 T-LIGHTS EASTER CHICKS,22,124,365.80000000000007
2,20733,GOLD MINI TAPE MEASURE ,27,492,365.8
2,21866,UNION JACK FLAG LUGGAGE TAG,55,293,365.46
2,21327,SKULLS WRITING SET ,56,221,364.65
2,85194L,HANGING SPRING FLOWER EGG LARGE,26,451,364.63
2,35001G,HAND OPEN SHAPE GOLD,11,112,364.58
2,23222,CHRISTMAS TREE HANGING GOLD,30,383,364.45
2,21677,HEARTS  STICKERS,43,424,364.29999999999995
2,21820,GLITTER HEART GARLAND WITH BELLS ,19,100,363.59
2,21292,SMALL STRIPES CHOCOLATE GIFT BAG ,10,597,363.45
2,85049H,URBAN BLACK RIBBONS ,40,322,362.96999999999997
2,22211,WOOD STAMP SET FLOWERS,51,341,362.55999999999995
2,79163,BLACK CHAMPAGNE GLASS,18,929,362.31
2,21246,RED RETROSPOT BIG BOWL,21,73,361.35
2,23048,SET OF 10 LANTERNS FAIRY LIGHT STAR,29,86,361.04
2,22482,BLUE TEA TOWEL CLASSIC DESIGN,24,318,361.02
2,22936,BAKING MOULD ROSE WHITE CHOCOLATE,18,122,360.88
2,22324,BLUE POLKADOT KIDS BAG,23,179,360.80999999999995
2,23002,TRAVEL CARD WALLET SKULLS,87,862,360.6
2,37340,MULTICOLOUR SPRING FLOWER MUG,27,918,359.85999999999996
2,23473,WOODLAND SMALL RED FELT HEART,25,459,359.84999999999997
2,22802,FAUX FUR CHOCOLATE THROW,11,26,359.7
2,22523,CHILDS GARDEN FORK PINK,53,423,359.54999999999995
2,21096,SET/6 FRUIT SALAD  PAPER PLATES,40,864,359.4
2,22761,CHEST 7 DRAWER MA CAMPAGNE,12,15,359.25
2,23472, NINE DRAWER OFFICE TIDY,12,25,359.04999999999995
2,79030G,TUMBLER NEW ENGLAND,26,920,358.8
2,21620,SET OF 4 ROSE BOTANICAL CANDLES,34,253,358.75
2,20686,DOLLY MIXTURE CHILDREN'S UMBRELLA,33,109,357.63
2,22066,LOVE HEART TRINKET POT,57,781,357.25
2,22321,BIRD DECORATION RED RETROSPOT,32,418,355.29999999999995
2,21012,ANTIQUE ALL GLASS CANDLESTICK,30,171,354.18
2,21159,MOODY BOY  DOOR HANGER ,59,802,354.12
2,20832,RED FLOCK LOVE HEART PHOTO FRAME,28,656,353.4
2,22525,CHILDRENS GARDEN GLOVES PINK,26,297,352.25
2,23224,CHERUB HEART DECORATION GOLD,28,395,351.53
2,21408,SPOTTY PINK DUCK DOORSTOP,29,119,351.21
2,20956,PORCELAIN T-LIGHT HOLDERS ASSORTED,19,278,351.13
2,22518,CHILDS GARDEN BRUSH BLUE,28,180,351.00000000000006
2,21351,CINAMMON & ORANGE WREATH,15,56,350.8
2,22339,CHRISTMAS TREE PAINTED ZINC ,26,1156,349.64
2,23408,PHOTO FRAME LINEN AND LACE SMALL,32,168,349.44
2,21830,ASSORTED CREEPY CRAWLIES,36,822,347.29
2,20802,SMALL GLASS SUNDAE DISH CLEAR,19,352,345.0
2,37495,FAIRY CAKE BIRTHDAY CANDLE SET,33,92,345.0
2,20702,PINK PADDED MOBILE,24,81,344.25
2,85032B,BLOSSOM IMAGES GIFT WRAP SET,32,285,343.3
2,21391,FRENCH LAVENDER SCENT HEART,33,439,342.75
2,22097,SWALLOW SQUARE TISSUE BOX,59,804,341.94
2,22685,FRENCH BLUE METAL DOOR SIGN 0,40,274,341.9
2,85159A,"BLACK TEA,COFFEE,SUGAR JARS",24,203,341.84999999999997
2,85170D,SET/6 PINK BIRD T-LIGHT CANDLES,35,251,341.31
2,23107,WHITE HEARTS WIRE PLANT POT HOLDER,21,134,341.26
2,85169C,EAU DE NIL LOVE BIRD CANDLE,14,326,341.22
2,21530,DAIRY MAID TOASTRACK,43,392,339.92
2,22403,MAGNETS PACK OF 4 VINTAGE LABELS ,42,728,339.56
2,22756,LARGE YELLOW BABUSHKA NOTEBOOK ,53,311,339.45
2,22281,EASTER TREE YELLOW BIRDS,23,57,339.15000000000003
2,21504,SKULLS GREETING CARD,47,828,339.12
2,22209,WOOD STAMP SET HAPPY BIRTHDAY,49,362,336.53
2,23055,IVORY CHANDELIER T-LIGHT HOLDER,15,167,335.75
2,90149,SILVER FLOWR PINK SHELL NECKLACE,3,52,335.28000000000003
2,85039B,S/4 IVORY MINI ROSE CANDLE IN BOWL,20,275,335.10999999999996
2,51014L,"FEATHER PEN,LIGHT PINK",47,625,333.98999999999995
2,22057,CERAMIC PLATE STRAWBERRY DESIGN,30,311,333.95
2,21631,HIPPY CHIC DECORATIVE PARASOL,6,80,333.6
2,23537,WALL ART I LOVE LONDON ,13,75,332.85
2,23413,VINTAGE COFFEE GRINDER BOX,18,69,331.95000000000005
2,72803A,ROSE SCENT CANDLE JEWELLED DRAWER,8,438,331.5
2,22903,CALENDAR FAMILY FAVOURITES,24,117,331.43
2,22101,MIRROR MOSAIC VOTIVE HOLDER,12,430,330.96000000000004
2,22279,POCKET BAG BLUE PAISLEY RED SPOT,23,282,330.91
2,22102,MIRROR MOSAIC T-LIGHT HOLDER ,8,750,330.3
2,23335,EGG FRYING PAN IVORY ,31,164,330.08000000000004
2,23444,Next Day Carriage,22,22,330.0
2,22999,TRAVEL CARD WALLET RETRO PETALS,60,789,329.94
2,21262,WHITE GOOSE FEATHER CHRISTMAS TREE ,24,126,329.70000000000005
2,21643,ASSORTED TUTTI FRUTTI MIRROR,16,278,329.26
2,47421,ASSORTED COLOUR LIZARD SUCTION HOOK,45,841,328.74
2,23527,WALL ART ANIMALS AND NATURE ,16,110,328.5
2,22684,FRENCH BLUE METAL DOOR SIGN 9,40,263,328.15
2,22584,PACK OF 6 PANETTONE GIFT BOXES,4,153,327.76000000000005
2,22210,WOOD STAMP SET BEST WISHES,49,358,327.46999999999997
2,22581,WOOD STOCKING CHRISTMAS SCANDISPOT,48,531,327.45
2,79066K,RETRO MOD TRAY,67,385,327.31
2,21630,FLOOR CUSHION ELEPHANT CARNIVAL,17,39,327.05
2,21662,VINTAGE GLASS COFFEE CADDY,7,59,327.05
2,22267,EASTER DECORATION EGG BUNNY ,23,449,326.29
2,23487,SWEET HEART CAKE CARRIER,19,35,326.15
2,22924,FRIDGE MAGNETS LA VIE EN ROSE,32,383,325.54999999999995
2,72816,SET/3 CHRISTMAS DECOUPAGE CANDLES,19,303,325.51
2,21426,WOODLAND STORAGE BOX SMALL,12,172,325.20000000000005
2,21880,RED RETROSPOT TAPE,48,793,325.01000000000005
2,20931,BLUE POT PLANT CANDLE ,12,111,324.85
2,22715,CARD WEDDING DAY,44,804,324.71999999999997
2,23691,WRAP KEEP CALM BIRTHDAY,23,800,324.0
2,21289,LARGE STRIPES CHOCOLATE GIFT BAG,11,259,323.75
2,22639,SET OF 4 NAPKIN CHARMS HEARTS,35,148,323.68
2,23521,CAT AND BIRD WALL ART,4,270,323.64
2,85231B,CINAMMON SET OF 9 T-LIGHTS,50,388,323.56
2,23435,3 RAFFIA RIBBONS VINTAGE CHRISTMAS,15,357,323.31
2,85199L,LARGE HANGING IVORY & RED WOOD BIRD,36,501,322.77000000000004
2,22396,MAGNETS PACK OF 4 RETRO PHOTO,54,642,322.64
2,21465,PINK FLOWER CROCHET FOOD COVER,24,85,322.46
2,21682,LARGE MEDINA STAMPED METAL BOWL ,24,64,321.81
2,21609,SET 12 LAVENDER  BOTANICAL T-LIGHTS,21,109,321.55
2,85032A,ROMANTIC IMAGES GIFT WRAP SET,35,266,320.8
2,23025,DRAWER KNOB VINTAGE GLASS BALL,23,149,320.17
2,22821,GIFT BAG PSYCHEDELIC APPLES,39,490,318.86
2,21784,SHOE SHINE BOX ,27,32,318.4
2,22618,COOKING SET RETROSPOT,16,33,318.13
2,23455,SMALL PARLOUR PICTURE FRAME,19,115,317.95000000000005
2,22307,GOLD MUG BONE CHINA TREE OF LIFE,23,289,316.24
2,23509,MINI PLAYING CARDS FUN FAIR ,27,760,315.59999999999997
2,23499,SET 12 VINTAGE DOILY CHALK ,44,751,315.42
2,84917,WHITE HAND TOWEL WITH BUTTERFLY,8,132,315.4
2,22497,SET OF 2 TINS VINTAGE BATHROOM ,20,74,314.5
2,22520,CHILDS GARDEN TROWEL BLUE ,53,370,314.5
2,23128,DOLLCRAFT BOY JEAN-PAUL ,9,70,314.5
2,21389,IVORY HANGING DECORATION  BIRD,37,369,313.65
2,23366,SET 12 COLOURING PENCILS DOILY,47,481,312.65000000000003
2,85176,SEWING SUSAN 21 NEEDLE SET,48,355,311.89
2,21617,4 LILY  BOTANICAL DINNER CANDLES,27,158,310.5
2,85032C,CURIOUS IMAGES GIFT WRAP SET,28,250,310.40000000000003
2,22923,FRIDGE MAGNETS LES ENFANTS ASSORTED,32,365,310.25
2,22183,CAKE STAND VICTORIAN FILIGREE MED,8,50,309.5
2,35598B,BLACK CHRISTMAS TREE 60CM,14,380,309.1
2,21991,BOHEMIAN COLLAGE STATIONERY SET,46,205,309.03000000000003
2,23074,EMBOSSED HEART TRINKET BOX,18,156,308.82
2,22272,FELTCRAFT DOLL MARIA,21,111,308.25
2,84596L,BISCUITS SMALL BOWL LIGHT BLUE,48,728,308.25
2,22565,FELTCRAFT HAIRBANDS PINK AND WHITE ,47,342,307.85999999999996
2,37501,TEA TIME TEA SET IN GIFT BOX,14,44,305.8
2,84352,SILVER CHRISTMAS TREE BAUBLE STAND ,16,18,305.09999999999997
2,23565,EGG CUP MILKMAID HELGA ,25,244,305.0
2,23131,MISELTOE HEART WREATH WHITE,4,78,304.5
2,23547,WRAP FLOWER SHOP  ,28,725,304.5
2,21707,FOLDING UMBRELLA BLACKBLUE POLKADOT,21,60,304.22
2,22965,3 TRADITIONAL COOKIE CUTTERS  SET,4,162,304.20000000000005
2,85071B,RED CHARLIE+LOLA PERSONAL DOORSIGN,49,699,303.01
2,21208,PASTEL COLOUR HONEYCOMB FAN,25,414,302.28
2,22540,MINI JIGSAW CIRCUS PARADE ,30,884,302.21999999999997
2,22393,PAPERWEIGHT VINTAGE COLLAGE,26,278,302.10999999999996
2,72799E,IVORY PILLAR CANDLE SILVER FLOCK,13,221,302.03000000000003
2,22535,MAGIC DRAWING SLATE BUNNIES ,49,931,301.74
2,21648,ASSORTED TUTTI FRUTTI SMALL PURSE,13,244,300.44
2,17012B,ORIGAMI JASMINE INCENSE/CANDLE SET,16,305,300.05
2,84509B,SET OF 4 FAIRY CAKE PLACEMATS,23,80,300.0
2,21352,EUCALYPTUS & PINECONE  WREATH,18,90,299.70000000000005
2,23070,EDWARDIAN HEART PHOTO FRAME,15,72,298.8
2,21635,MADRAS NOTEBOOK LARGE ,9,225,298.75
2,16235,RECYCLED PENCIL WITH RABBIT ERASER,39,1583,298.53
2,21143,ANTIQUE GLASS HEART DECORATION ,9,153,298.34999999999997
2,85025C,PINK HEART SHAPE PHOTO FRAME,10,199,298.15
2,21202,DOLLY HONEYCOMB GARLAND,11,355,297.75
2,21684,SMALL MEDINA STAMPED METAL BOWL ,18,437,297.46
2,22342,HOME GARLAND PAINTED ZINC ,18,325,297.45
2,23187,FRENCH STYLE STORAGE JAR BONBONS,33,1026,297.29999999999995
2,22269,EGG CUP NATURAL CHICKEN,43,488,297.2
2,21636,MADRAS NOTEBOOK MEDIUM,25,396,297.0
2,84674,FLYING PIG WATERING CAN,26,142,296.50000000000006
2,23130,MISELTOE HEART WREATH ,4,76,296.2
2,35648,VINTAGE BEAD PINK PURSE ,29,288,295.52
2,22021,BLUE FELT EASTER EGG BASKET,33,179,295.34999999999997
2,22531,MAGIC DRAWING SLATE CIRCUS PARADE  ,62,703,295.26
2,22753,SMALL YELLOW BABUSHKA NOTEBOOK ,94,433,295.18
2,22325,MOBILE VINTAGE HEARTS ,29,60,294.90000000000003
2,35971,ROSE FOLKART HEART DECORATIONS,31,255,294.64
2,22545,MINI JIGSAW BUNNIES,29,798,293.5
2,84916,HAND TOWEL PALE BLUE W FLOWERS,8,169,292.55
2,23551,PACK OF 12 PAISLEY PARK TISSUES ,43,750,292.5
2,22717,CARD DOG AND BALL ,50,704,291.36
2,22514,CHILDS GARDEN SPADE BLUE,34,143,291.3
2,70007,HI TEC ALPINE HAND WARMER,19,435,290.27
2,20725,LUNCH BAG RED SPOTTY,1,200,290.0
2,22828,REGENCY MIRROR WITH SHUTTERS,1,2,290.0
2,84820,DANISH ROSE TRINKET TRAYS,15,204,289.32
2,22448,PIN CUSHION BABUSHKA RED,16,101,288.21000000000004
2,22806,SET OF 6 T-LIGHTS WEDDING CAKE ,10,104,287.6
2,22308,TEA COSY BLUE STRIPE,23,117,285.49
2,84817,DANISH ROSE DECORATIVE PLATE,18,521,284.1
2,22707,WRAP MONSTER FUN ,24,675,283.5
2,23549,WRAP BIRD GARDEN ,27,675,283.5
2,23223,CHRISTMAS TREE HANGING SILVER ,29,279,283.33
2,22182,CAKE STAND VICTORIAN FILIGREE SMALL,15,93,282.75
2,37475,SET/4 COLOURFUL MIXING BOWLS,11,31,282.16999999999996
2,23180,MUM'S KITCHEN CLOCK,23,57,282.15
2,84929,ASSTD FRUIT+FLOWERS FRIDGE MAGNETS,27,1211,281.93
2,22231,JIGSAW TREE WITH BIRDHOUSE,45,368,281.46
2,35004G,SET OF 3 GOLD FLYING DUCKS,10,90,281.3
2,84912B,GREEN ROSE WASHBAG,24,75,281.25
2,22252,BIRDCAGE DECORATION TEALIGHT HOLDER,35,234,281.1
2,21634,ASSORTED MINI MADRAS NOTEBOOK,13,588,280.92
2,22317,FIVE CATS HANGING DECORATION,19,95,279.17
2,84976,RECTANGULAR SHAPED MIRROR,17,329,278.61
2,22123,PING MICROWAVE APRON,31,157,278.57
2,23205,CHARLOTTE BAG ALPHABET  DESIGN,17,350,278.0
2,21125,SET 6 FOOTBALL CELEBRATION CANDLES,28,222,277.5
2,22053,EMPIRE DESIGN ROSETTE,15,237,277.25
2,23140,TRIPLE WIRE HOOK IVORY HEART,16,68,276.74
2,21711,FOLDING UMBRELLA WHITE/RED POLKADOT,11,57,276.55
2,23478,WOODLAND LARGE PINK FELT HEART,7,253,275.93
2,21417,COCKLE SHELL DISH,17,200,275.9
2,22446,PIN CUSHION BABUSHKA PINK,25,99,275.69
2,22228,BUNNY WOODEN PAINTED WITH BIRD ,39,413,275.60999999999996
2,23236,DOILEY BISCUIT TIN,10,102,275.58000000000004
2,22099,CARAVAN SQUARE TISSUE BOX,52,436,275.54
2,23269,SET OF 2 CERAMIC CHRISTMAS TREES,28,190,275.5
2,23380,PACK OF 12 VINTAGE DOILY TISSUES,40,706,275.34
2,22450,SILK PURSE BABUSHKA BLUE,21,82,274.70000000000005
2,22451,SILK PURSE BABUSHKA RED,17,82,274.7
2,23027,DRAWER KNOB VINTAGE GLASS HEXAGON,9,132,274.56
2,84519B,CARROT CHARLIE+LOLA COASTER SET,52,216,274.54
2,21865,PINK UNION JACK  PASSPORT COVER ,35,133,274.38000000000005
2,23365,SET 12 COLOUR PENCILS LOVE LONDON,54,425,273.85
2,21131,GOLD STANDING GNOME,13,89,273.25
2,22420,LIPSTICK PEN BABY PINK,43,644,273.23
2,85036B,CHOCOLATE 1 WICK MORRIS BOX CANDLE,18,233,272.83
2,22861,EASTER TIN CHICKS IN GARDEN,13,165,272.25
2,22537,MAGIC DRAWING SLATE DINOSAUR,49,648,272.16
2,22862,LOVE HEART NAPKIN BOX ,23,64,272.0
2,20803,SMALL PINK GLASS SUNDAE DISH,19,635,271.53
2,85185B,PINK HORSE SOCK PUPPET,20,92,271.40000000000003
2,79164,BLACK WINE GLASS,8,627,270.99
2,22481,BLACK TEA TOWEL CLASSIC DESIGN,34,300,270.8
2,21084,SET/6 COLLAGE PAPER CUPS,56,1255,270.69
2,20704,MR ROBOT SOFT TOY,16,108,270.6
2,22515,CHILDS GARDEN SPADE PINK,34,133,270.3
2,84707A,SILVER JEWELLED MIRROR TRINKET TRAY,13,36,270.24
2,23379,PACK OF 12 RED APPLE TISSUES,22,770,270.06
2,85163B,BLACK BAROQUE WALL CLOCK ,10,39,269.85
2,23169,CLASSIC GLASS SWEET JAR,8,65,269.75
2,22201,FRYING PAN BLUE POLKADOT,27,74,269.5
2,85231G,ORANGE SCENTED SET/9 T-LIGHTS,30,335,269.15
2,22337,ANGEL DECORATION PAINTED ZINC ,12,458,268.90000000000003
2,72818,CHRISTMAS DECOUPAGE CANDLE,30,578,268.64
2,23057,GEMSTONE CHANDELIER T-LIGHT HOLDER,4,62,268.5
2,23103,BELL HEART DECORATION,4,180,268.2
2,22050,PINK PAISLEY ROSE GIFT WRAP,20,675,267.5
2,22062,CERAMIC BOWL WITH LOVE HEART DESIGN,25,319,266.89
2,21243,PINK POLKADOT PLATE ,14,171,265.95
2,21883,STARS GIFT TAPE ,40,679,265.69
2,84279B,CHERRY BLOSSOM DECORATIVE FLASK,24,72,265.68
2,21448,12 DAISY PEGS IN WOOD BOX,30,161,265.65
2,21899,GARAGE KEY FOB,60,386,265.6
2,23409,PHOTO FRAME LINEN AND LACE LARGE,15,73,265.47
2,21633,SUNFLOWER DECORATIVE PARASOL,7,58,264.3
2,22286,DECORATION WOBBLY RABBIT METAL ,20,571,264.27
2,21261,GREEN GOOSE FEATHER CHRISTMAS TREE ,13,80,264.00000000000006
2,21926,RED/CREAM STRIPE CUSHION COVER ,36,217,263.65
2,22266,EASTER DECORATION HANGING BUNNY,25,1080,263.62
2,22194,BLACK DINER WALL CLOCK,20,31,263.5
2,23017,APOTHECARY MEASURING JAR,6,23,263.20000000000005
2,35810A,ENAMEL PINK COFFEE CONTAINER,23,289,262.72999999999996
2,22599,CHRISTMAS MUSICAL ZINC STAR,33,802,262.34
2,21742,LARGE ROUND WICKER PLATTER ,22,44,261.8
2,20996,JAZZ HEARTS ADDRESS BOOK,90,1133,260.82
2,22232,JIGSAW TOADSTOOLS 3 PIECE,28,303,259.33
2,22999,TRAVEL CARD WALLET VINTAGE LEAF,58,617,259.14
2,21204,DAISIES  HONEYCOMB GARLAND ,20,157,259.04999999999995
2,84849B,FAIRY SOAP SOAP HOLDER,37,153,258.57
2,23440,PAINT YOUR OWN EGGS IN CRATE,1,144,257.76
2,84915,HAND TOWEL PINK FLOWER AND DAISY,9,187,257.55
2,37327,ASSTD MULTICOLOUR CIRCLES MUG,25,629,257.43
2,18098C,PORCELAIN BUTTERFLY OIL BURNER,24,90,255.9
2,84663A,GRASS HOPPER WOODEN WALL CLOCK ,18,206,255.58
2,22566,FELTCRAFT HAIRBAND PINK AND PURPLE,46,286,255.57999999999998
2,84031A,CHARLIE+LOLA RED HOT WATER BOTTLE ,29,101,255.13
2,22127,PARTY CONES CARNIVAL ASSORTED,8,222,254.7
2,21983,PACK OF 12 BLUE PAISLEY TISSUES ,52,803,254.62999999999997
2,85187,S/12 MINI RABBIT EASTER,27,160,254.39999999999998
2,22500,SET OF 2 TINS JARDIN DE PROVENCE,24,79,254.15
2,23458,DOLLY CABINET 3 DRAWERS ,10,17,254.14999999999998
2,35637A,IVORY STRING CURTAIN WITH POLE ,14,122,253.9
2,22341,LOVE GARLAND PAINTED ZINC ,17,151,253.54999999999995
2,18097C,WHITE TALL PORCELAIN T-LIGHT HOLDER,17,105,253.35
2,22268,EASTER DECORATION SITTING BUNNY,27,320,253.28
2,23576,SNACK TRAY RED VINTAGE DOILY,17,137,252.75
2,21472,LADYBIRD + BEE RAFFIA FOOD COVER,14,67,251.25
2,22813,PACK 3 BOXES BIRD PANETTONE ,7,131,250.62999999999997
2,35241,ENAMEL BLUE RIM BISCUIT BIN,15,55,250.55
2,21445,12 PINK ROSE PEG PLACE SETTINGS,13,200,250.0
2,22595,CHRISTMAS GINGHAM HEART,11,316,249.88
2,35471D,SET OF 3 BIRD LIGHT PINK FEATHER ,46,580,249.64
2,85034A,3 GARDENIA MORRIS BOXED CANDLES,19,141,249.29
2,22346,PARTY PIZZA DISH GREEN POLKADOT,22,763,249.07
2,22559,SEASIDE FLYING DISC,19,208,249.02
2,20658,RED RETROSPOT LUGGAGE TAG,31,199,248.75
2,23032,DOORKNOB CRACKED GLAZE IVORY,4,168,248.39999999999998
2,85163A,WHITE BAROQUE WALL CLOCK ,10,37,247.95000000000002
2,84358,FLOOR LAMP SHADE WOOD BASE,9,28,247.94
2,22344,PARTY PIZZA DISH PINK POLKADOT,29,801,247.70999999999998
2,21846,PINK DIAMANTE PEN IN GIFT BOX,17,48,246.82
2,22820,GIFT BAG BIRTHDAY,21,379,246.53000000000003
2,22543,MINI JIGSAW BAKE A CAKE ,20,710,246.47
2,23324,RUSTIC STRAWBERRY JAM POT LARGE ,16,121,245.93
2,23203,JUMBO BAG VINTAGE DOILEY ,4,132,245.56
2,85169A,IVORY LOVE BIRD CANDLE,20,269,245.31
2,22258,FELT FARM ANIMAL RABBIT,14,451,245.03
2,22105,MIRROR MOSAIC GOBLET CANDLE HOLDER,4,244,245.0
2,84581,DOG TOY WITH PINK CROCHET SKIRT,25,65,244.51
2,21629,SQUARE FLOOR CUSHION VINTAGE RED,18,32,244.4
2,84665,SQUARE CHERRY BLOSSOM CABINET,6,41,243.95
2,21675,BUTTERFLIES STICKERS,27,285,243.80999999999997
2,22765,NEWSPAPER STAND,2,24,242.42000000000002
2,23272,TREE T-LIGHT HOLDER WILLIE WINKIE,13,143,242.14999999999998
2,21374,MIRRORED WALL ART SKULLS,17,183,241.25
2,85049F,BABY BOOM RIBBONS ,39,193,241.25
2,21562,HAWAIIAN GRASS SKIRT ,12,217,240.85000000000002
2,35912B,WHITE/PINK CHICK DECORATION,11,214,240.14000000000001
2,23219,LAUREL STAR ANTIQUE SILVER ,24,192,239.6
2,35646,VINTAGE BEAD PINK EVENING BAG,19,179,239.38
2,21824,PAINTED METAL STAR WITH HOLLY BELLS,23,485,238.97
2,23028,DOORKNOB CRACKED GLAZE BLUE,3,162,238.49999999999997
2,21789,KIDS RAIN MAC PINK,33,285,238.23
2,71279,PINK GLASS CANDLEHOLDER,14,84,238.20000000000002
2,85019B,BLOSSOM  IMAGES NOTEBOOK SET,8,176,238.0
2,22116,METAL SIGN HIS DINNER IS SERVED,47,239,237.89000000000001
2,85024B,EAU DE NILE JEWELLED PHOTOFRAME,5,161,236.84999999999997
2,22251,BIRDHOUSE DECORATION MAGIC GARDEN,32,193,236.69
2,22533,MAGIC DRAWING SLATE BAKE A CAKE ,32,779,236.46
2,21215,IVORY PAPER CUP CAKE CASES ,35,458,236.3
2,84912A,PINK ROSE WASHBAG,23,63,236.25
2,21088,SET/6 FRUIT SALAD PAPER CUPS,38,1058,235.96
2,23461,SWEETHEART BIRD HOUSE,17,58,235.9
2,85208,SET/12 FUNKY FELT FLOWER PEG IN BAG,10,131,235.74
2,21724,PANDA AND BUNNIES STICKER SHEET,37,277,235.45
2,23126,DOLLCRAFT GIRL AMELIE KIT,5,54,235.3
2,22100,SKULLS SQUARE TISSUE BOX,19,566,234.5
2,21822,GLITTER CHRISTMAS TREE WITH BELLS,26,227,233.43
2,85017B,ENVELOPE 50 BLOSSOM IMAGES,28,395,233.04999999999998
2,21277,FRENCH STYLE EMBOSSED HEART CABINET,10,11,232.45
2,23451,SQUARE MINI PORTRAIT FRAME,19,121,232.35
2,21191,LARGE WHITE HONEYCOMB PAPER BELL  ,13,120,232.32000000000002
2,84858C,PINK RIVIERA HANDBAG,3,182,232.2
2,21205,MULTICOLOUR 3D BALLS GARLAND,24,91,232.04999999999998
2,84625C,BLUE NEW BAROQUE CANDLESTICK CANDLE,19,268,232.0
2,22106,MIRROR MOSAIC HURRICANE LAMP ,8,133,231.35000000000002
2,22422,TOOTHPASTE TUBE PEN,42,449,231.26000000000002
2,23106,ZINC HEARTS PLANT POT HOLDER,18,83,231.17000000000002
2,20716,PARTY FOOD SHOPPER BAG,14,200,231.0
2,22345,PARTY PIZZA DISH BLUE POLKADOT,27,782,230.78
2,21688,SILVER PLATE CANDLE BOWL SMALL,9,78,230.10000000000002
2,21397,BLUE POLKADOT EGG CUP ,19,510,229.85999999999999
2,20748,KENSINGTON COFFEE SET,10,18,229.5
2,85141,JARDIN ETCHED GLASS FRUITBOWL,13,58,229.10000000000002
2,21129,SILVER FISHING GNOME ,14,30,228.05
2,21972,SET OF 36 DINOSAUR PAPER DOILIES,23,157,227.64999999999998
2,21616,4 PEAR BOTANICAL DINNER CANDLES,30,140,227.5
2,47574A,ENGLISH ROSE SCENTED HANGING FLOWER,22,289,227.25
2,21251,DINOSAUR HEIGHT CHART STICKER SET,18,77,227.15000000000003
2,23136,IVORY WIRE SWEETHEART LETTER TRAY,20,63,227.05
2,22163,HEART STRING MEMO HOLDER HANGING,16,238,226.9
2,21823,PAINTED METAL HEART WITH HOLLY BELL,21,383,226.75
2,35598D,PINK/WHITE CHRISTMAS TREE 60CM,9,342,225.92000000000002
2,21804,WHITE CHRISTMAS GARLAND STARS TREES,12,63,225.45
2,85180B,PINK HEARTS LIGHT CHAIN ,9,145,225.45
2,23022,SMALL BONNE JAM JAR  T-LIGHT HOLDER,7,115,225.28000000000003
2,21059,PARTY INVITES DINOSAURS,34,265,225.25
2,21062,PARTY INVITES SPACEMAN,33,265,225.25
2,21468,BUTTERFLY CROCHET FOOD COVER,23,58,224.92
2,22264,FELT FARM ANIMAL WHITE BUNNY ,15,637,224.65
2,85131A,BEADED PEARL HEART WHITE ON STICK,14,275,224.65
2,84600,NEW BAROQUE JEWELLERY BOX ,13,30,224.5
2,21894,POTTING SHED SEED ENVELOPES,31,166,223.23
2,21507,ELEPHANT BIRTHDAY CARD ,33,540,223.07999999999998
2,21187,WHITE BELL HONEYCOMB PAPER GARLAND ,16,141,223.04999999999998
2,21664,RIDGED GLASS STORAGE JAR CREAM LID,7,64,222.72
2,21383,PACK OF 12 STICKY BUNNIES,35,341,221.65
2,23018,LARGE APOTHECARY MEASURING JAR ,6,19,221.3
2,85232A,SET/3 POLKADOT STACKING TINS,15,48,220.8
2,23336,EGG FRYING PAN PINK ,32,105,220.45000000000002
2,17129F,BLUE GLASS GEMS IN BAG,13,325,219.67
2,84625A,PINK NEW BAROQUECANDLESTICK CANDLE,18,236,219.5
2,22276,WASH BAG VINTAGE ROSE PAISLEY,28,86,219.29999999999998
2,22647,CERAMIC LOVE HEART MONEY BANK,18,385,219.19
2,21358,TOAST ITS - HAPPY BIRTHDAY,25,175,218.75
2,85213,MINI  ZINC GARDEN DECORATIONS ,13,612,217.79999999999998
2,21421,PORCELAIN ROSE LARGE ,6,196,217.64000000000001
2,35095A,BLUE VICTORIAN FABRIC OVAL BOX,15,627,216.54
2,85194S,HANGING SPRING FLOWER EGG SMALL,24,576,216.16000000000003
2,22287,"DECORATION , WOBBLY CHICKEN, METAL ",14,131,216.14999999999998
2,22516,CHILDS GARDEN RAKE BLUE,19,107,215.70000000000002
2,85016,SET OF 6 VINTAGE NOTELETS KIT,13,261,215.25
2,22521,CHILDS GARDEN TROWEL PINK,45,253,215.04999999999998
2,21063,PARTY INVITES JAZZ HEARTS,43,251,214.91
2,35599B,BLACK CHRISTMAS TREE 120CM,10,67,213.87
2,85025B,EAU DE NILE HEART SHAPE PHOTO FRAME,4,147,213.74999999999997
2,22510,GINGHAM BABUSHKA DOORSTOP,18,135,213.69
2,21723,ALPHABET HEARTS STICKER SHEET,23,251,213.35
2,23069,EDWARDIAN PHOTO FRAME,14,34,212.5
2,23337,EGG FRYING PAN MINT ,29,102,212.16
2,84821,DANISH ROSE DELUXE COASTER,18,576,212.16
2,22517,CHILDS GARDEN RAKE PINK,26,105,211.50000000000003
2,22786,CUSHION COVER PINK UNION JACK,14,45,211.19
2,22511,RETROSPOT BABUSHKA DOORSTOP,18,125,210.99
2,21356,TOAST ITS - FAIRY FLOWER,33,182,210.65
2,23446,BLUE BUNNY EASTER EGG BASKET,2,145,210.45
2,23447,PINK BUNNY EASTER EGG BASKET,2,145,210.45
2,22896,PEG BAG APPLE DESIGN,1,100,210.0
2,23548,WRAP MAGIC FOREST ,20,500,210.0
2,22217,T-LIGHT HOLDER HANGING LACE,22,276,209.98
2,22023,EMPIRE BIRTHDAY CARD,39,495,209.13
2,21803,CHRISTMAS TREE STAR DECORATION,21,494,207.48
2,23457,LARGE PARLOUR PICTURE FRAME,13,43,207.45000000000002
2,22233,JIGSAW RABBIT AND BIRDHOUSE,38,267,207.35
2,16219,HOUSE SHAPE PENCIL SHARPENER,16,1379,206.94
2,85130D,BEADED CRYSTAL HEART PINK LARGE,18,240,206.8
2,21014,SWISS CHALET TREE DECORATION ,28,539,206.70999999999998
2,23421,PANTRY HOOK SPATULA,14,99,205.92000000000002
2,22695,WICKER WREATH SMALL,29,172,205.45999999999998
2,21064,BOOM BOX SPEAKER BOYS,16,55,205.05
2,21288,STRIPEY CHOCOLATE NESTING BOXES,11,76,205.0
2,85230B,CINNAMON SCENTED VOTIVE CANDLE,21,843,204.14999999999998
2,23116,VEGETABLE GARDEN CHOPPING BOARD,7,47,203.85
2,20840,FRENCH FLORAL CUSHION COVER ,21,234,203.77999999999997
2,23429,RED RETRO KITCHEN WALL CLOCK,13,25,203.75
2,23019,SMALL APOTHECARY MEASURING JAR ,6,27,203.55
2,21654,RIDGED GLASS FINGER BOWL,20,443,203.51000000000002
2,46775D,SUNSET COLOUR CHUNKY KNITTED THROW,4,12,203.39999999999998
2,37413,ICON MUG REVOLUTIONARY,41,507,202.89
2,85184C,SET 4 VALENTINE DECOUPAGE HEART BOX,16,70,202.58
2,23168,CLASSIC SUGAR DISPENSER,9,180,202.32
2,22785,SQUARECUSHION COVER PINK UNION JACK,13,94,202.14
2,84687,BEACH HUT SHELF W 3 DRAWERS,14,38,202.1
2,22390,PAPERWEIGHT CHILDHOOD MEMORIES,17,153,202.04
2,85078,SCANDINAVIAN 3 HEARTS NAPKIN RING,35,885,201.87
2,23422,PANTRY HOOK BALLOON WHISK ,12,97,201.76
2,72598,SET/12 TAPER CANDLES,15,267,201.75
2,20681,PINK POLKADOT CHILDRENS UMBRELLA,20,62,201.5
2,23398,HANGING HEART BONHEUR,16,240,200.88
2,21220,SET/4 BADGES DOGS,24,150,200.81
2,21286,RETROSPOT CANDLE  LARGE,12,204,200.28
2,22632,HAND WARMER RED POLKA DOT,17,108,199.8
2,21473,SWEETHEART CREAM STEEL TABLE RECT,7,10,199.5
2,22096,PINK PAISLEY SQUARE TISSUE BOX ,36,484,198.92000000000002
2,85173,SET/6 FROG PRINCE T-LIGHT CANDLES,17,141,198.76
2,21925,UNION STRIPE CUSHION COVER ,42,159,198.75
2,85135C,RED DRAGONFLY HELICOPTER,17,25,198.75
2,23117,POPPY FIELDS CHOPPING BOARD,16,40,198.0
2,85230E,STRAWBRY SCENTED VOTIVE CANDLE,15,861,197.85
2,21318,GLASS CHALICE BLUE SMALL ,22,410,197.7
2,21365,MIRRORED WALL ART STARS,18,187,197.45000000000002
2,22181,SNOWSTORM PHOTO FRAME FRIDGE MAGNET,22,232,197.2
2,22322,BIRD DECORATION GREEN POLKADOT,24,232,197.2
2,84766,SILVER ROCOCO CANDLE STICK,12,97,197.14999999999998
2,85114A,BLACK ENCHANTED FOREST PLACEMAT,26,119,196.35
2,84763,ZINC FINISH 15CM PLANTER POTS,21,157,196.25
2,20705,MRS ROBOT SOFT TOY,12,85,195.75
2,22092,BLUE PAISLEY TISSUE BOX,34,384,195.56
2,22513,DOORSTOP FOOTBALL DESIGN,23,45,195.55
2,23471,SIX DRAWER OFFICE TIDY,8,21,195.35
2,85130C,BEADED CRYSTAL HEART BLUE  LARGE,19,233,195.25
2,22134,MINI LADLE LOVE HEART RED ,41,494,195.12
2,23218,LAUREL STAR ANTIQUE GOLD,19,155,194.56
2,23137,ZINC WIRE SWEETHEART LETTER TRAY,10,61,194.49
2,84659A,WHITE TRAVEL ALARM CLOCK,9,87,194.45999999999998
2,21476,STEEL SWEETHEART ROUND TABLE CREAM,8,13,194.35
2,21640,ASSORTED TUTTI FRUTTI  FOB NOTEBOOK,18,243,194.07
2,21503,TOYBOX  WRAP ,15,500,194.0
2,22067,CHOC TRUFFLE GOLD TRINKET POT ,26,128,193.75999999999996
2,21015,DARK BIRD HOUSE TREE DECORATION,29,641,192.60999999999999
2,22785,SQUARECUSHION COVER PINK UNION FLAG,10,29,192.55
2,22532,MAGIC DRAWING SLATE LEAP FROG ,28,664,192.48000000000002
2,22129,PARTY CONES CANDY DECORATION,4,248,192.48
2,20893,HANGING BAUBLE T-LIGHT HOLDER SMALL,11,88,192.0
2,21741,COSY SLIPPER SHOES LARGE GREEN,11,65,191.75000000000003
2,85205B,PINK FELT EASTER RABBIT GARLAND,15,75,191.24999999999997
2,21219,SET/4 BADGES BALLOON GIRL,22,149,191.09
2,23454,THREE MINI HANGING FRAMES,17,46,190.9
2,85135B,BLUE DRAGONFLY HELICOPTER,17,24,190.8
2,23523,WALL ART TREASURE AHOY ,15,53,190.47
2,20767,BLUE PAISLEY JOURNAL ,16,79,190.07
2,22286,"DECORATION , WOBBLY RABBIT , METAL ",14,115,189.74999999999997
2,21710,FOLDING UMBRELLA PINKWHITE POLKADOT,12,39,189.66
2,21632,VINTAGE PINK DECORATIVE PARASOL,4,48,189.60000000000002
2,23324,RUSTIC STRAWBERRY JAMPOT LARGE ,4,96,188.64000000000001
2,23575,SNACK TRAY PAISLEY PARK,11,104,188.39999999999998
2,23579,SNACK TRAY I LOVE LONDON,12,104,188.39999999999998
2,23660,HENRIETTA HEN MUG ,16,114,188.09999999999997
2,23425,STORAGE TIN HOME SWEET HOME,15,100,187.8
2,75178,ASSTD COL BUTTERFLY/CRYSTAL W/CHIME,6,437,187.69
2,20761,BLUE PAISLEY SKETCHBOOK,19,48,187.42
2,23042,PAPER LANTERN 7 POINT SNOW STAR,7,28,186.20000000000002
2,22359,GLASS JAR KINGS CHOICE,26,62,185.74
2,22255,FELT TOADSTOOL  SMALL,20,218,185.29999999999998
2,23060,HEART BEADED TRELLIS DECORATION,16,89,185.12
2,23415,HOME SWEET HOME HOOK,20,176,184.55999999999997
2,23377,PACK OF 12 DOLLY GIRL TISSUES,34,473,184.47
2,21371,MIRRORED WALL ART POPPIES,18,169,184.35
2,21317,GLASS SPHERE CANDLE STAND MEDIUM,8,35,183.75
2,22048,BIRTHDAY BANQUET GIFT WRAP,12,475,183.5
2,22709,WRAP WEDDING DAY,12,475,183.5
2,84596E,SMALL LICORICE DES PINK BOWL,17,301,183.29000000000002
2,85127,SMALL SQUARE CUT GLASS CANDLESTICK,12,37,183.15
2,84535B,FAIRY CAKES NOTEBOOK A6 SIZE,50,278,183.13
2,23420,PANTRY HOOK TEA STRAINER ,13,88,183.04000000000002
2,85136A,YELLOW SHARK HELICOPTER,14,23,182.85
2,22586,FELTCRAFT HAIRBAND PINK AND BLUE,41,215,182.75
2,84806B,WHITE CANDYSTUFT ARTIFICIAL FLOWER,6,132,181.79999999999998
2,23150,IVORY SWEETHEART SOAP DISH,19,73,181.77
2,22265,EASTER DECORATION NATURAL CHICK,21,278,180.70000000000002
2,21293,MIRRORED DOVE WALL DECORATION,14,85,180.53000000000003
2,84754,S/15 SILVER GLASS BAUBLES IN BAG,12,155,180.07
2,22204,MILK PAN BLUE POLKADOT,18,54,180.0
2,85170C,SET/6 EAU DE NIL BIRD T-LIGHTS,13,149,179.93
2,22068,BLACK PIRATE TREASURE CHEST,41,206,179.88
2,35809A,ENAMEL PINK TEA CONTAINER,19,195,179.63
2,22587,FELTCRAFT HAIRBAND RED AND BLUE,34,211,179.35
2,47310M,SMALL POP BOX FUNKY MONKEY,26,147,179.23
2,23481,PEARLISED IVORY HEART SMALL ,16,147,178.71
2,21709,FOLDING UMBRELLA CHOCOLATE POLKADOT,10,36,177.61
2,22260,FELT EGG COSY BLUE RABBIT ,23,205,177.36999999999998
2,21587,COSY HOUR GIANT TUBE MATCHES,5,78,177.3
2,20866,BLUE ROSE FABRIC MIRROR,16,141,176.39
2,84952B,BLACK LOVE BIRD T-LIGHT HOLDER,9,126,176.21
2,84520B,PACK 20 ENGLISH ROSE PAPER NAPKINS,22,207,175.95
2,16008,SMALL FOLDING SCISSOR(POINTED EDGE),33,1519,175.93
2,21802,CHRISTMAS TREE HEART DECORATION,20,418,175.56
2,21263,GREEN GOOSE FEATHER TREE 60CM,19,90,175.5
2,21415,CLAM SHELL SMALL ,11,99,175.15
2,72586,SET OF 6 HALLOWEEN GHOST T-LIGHTS,11,416,174.72
2,84596J,MIXED NUTS LIGHT GREEN BOWL,19,416,174.72
2,84691,PACK 20 DOLLY PEGS,4,242,174.5
2,21881,CUTE CATS TAPE,20,690,174.46
2,21817,GLITTER CHRISTMAS TREE,21,354,173.94
2,16218,CARTOON  PENCIL SHARPENERS,25,2590,173.5
2,23521,WALL ART CAT AND BIRD ,8,65,173.45
2,47021G,SET/6 BEAD COASTERS GAUZE BAG GOLD,10,370,172.68
2,85169D,PINK LOVE BIRD CANDLE,13,165,172.65
2,23339,EGG FRYING PAN BLUE ,24,83,172.64000000000001
2,22247,BUNNY DECORATION MAGIC GARDEN,20,208,172.64
2,22319,HAIRCLIPS FORTIES FABRIC ASSORTED,19,342,172.62
2,20762,GREEN FERN SKETCHBOOK ,19,45,172.46
2,79190B,RETRO PLASTIC POLKA TRAY,23,481,172.02
2,21284,RETROSPOT CANDLE  SMALL,16,237,171.89
2,84963A,PINK PAINTED KASHMIRI CHAIR,1,4,171.8
2,21264,WHITE GOOSE FEATHER TREE 60CM ,22,88,171.6
2,84826,ASSTD DESIGN 3D PAPER STICKERS,10,384,171.6
2,22287,DECORATION WOBBLY CHICKEN,11,362,171.42
2,23430,BLUE RETRO KITCHEN WALL CLOCK,12,21,171.15
2,17013D,ORIGAMI ROSE INCENSE IN TUBE,7,327,170.55
2,72819,CUPID DESIGN SCENTED CANDLES,11,80,170.2
2,21638,ASSORTED TUTTI FRUTTI NOTEBOOK,9,81,170.10000000000002
2,21054,NURSE'S BAG SOFT TOY,13,19,170.04999999999998
2,21841,BABY MOUSE RED GINGHAM DRESS,4,40,170.0
2,85039A,SET/4 RED MINI ROSE CANDLE IN BOWL,17,175,169.85
2,84422,PINK/BLUE DISC/MIRROR STRING,3,435,169.65
2,85129D,BEADED CRYSTAL HEART PINK SMALL,26,108,168.88
2,22638,SET OF 4 NAPKIN CHARMS CROWNS ,11,129,168.16
2,22040,BOTANICAL ROSE GIFT WRAP,16,400,168.0
2,47422,ASSORTED MONKEY SUCTION CUP HOOK,35,430,167.64
2,21618,4 WILDFLOWER BOTANICAL CANDLES,14,118,167.5
2,22137,BATHROOM SET LOVE HEART DESIGN,9,60,167.4
2,22229,BUNNY WOODEN PAINTED WITH FLOWER ,28,272,167.26
2,85136C,RED SHARK HELICOPTER,14,21,166.95000000000002
2,85032D,YULETIDE IMAGES GIFT WRAP SET,19,214,166.65
2,85230G,ORANGE VOTIVE CANDLE,15,720,166.55999999999997
2,20780,BLACK EAR MUFF HEADPHONES,12,31,165.41
2,84926E,FLOWERS TILE COASTER,14,480,165.38
2,37482P,CUBIC MUG PINK POLKADOT,23,389,164.67
2,21190,PINK HEARTS PAPER GARLAND,4,113,164.45
2,21126,SET OF 6 GIRLS CELEBRATION CANDLES,22,135,164.19
2,21197,MULTICOLOUR  CONFETTI IN TUBE,6,111,163.95
2,23567,EGG CUP HENRIETTA HEN PINK,11,131,163.75
2,22277,COSMETIC BAG VINTAGE ROSE PAISLEY,25,74,163.52
2,21147,JINGLE BELLS TREE DECORATION,16,71,163.14000000000001
2,85204,HANGING WOOD AND FELT FLOWER,24,1196,163.07999999999998
2,23381,PACK OF 12 VINTAGE LEAF TISSUES ,30,418,163.01999999999998
2,22825,DECORATIVE PLANT POT WITH FRIEZE,8,22,162.9
2,22261,FELT EGG COSY WHITE RABBIT ,28,185,162.70999999999998
2,20854,BLUE PATCH PURSE PINK HEART,6,109,162.04999999999998
2,23021,GLASS BONNE JAM JAR,9,39,161.85000000000002
2,22246,MAGIC GARDEN FELT GARLAND ,12,76,161.28
2,21747,SMALL SKULL WINDMILL,19,129,161.25
2,47585A,PINK FAIRY CAKE CUSHION COVER,12,43,161.25
2,84952C,MIRROR LOVE BIRD T-LIGHT HOLDER,5,123,161.25
2,21248,DOOR HANGER  MUM + DADS ROOM,23,111,160.95
2,22249,DECORATION WHITE CHICK MAGIC GARDEN,23,194,160.74
2,82616C,MIDNIGHT GLAMOUR SCARF KNITTING KIT,30,97,160.52
2,20772,GARDEN PATH JOURNAL,21,62,160.51
2,35599D,PINK AND WHITE CHRISTMAS TREE 120CM,10,72,160.08
2,84816,DANISH ROSE BEDSIDE CABINET,7,4,159.8
2,20794,BLUE  TILE HOOK,12,64,159.6
2,22495,SET OF 2 ROUND TINS CAMEMBERT ,20,65,159.35000000000002
2,84926D,LA PALMIERA TILE COASTER,13,399,158.7
2,22953,BIRTHDAY PARTY CORDON BARRIER TAPE,35,124,158.63
2,23127,DOLLCRAFT GIRL NICOLE,5,32,158.4
2,22230,JIGSAW TREE WITH WATERING CAN,34,412,158.19
2,23695,DOILY THANK YOU CARD,22,397,158.1
2,22051,BLUE SCANDINAVIAN PAISLEY WRAP,15,375,157.5
2,20765,CHRYSANTHEMUM SKETCHBOOK ,15,38,157.34
2,44235,ASS COL CIRCLE MOBILE ,2,436,157.2
2,23492,VINTAGE JINGLE BELLS WREATH,5,19,156.75
2,20619,TROPICAL PASSPORT COVER ,17,103,156.73000000000002
2,21060,PARTY INVITES BALLOON GIRL,27,184,156.4
2,21719,LOVELY BONBON STICKER SHEET,21,184,156.39999999999998
2,21106,CREAM SLICE FLANNEL CHOCOLATE SPOT ,7,59,154.85
2,35095B,RED VICTORIAN FABRIC OVAL BOX,13,480,154.8
2,22268,DECORATION SITTING BUNNY,18,791,154.25
2,23024,LARGE BONNE JAM JAR  T-LIGHT HOLDER,3,58,154.02
2,20932,PINK POT PLANT CANDLE,4,52,153.40000000000003
2,84509C,SET OF 4 POLKADOT PLACEMATS ,9,46,153.3
2,17012F,ORIGAMI SANDLEWOOD INCENSE/CAND SET,14,152,153.0
2,21867,PINK UNION JACK  LUGGAGE TAG,33,119,152.52
2,20902,VINTAGE KEEPSAKE BOX PARIS DAYS,3,27,152.25
2,21739,COSY SLIPPER SHOES SMALL GREEN,23,53,151.94000000000003
2,23476,WOODLAND LARGE RED FELT HEART,11,121,151.25
2,21758,VINTAGE SHELLS PRINT,8,24,150.8
2,20998,ROSE DU SUD OVEN GLOVE,10,52,150.60000000000002
2,84218,BOX/12 CHICK & EGG IN BASKET,15,85,150.15
2,23043,PAPER LANTERN 9 POINT HOLLY STAR L,4,24,150.0
2,23459,DOLLY CABINET 2 DRAWERS ,7,12,150.0
2,85170B,SET/6 BLACK BIRD T-LIGHT CANDLES,15,150,150.0
2,20782,CAMOUFLAGE EAR MUFF HEADPHONES,11,27,149.99
2,16216,LETTER SHAPE PENCIL SHARPENER,16,2241,149.64000000000001
2,35651,VINTAGE BEAD PINK SCARF ,11,83,149.54999999999998
2,23041,PAPER LANTERN 9 POINT SNOW STAR,10,36,149.4
2,16236,KITTY PENCIL ERASERS,31,735,148.75
2,71270,PHOTO CLIP LINE,21,118,148.71
2,16014,SMALL CHINESE STYLE SCISSOR,23,352,147.84
2,20936,FORKED CACTUS CANDLE,16,49,147.83
2,22405,MONEY BOX POCKET MONEY DESIGN,25,151,147.66
2,84951B,SET OF 4 BLACK LOVEBIRD COASTERS,19,155,147.27
2,22547,MINI JIGSAW DINOSAUR ,33,396,146.91
2,22496,SET OF 2 ROUND TINS DUTCH CHEESE,26,76,146.44
2,85071C,"CHARLIE+LOLA""EXTREMELY BUSY"" SIGN",36,283,146.38
2,20764,ABSTRACT CIRCLES SKETCHBOOK ,20,36,146.13
2,16225,RATTLE SNAKE EGGS,38,131,145.89
2,85161,ACRYLIC GEOMETRIC LAMP,5,8,145.6
2,21458,2 PICTURE BOOK EGGS EASTER BUNNY,13,116,145.0
2,21576,LETS GO SHOPPING COTTON TOTE BAG,20,62,144.92000000000002
2,90200B,BLACK SWEETHEART BRACELET,10,34,144.5
2,90200D,PINK SWEETHEART BRACELET,8,34,144.5
2,21879,HEARTS GIFT TAPE,23,545,144.49
2,72799F,IVORY PILLAR CANDLE GOLD FLOCK,6,52,143.8
2,16015,MEDIUM CHINESE STYLE SCISSOR,9,364,143.78
2,21067,VINTAGE RED TEATIME MUG,28,115,143.75
2,21061,PARTY INVITES FOOTBALL,26,169,143.65
2,21884,CAKES AND BOWS GIFT  TAPE,13,628,143.24
2,84313B,BLUE TV TRAY TABLE ,8,64,143.2
2,21253,SET OF PICTURE FRAME  STICKERS,12,49,142.39000000000001
2,20986,BLUE CALCULATOR RULER,29,108,142.26
2,21285,RETROSPOT CANDLE  MEDIUM,18,132,141.53
2,23216,LAUREL HEART ANTIQUE GOLD,16,116,141.25
2,23522,WALL ART DOG AND BALL ,8,59,141.23000000000002
2,22250,DECORATION  BUTTERFLY  MAGIC GARDEN,20,171,141.19
2,84598,BOYS ALPHABET IRON ON PATCHES,3,672,141.12
2,21373,MIRRORED WALL ART SNOWFLAKES,16,188,141.0
2,84341B,SMALL PINK MAGIC CHRISTMAS TREE,15,348,140.7
2,85230A,OPIUM SCENTED VOTIVE CANDLE,11,624,140.64
2,22642,SET OF 4 NAPKIN CHARMS STARS   ,13,56,140.57999999999998
2,22703,PINK CAT BOWL,17,88,140.31
2,21828,EIGHT PIECE SNAKE  SET,28,112,140.0
2,22288,HANGING METAL RABBIT DECORATION,9,112,140.0
2,22389,PAPERWEIGHT SAVE THE PLANET,14,81,139.82999999999998
2,22486,PLASMATRONIC LAMP,9,32,139.54000000000002
2,46118,FUNKY MONKEY CUSHION COVER,13,164,139.4
2,84563A,PINK & WHITE BREAKFAST TRAY,10,40,139.0
2,22256,FELT FARM ANIMAL CHICKEN,12,111,138.75
2,84563B,BLUE & WHITE BREAKFAST TRAY,12,45,138.75
2,22447,PIN CUSHION BABUSHKA BLUE,10,42,138.6
2,22157,ANGEL DECORATION WITH LACE PADDED,8,163,138.54999999999998
2,84536B,FAIRY CAKES NOTEBOOK A7 SIZE,40,324,138.54
2,23580,SNACK TRAY HAPPY FOREST  ,12,71,138.45
2,84360,TABLE LAMP WHITE SHADE WOOD BASE,9,24,137.6
2,22049,WRAP CHRISTMAS SCREEN PRINT,13,450,137.25
2,22541,MINI JIGSAW LEAP FROG,12,360,136.51999999999998
2,23545,WRAP RED DOILEY,13,325,136.5
2,21775,DECORATIVE FLORE BATHROOM BOTTLE,17,141,136.41
2,21642,ASSORTED TUTTI FRUTTI PEN,24,474,136.33999999999997
2,16045,POPART WOODEN PENCILS ASST,26,3200,136.0
2,17012D,ORIGAMI ROSE INCENSE/CANDLE SET ,13,124,136.0
2,71053,WHITE MOROCCAN METAL LANTERN,8,30,135.42
2,22216,T-LIGHT HOLDER WHITE LACE,13,240,135.24
2,22889,NUMBER TILE VINTAGE FONT No ,4,133,135.18
2,22640,SET OF 4 NAPKIN CHARMS 3 KEYS ,15,75,134.93
2,84658,WHITE STITCHED CUSHION COVER,5,19,134.73
2,23474,WOODLAND SMALL BLUE FELT HEART,14,162,134.45999999999998
2,23037,CANDLE HOLDER SILVER MADELINE,8,83,133.79
2,20669,RED HEART LUGGAGE TAG,20,107,133.75
2,21189,WHITE HONEYCOMB PAPER GARLAND ,13,81,133.64999999999998
2,23661,MILK MAIDS MUG ,12,81,133.64999999999998
2,21194,PINK  HONEYCOMB PAPER FAN,16,198,133.05
2,21581,SKULLS  DESIGN  COTTON TOTE BAG,18,59,132.75
2,16238,PARTY TIME PENCIL ERASERS,35,627,132.37
2,21222,SET/4 BADGES BEETLES,22,98,132.18
2,23023,RIDGED BONNE JAM JAR T-LIGHT HOLDER,8,79,131.98999999999998
2,21815,STAR  T-LIGHT HOLDER ,9,91,131.95
2,84951A,SET OF 4 PISTACHIO LOVEBIRD COASTER,16,131,130.34
2,85124C,GREEN JUICY FRUIT PHOTO FRAME,12,51,130.04999999999998
2,85088,CANDY SPOT HAND BAG,9,57,129.85000000000002
2,21128,GOLD FISHING GNOME,7,19,129.56
2,79051A,SMOKEY GREY COLOUR D.O.F. GLASS,13,416,129.27999999999997
2,22512,DOORSTOP RACING CAR DESIGN,16,51,129.15
2,21666,RIDGED GLASS T-LIGHT HOLDER,20,198,128.70000000000002
2,22406,MONEY BOX KINGS CHOICE DESIGN,32,117,128.25
2,90119,METALIC LEAVES BAG CHARMS,13,52,127.92
2,85172,HYACINTH BULB T-LIGHT CANDLES,15,304,127.67999999999999
2,47481,50CM METAL STRING WITH  7 CLIPS,12,179,127.67
2,21973,SET OF 36 MUSHROOM PAPER DOILIES,16,88,127.6
2,17107D,"FLOWER FAIRY,5 SUMMER B'DRAW LINERS",8,50,127.5
2,21808,"CHRISTMAS GARLAND STARS,TREES",5,34,127.5
2,85040B,SET/4 BLUE FLOWER CANDLES IN BOWL,17,77,127.04999999999998
2,20838,FRENCH LATTICE CUSHION COVER ,16,146,126.53999999999999
2,22108,PING! MICROWAVE PLATE,15,39,126.53
2,21650,ASSORTED TUTTI FRUTTI BRACELET,19,622,126.46000000000001
2,21425,SKULLS STORAGE BOX LARGE,10,46,126.10000000000001
2,20766,GARDEN PATH SKETCHBOOK,10,34,125.83
2,20856,DENIM PATCH PURSE PINK BUTTERFLY,11,76,125.39999999999999
2,21196,ROUND WHITE CONFETTI IN TUBE,7,76,125.39999999999998
2,16011,ANIMAL STICKERS,15,597,125.37
2,90210D,PURPLE ACRYLIC FACETED BANGLE,5,104,125.0
2,35964,FOLKART CLIP ON STARS,13,311,124.71000000000001
2,23149,ANTIQUE IVORY WIRE BOWL SMALL,13,50,124.50000000000001
2,22129,PARTY CONES CANDY TREE DECORATION,9,150,124.38
2,23292,SPACE BOY CHILDRENS CUP,3,114,123.30000000000001
2,47367B,PAIR PADDED HANGERS PINK CHECK,4,38,123.30000000000001
2,20618,QUEEN OF THE SKIES PASSPORT COVER ,23,61,123.18
2,23457,LARGE PARLOUR FRAME,2,27,122.85
2,23360,SET 8 CANDLES VINTAGE DOILEY,3,74,122.7
2,21849,SILVER DIAMANTE PEN IN GIFT BOX,11,24,122.14000000000001
2,23229,DONKEY TAIL GAME ,1,36,122.04
2,23194,GYMKHANNA TREASURE BOOK BOX,6,56,121.92
2,85188A,GREEN METAL SWINGING BUNNY,20,143,121.55
2,79030D,TUMBLER BAROQUE,18,311,121.28999999999999
2,23495,SET OF 3 PANTRY WOODEN SPOONS,10,97,121.25
2,84678,CLASSICAL ROSE SMALL VASE,5,72,121.19999999999999
2,21818,GLITTER CHRISTMAS HEART ,12,142,120.69999999999999
2,75011,BLUE DAISY MOBILE,7,149,120.59
2,82613B,"METAL SIGN,CUPCAKE SINGLE HOOK",23,176,120.4
2,47471,RAINBOW PEGS PHOTO CLIP STRING,14,218,120.28
2,84632,DECORATIVE HANGING SHELVING UNIT,3,2,119.9
2,21761,WOOD AND GLASS MEDICINE CABINET,4,4,119.8
2,84559A,3D SHEET OF DOG STICKERS,17,140,119.78
2,21579,LOLITA  DESIGN  COTTON TOTE BAG,17,53,119.25
2,22214,CANDLE PLATE LACE WHITE,13,64,119.19999999999999
2,90200E,GREEN SWEETHEART BRACELET,7,28,119.0
2,23126,DOLLCRAFT GIRL AMELIE,5,24,118.8
2,21028,NINJA RABBIT BLACK,14,92,118.29
2,21386,IVORY HANGING DECORATION  EGG,18,292,118.17999999999999
2,21613,S/12 VANILLA  BOTANICAL T-LIGHTS,8,40,118.00000000000001
2,82613D,METAL SIGN CUPCAKE SINGLE HOOK,27,187,117.55
2,84828,JUNGLE POPSICLES ICE LOLLY HOLDERS,12,94,117.5
2,20684,STRAWBERRY DREAM CHILDS UMBRELLA,16,36,117.0
2,21265,PINK GOOSE FEATHER TREE 60CM,9,60,117.0
2,21456,2 PICTURE BOOK EGGS EASTER CHICKS,9,93,116.25
2,84569A,PACK 3 IRON ON DOG PATCHES,14,92,116.21
2,84051,ASS COLOUR GLOWING TIARAS,7,166,115.9
2,82011C,BATHROOM SCALES FOOTPRINTS IN SAND,9,36,115.80000000000001
2,21441,BLUE BIRDHOUSE DECORATION,15,215,115.49
2,20622,VIPPASSPORT COVER ,14,88,115.08
2,23305,SET 4 PICNIC CUTLERY BLUEBERRY,5,59,115.05
2,21454,PAINTED PINK RABBIT ,20,135,114.74999999999999
2,22598,CHRISTMAS MUSICAL ZINC TREE,25,339,114.64999999999999
2,82613C,"METAL SIGN,CUPCAKE SINGLE HOOK",20,158,114.5
2,78033,FLAG OF ST GEORGE CHAIR,7,26,113.9
2,21332,MOROCCAN BEATEN METAL MIRROR,5,11,113.85
2,20839,FRENCH PAISLEY CUSHION COVER ,15,116,113.64
2,85035A,GARDENIA 3 WICK MORRIS BOXED CANDLE,14,54,113.53999999999999
2,82011B,BATHROOM SCALES RUBBER DUCKS,14,34,113.1
2,22257,FELT FARM ANIMAL SHEEP,6,186,112.97999999999999
2,85131B,BEADED CRYSTAL HEART GREEN ON STICK,11,136,112.88
2,40003,WHITE BAMBOO RIBS LAMPSHADE,4,113,112.44999999999999
2,85107,CUT GLASS T-LIGHT HOLDER OCTAGON,8,52,111.96
2,22259,FELT FARM ANIMAL HEN,5,217,111.89
2,84800M,MEDIUM WHITE/PINK ROSE ART FLOWER,7,84,111.72
2,84913B,MINT GREEN ROSE TOWEL,6,24,111.60000000000001
2,84849A,HELLO SAILOR BLUE SOAP HOLDER,18,66,111.54
2,17012A,ORIGAMI VANILLA INCENSE/CANDLE SET ,9,107,111.35
2,16259,PIECE OF CAMO STATIONERY SET,10,1210,110.84
2,20707,CRAZY DAISY HEART DECORATION,20,87,110.52
2,20617,FIRST CLASS PASSPORT COVER ,19,53,110.44000000000001
2,35954,SMALL FOLKART STAR CHRISTMAS DEC,14,461,110.36000000000001
2,20735,BLACK MINI TAPE MEASURE ,22,145,110.25
2,23436,GIFT BAG LARGE VINTAGE CHRISTMAS,4,88,110.0
2,72225C,LAVENDER SCENT CAKE CANDLE,9,432,109.91999999999999
2,23058,CHRISTMAS HANGING SNOWFLAKE,16,118,109.9
2,85168B,BLACK BAROQUE CARRIAGE CLOCK,4,13,109.86999999999999
2,21221,SET/4 BADGES CUTE CREATURES,11,79,109.64
2,16012,FOOD/DRINK SPONGE STICKERS,13,521,109.41
2,82616B,FRAPPUCINO SCARF KNITTING KIT,25,66,109.18
2,84031B,CHARLIE LOLA BLUE HOT WATER BOTTLE ,18,19,108.49000000000001
2,72800B, 4 PURPLE FLOCK DINNER CANDLES,7,59,108.21
2,85019A,ROMANTIC IMAGES NOTEBOOK SET,8,79,107.75
2,85055,FRENCH ENAMEL UTENSIL HOLDER,6,33,107.75
2,22280,POCKET BAG PINK PAISELY BROWN SPOT,17,83,107.38
2,23003,TRAVEL CARD WALLET VINTAGE ROSE ,33,259,107.34
2,23455,SMALL PARLOUR FRAME,2,42,106.98000000000002
2,84707B,PINK JEWELLED MIRROR TRINKET TRAY,7,21,106.96
2,21367,MIRRORED WALL ART GENTS,17,100,106.86
2,22410,MONEY BOX HOUSEKEEPING DESIGN,29,121,106.02
2,23484,HEART TRELLIS TRIPLE T-LIGHT HOLDER,4,40,106.00000000000001
2,85123A,CREAM HANGING HEART T-LIGHT HOLDER,3,40,105.19999999999999
2,16169M,WRAP DAISY CARPET ,9,250,105.0
2,22038,BOTANICAL LAVENDER GIFT WRAP ,10,250,105.0
2,22052,VINTAGE CARAVAN GIFT WRAP,12,250,105.0
2,21944,KITTENS DESIGN FLANNEL,17,131,103.99
2,85071D,CHARLIE+LOLA MY ROOM DOOR SIGN,32,200,103.92
2,20659,ECONOMY LUGGAGE TAG,20,65,103.31
2,22043,CHRISTMAS CARD SCREEN PRINT ,18,468,102.72
2,62096A,PINK/YELLOW FLOWERS HANDBAG,4,82,102.5
2,23535,WALL ART BICYCLE SAFTEY ,2,19,102.25
2,84507C,BLUE CIRCLES DESIGN MONKEY DOLL,20,40,102.0
2,85124B,BLUE JUICY FRUIT PHOTO FRAME,13,40,102.0
2,21311,SET/4 BIRD MIRROR MAGNETS ,29,295,101.83999999999999
2,23020,GLASS SONGBIRD STORAGE JAR,2,9,101.7
2,23039,T-LIGHT HOLDER SILVER HEART HANDLE,4,54,101.69999999999999
2,20826,SILVER APERITIF GLASS,6,234,101.64
2,84876B,GREEN HEART COMPACT MIRROR,7,81,101.25
2,90145,SILVER HOOP EARRINGS WITH FLOWER,8,17,101.15
2,84247G,"DECOUPAGE,GREETING CARD,",16,240,100.8
2,72800C,4 PINK DINNER CANDLE SILVER FLOCK,8,56,100.55999999999999
2,90210C,RED   ACRYLIC FACETED BANGLE,3,82,100.0
2,84569D,PACK 6 HEART/ICE-CREAM PATCHES,14,78,99.92
2,84859A,SILVER DISCO HANDBAG,16,49,99.91
2,85039C,S/4 BLACK MINI ROSE CANDLE IN BOWL,10,168,99.88
2,84683,CLASSICAL ROSE CANDLESTAND,4,149,99.85000000000001
2,72122,COFFEE SCENT PILLAR CANDLE,15,105,99.74999999999999
2,23475,WOODLAND SMALL PINK FELT HEART,11,120,99.6
2,17012C,ORIGAMI LAVENDER INCENSE/CANDL SET ,13,83,99.44999999999999
2,72800D,4 BLUE DINNER CANDLES SILVER FLOCK,9,39,99.44999999999999
2,21676,FLOWERS  STICKERS,20,103,99.25
2,23016,GLASS TWIST BON BON JAR,5,14,99.10000000000001
2,23081,GREEN METAL BOX TOP SECRET,2,12,99.0
2,23209,LUNCH BAG VINTAGE DOILEY ,3,60,99.0
2,21911,GARDEN METAL SIGN ,14,60,98.99999999999999
2,85214,TUB 24 PINK FLOWER PEGS,23,60,98.99999999999999
2,85020,ROUND PINK HEART MIRROR,8,47,98.70000000000002
2,21161,KEEP OUT BOYS DOOR HANGER ,20,68,98.6
2,85179A,GREEN BITTY LIGHT CHAIN,9,58,98.46000000000001
2,20823,GOLD WINE GOBLET,4,124,97.96000000000001
2,21316,SMALL CHUNKY GLASS ROMAN  BOWL,3,121,97.75000000000001
2,20755,BLUE PAISLEY POCKET BOOK,20,115,97.75
2,21000,ROSE DU SUD COSMETICS BAG,6,23,97.75
2,84926F,PSYCHEDELIC TILE COASTER,12,185,97.46
2,84952A,CLEAR LOVE BIRD T-LIGHT HOLDER,3,25,97.46
2,21801,CHRISTMAS TREE DECORATION WITH BELL,10,232,97.44
2,85111,SILVER GLITTER FLOWER VOTIVE HOLDER,16,336,97.44
2,21657,MILK BOTTLE WITH GLASS STOPPER ,8,14,97.3
2,84919,BLUE CUSHION COVER WITH FLOWER,3,14,97.3
2,17084N,FAIRY DREAMS INCENSE ,13,475,97.25
2,21520,BOOZE & WOMEN GREETING CARD ,15,241,96.9
2,21721,CANDY SHOP  STICKER SHEET,12,114,96.89999999999999
2,22394,PAPERWEIGHT KINGS CHOICE ,5,70,96.89999999999999
2,16048,TEATIME ROUND PENCIL SHARPENER ,16,744,96.48
2,21442,GREEN BIRDHOUSE DECORATION,13,154,96.1
2,21882,SKULLS TAPE,17,351,95.67000000000002
2,20831,GOLD PHOTO FRAME,14,53,95.58000000000001
2,22340,NOEL GARLAND PAINTED ZINC ,20,245,95.55
2,21641,ASSORTED TUTTI FRUTTI KEYRING BALL,9,290,95.53999999999999
2,23044,PAPER LANTERN 9 POINT HOLLY STAR S,5,23,95.45
2,22415,WHITE TISSUE REAM,8,12,95.4
2,85135A,YELLOW DRAGONFLY HELICOPTER,3,12,95.4
2,22643,SET OF 4 NAPKIN CHARMS LEAVES   ,6,38,95.14
2,84666,SQUARE CHERRY BLOSSOM CABINET,4,24,94.80000000000001
2,85145,JARDIN ETCHED GLASS LARGE BELL JAR,6,24,94.80000000000001
2,47518F,ICON PLACEMAT POP ART ELVIS,19,670,94.8
2,21945,STRAWBERRIES  DESIGN FLANNEL ,10,112,94.74
2,84931A,PINK SCOTTIE DOG W FLOWER PATTERN,11,37,94.35
2,84931B,BLUE SCOTTIE DOG W FLOWER PATTERN,11,37,94.35
2,85203,HANGING WOOD AND FELT BUTTERFLY ,22,228,94.32
2,21319,GLASS CHALICE GREEN  SMALL ,5,118,94.25999999999999
2,20769,DAISY JOURNAL ,11,35,94.07
2,85019C,CURIOUS  IMAGES NOTEBOOK SET,3,56,94.0
2,47563A,RETRO LONGBOARD IRONING BOARD COVER,22,75,93.75
2,35638B,PINK/BLUE STRING CURTAIN ,1,48,93.6
2,44234,ASSORTED CIRCULAR MOBILE,9,513,93.33
2,84913A,SOFT PINK ROSE TOWEL ,4,20,93.0
2,20655,QUEEN OF SKIES LUGGAGE TAG,28,76,92.86
2,22044,CHRISTMAS CARD STACK OF PRESENTS,16,372,92.76
2,22069,BROWN  PIRATE TREASURE CHEST ,20,62,92.22
2,82615,PINK MARSHMALLOW SCARF KNITTING KIT,1,36,91.8
2,84508C,BLUE CIRCLES DESIGN TEDDY,13,36,91.8
2,90125A,PINK BERTIE GLASS BEAD BAG CHARM,5,108,91.8
2,21459,YELLOW EASTER EGG HUNT START POST,14,47,91.64999999999999
2,20615,BLUE POLKADOT PASSPORT COVER,21,94,91.44
2,21725,SWEETIES  STICKERS,18,107,90.95
2,23468,TUSCAN VILLA BIRD TABLE ,6,11,90.75
2,85131D,BEADED CRYSTAL HEART PINK ON STICK,9,97,90.59
2,23454,SET OF 3 MINI HANGING PORTRAITS,1,24,90.0
2,84924A,WAKE UP COCKEREL CALENDAR SIGN ,8,21,89.88
2,23303,SET 4 PICNIC CUTLERY FONDANT,3,46,89.69999999999999
2,21726,MULTI HEARTS  STICKERS,17,105,89.25
2,84637,KITCHEN FLOWER POTS WALL PLAQUE,7,15,89.25
2,23280,FOLDING MIRROR HOT PINK ,3,120,89.03999999999999
2,21457,2 PICTURE BOOK EGGS EASTER DUCKS,9,71,88.75
2,21167,WHITE SAGE INCENSE,10,422,88.62
2,21693,SMALL HAMMERED SILVER CANDLEPOT ,4,30,88.50000000000001
2,21696,SMALL SILVER TRELLIS CANDLEPOT,6,30,88.50000000000001
2,21025,SPACE FROG,9,69,88.5
2,22162,HEART GARLAND RUSTIC PADDED,12,30,88.5
2,84673B,BLUE FLY SWAT,26,95,88.21
2,85093,CANDY SPOT EGG WARMER HARE,6,173,88.11
2,22529,MAGIC DRAWING SLATE GO TO THE FAIR ,26,213,88.02
2,72128,COLUMBIAN CANDLE ROUND,8,121,87.72999999999999
2,22409,MONEY BOX BISCUITS DESIGN,22,70,87.5
2,85200,BUNNY EGG BOX,10,70,87.5
2,84926A,WAKE UP COCKEREL TILE COASTER,13,295,87.47
2,85036A,GARDENIA 1 WICK MORRIS BOXED CANDLE,12,40,87.03999999999999
2,72127,COLUMBIAN CANDLE ROUND ,7,71,86.85
2,23489,"GARLAND, VINTAGE BELLS",4,30,86.7
2,22353,LUNCH BOX WITH CUTLERY FAIRY CAKES ,11,34,86.69999999999999
2,20771,CHRYSANTHEMUM  JOURNAL,16,33,86.56
2,35810B,ENAMEL BLUE RIM COFFEE CONTAINER,10,92,86.52
2,23697,A PRETTY THANK YOU CARD,13,216,86.39999999999999
2,23410,CURIO CABINET LINEN AND LACE ,5,11,86.35
2,20694,FLORAL PINK MONSTER,7,23,86.25
2,22202,MILK PAN PINK POLKADOT,11,23,86.25
2,84876D,BLUE HEART COMPACT MIRROR,4,63,86.25
2,84920,PINK FLOWER FABRIC PONY,11,23,86.25
2,16052,TEATIME PUSH DOWN RUBBER,4,395,86.09
2,21403,BLUE EGG  SPOON,31,685,85.8
2,23578,SNACK TRAY RED GINGHAM,8,44,85.8
2,21738,COSY SLIPPER SHOES SMALL  RED ,11,29,85.55000000000001
2,22124,SET OF 2 TEA TOWELS PING MICROWAVE,15,41,85.23
2,21026,SPACE OWL,8,69,84.87
2,17038,PORCELAIN BUDAH INCENSE HOLDER,10,968,84.8
2,23466,TUSCAN VILLA DOVECOTE BIRD FEEDER,3,11,84.75
2,84595E,LARGE TORTILLA DESIGN RED BOWL,6,50,84.6
2,90192,JADE DROP EARRINGS W FILIGREE,7,17,84.15
2,21280,VINTAGE KITCHEN PRINT VEGETABLES,6,33,84.14999999999999
2,23196,RETRO LEAVES MAGNETIC NOTEPAD,10,58,84.1
2,23456,MEDIUM PARLOUR FRAME ,2,22,84.1
2,85169B,BLACK LOVE BIRD CANDLE,16,99,83.91
2,35965,FOLKART HEART NAPKIN RINGS,18,76,83.80000000000001
2,20763,DAISY SKETCHBOOK ,10,32,83.71
2,21368,MIRRORED WALL ART LADIES,15,105,83.55
2,21333,CLASSIC WHITE FRAME,10,28,82.60000000000001
2,23466,TUSCAN VILLA DOVECOTE,3,10,82.5
2,47310M,"SMALL POP BOX,FUNKY MONKEY",11,66,82.5
2,84509E,SET OF 4 CAROUSEL PLACEMATS ,4,54,82.5
2,35915B,BLUE KNITTED HEN ,7,50,82.49999999999999
2,85186A,EASTER BUNNY GARLAND OF FLOWERS,16,194,81.48
2,35914,PINK CHICK EGG WARMER + EGG CUP,8,59,81.4
2,23694,PAISLEY PARK CARD,12,204,81.36
2,21580,RABBIT  DESIGN  COTTON TOTE BAG,11,36,81.0
2,22248,DECORATION  PINK CHICK MAGIC GARDEN,16,100,80.84
2,22032,BOTANICAL LILY GREETING CARD,16,192,80.64
2,17096,ASSORTED LAQUERED INCENSE HOLDERS,8,401,80.37
2,46000U,POLYESTER FILLER PAD 30CMx30CM,17,64,80.0
2,20830,SILVER PHOTO FRAME,10,38,79.80000000000001
2,37343,POLKADOT MUG PINK ,7,56,79.8
2,23143,ZINC WIRE KITCHEN ORGANISER,6,12,79.65
2,23463,VINTAGE ZINC WATERING CAN,4,8,79.6
2,85095,THREE CANVAS LUGGAGE TAGS,6,41,79.51
2,23413,DECORATIVE VINTAGE COFFEE  BOX,7,16,79.2
2,79030G,"TUMBLER, NEW ENGLAND",7,106,79.13999999999999
2,84984A,GREEN PEONY CUSHION COVER,5,17,79.05000000000001
2,21376,LARGE  TALL CAMPHOR WOOD TOADSTOOL ,7,16,78.8
2,20847,ZINC HEART LATTICE CHARGER LARGE,5,21,78.75
2,23396,LA JARDIN BOTANIQUE CUSHION COVER,7,21,78.75
2,90032,IVORY SHELL HEART NECKLACE,4,17,78.17
2,85087,CANDY SPOT CUSHION COVER,4,26,78.06
2,22870,NUMBER TILE COTTAGE GARDEN 2,10,40,78.0
2,84576,BLUE CAT BISCUIT BARREL PINK HEART,6,40,78.0
2,20654,FIRST CLASS LUGGAGE TAG ,17,66,77.94
2,23497,CLASSIC CROME BICYCLE BELL ,2,60,77.4
2,23141,TRIPLE WIRE HOOK PINK HEART,8,34,77.26
2,21402,RED  EGG  SPOON,28,636,76.92
2,21518,BANK ACCOUNT  GREETING  CARD ,12,193,76.74
2,84086C,PINK/PURPLE RETRO RADIO,7,26,76.7
2,21306,SET/4 DAISY MIRROR MAGNETS,16,214,76.53999999999999
2,21269,ANTIQUE CREAM CUTLERY SHELF ,7,9,76.5
2,21331,MOROCCAN BEATEN METAL DISH LARGE,3,6,76.5
2,84796A,PINK HAWAIIAN PICNIC HAMPER FOR 2,4,6,76.5
2,90160C,TURQ+RED BOUDICCA LARGE BRACELET,6,11,76.45
2,23477,WOODLAND LARGE BLUE FELT HEART,6,61,76.25
2,85094,CANDY SPOT EGG WARMER RABBIT,11,334,76.18
2,22869,NUMBER TILE COTTAGE GARDEN 1,10,39,76.05
2,22391,PAPERWEIGHT HOME SWEET HOME,6,66,75.66
2,21736,GOLD SCROLL GLASS T-LIGHT HOLDER,1,36,75.60000000000001
2,35911A,MULTICOLOUR RABBIT EGG WARMER,10,80,75.39999999999999
2,21360,JOY LARGE WOOD LETTERS,7,13,75.35
2,21807,WHITE CHRISTMAS STAR DECORATION,9,179,75.17999999999999
2,84559B,3D SHEET OF CAT STICKERS,15,88,74.8
2,21132,SILVER STANDING GNOME   ,10,19,74.75
2,90122C,TURQUOISE CRYSTAL+GLASS BRACELET,3,15,74.25
2,84228,HEN HOUSE W CHICK STANDING,11,191,74.22
2,84723,CHERRY BLOSSOM CANVAS ART PICTURE,4,38,74.1
2,46000R,POLYESTER FILLER PAD 45x30cm,21,51,73.95
2,21030,SPACE CADET RED,9,57,73.67
2,16156L,WRAP CAROUSEL,6,175,73.5
2,22039,BOTANICAL LILY GIFT WRAP,6,175,73.5
2,22886,NUMBER TILE VINTAGE FONT 7,8,64,73.24
2,18094C,WHITE AND BLUE CERAMIC OIL BURNER,8,70,73.1
2,23417,BATHROOM HOOK,10,84,73.08
2,79337,BLUE FLOCK GLASS CANDLEHOLDER,1,192,72.96000000000001
2,20867,PINK ROSE FABRIC MIRROR,10,60,72.72
2,84569B,PACK 3 FIRE ENGINE/CAR PATCHES,8,58,72.5
2,22812,PACK 3 BOXES CHRISTMAS PANETTONE,10,27,72.27
2,47343A,FUSCHIA FLOWER PURSE WITH BEADS,6,82,72.02
2,16033,MINI HIGHLIGHTER PENS,2,600,72.0
2,21427,SKULLS STORAGE BOX SMALL,16,34,71.4
2,20781,GOLD EAR MUFF HEADPHONES,10,13,71.37
2,72130,COLUMBIAN CANDLE ROUND,7,123,71.31
2,20768,GREEN FERN JOURNAL ,14,27,71.25999999999999
2,84744,S/6 SEW ON CROCHET FLOWERS,5,57,71.25
2,84882,GREEN WIRE STANDING CANDLE HOLDER,8,19,71.25
2,23185,FRENCH STYLE STORAGE JAR JAM,15,166,71.06
2,47589,CONGRATULATIONS BUNTING,3,13,70.85000000000001
2,37476,CONDIMENT TRAY 4 BOWLS AND 4 SPOONS,3,8,70.84
2,21695,SMALL SILVER FLOWER CANDLE POT,4,24,70.80000000000001
2,16054,POPART RECT PENCIL SHARPENER ASST,16,584,70.68
2,23045,PAPER LANTERN 5 POINT STAR MOON ,5,17,70.55000000000003
2,20757,RED DAISY POCKET BOOK ,11,82,70.48
2,62086A,PINK RETRO BIG FLOWER BAG,4,36,70.2
2,21644,ASSORTED TUTTI FRUTTI HEART BOX,12,56,70.0
2,84984B,RED PEONY CUSHION COVER ,4,15,69.75
2,20836,FRENCH PAISLEY CUSHION COVER,8,84,69.72
2,72780,BLACK SILOUETTE CANDLE PLATE,11,82,69.7
2,84974,S/2 ZINC HEART DESIGN PLANTERS,6,7,69.64999999999999
2,21647,ASSORTED TUTTI FRUTTI LARGE PURSE,9,33,69.30000000000001
2,21904,HOUSE WRECKING METAL SIGN ,12,33,69.30000000000001
2,35957,SMALLFOLKART BAUBLE CHRISTMAS DEC,5,270,69.24000000000001
2,84827,ASS DES PHONE SPONGE CRAFT STICKER,7,243,69.15
2,23047,PAPER LANTERN 5 POINT SEQUIN STAR,6,12,69.0
2,21370,MIRRORED WALL ART FOXY,4,9,68.9
2,21279,VINTAGE KITCHEN PRINT FRUITS,6,27,68.85
2,90200C,BLUE SWEETHEART BRACELET,3,16,68.0
2,22031,BOTANICAL LAVENDER BIRTHDAY CARD,17,147,67.89
2,22104,MIRROR MOSAIC CANDLE PLATE,8,115,67.87
2,85104,SILVER GLASS T-LIGHT SET,9,29,67.43
2,22881,NUMBER TILE VINTAGE FONT 2,5,61,67.39
2,20652,BLUE POLKADOT LUGGAGE TAG ,17,48,67.26
2,21348,PINK SPOTS CHOCOLATE NESTING BOXES ,3,26,67.1
2,84859C,PINK DISCO HANDBAG,11,31,66.99
2,85027L,FRENCH CHATEAU LARGE PLATTER ,8,22,66.9
2,21378,SMALL TALL CAMPHOR WOOD TOADSTOOL,8,45,66.69
2,23044,PAPER LANTERN 9 POINT HOLLY STAR 23,4,16,66.4
2,79190A,RETRO PLASTIC 70'S TRAY,18,158,66.36
2,21095,SET/6 POSIES PAPER PLATES,6,78,66.3
2,23304,SET 4 PICNIC CUTLERY CHERRY ,3,34,66.3
2,84461,12 PINK HEN+CHICKS IN BASKET,9,26,66.3
2,22641,SET OF 4 NAPKIN CHARMS INSTRUMENT,8,28,66.12
2,79190D,RETRO PLASTIC DAISY TRAY,16,157,65.94
2,16168M,FUNKY MONKEY GIFT BAG MEDIUM,10,156,65.52
2,84993A,75 GREEN PETIT FOUR CASES,12,156,65.52
2,85186C,BUNNY EGG GARLAND,11,156,65.52
2,22883,NUMBER TILE VINTAGE FONT 4,4,60,65.44
2,22885,NUMBER TILE VINTAGE FONT 6 ,4,60,65.44
2,85129B,BEADED CRYSTAL HEART GREEN SMALL,10,54,65.36
2,84527,FLAMES SUNGLASSES PINK LENSES,3,37,64.94999999999999
2,47351B,BLUE  VOILE LAMPSHADE,7,22,64.9
2,22395,PAPERWEIGHT VINTAGE PAISLEY,7,47,64.89
2,51020A,SUMMER FUN DESIGN SHOWER CAP,8,217,64.85
2,23235,BISCUIT TIN VINTAGE LEAF,3,24,64.56
2,84629,WHITE 3 FRAME BIRDS AND TREE ,6,13,64.35
2,84857C,PINK MONTE CARLO HANDBAG,3,33,64.35
2,20616,CHERRY BLOSSOM PASSPORT COVER,13,72,64.13000000000001
2,84804B,BLUE DELPHINIUM ARTIFICIAL FLOWER,2,48,63.84
2,21270,ANTIQUE CREAM CUTLERY CUPBOARD,4,5,63.75
2,72801C,4 ROSE PINK DINNER CANDLES,5,51,63.75
2,84875B,GREEN SQUARE COMPACT MIRROR,5,51,63.75
2,90198A,VINTAGE ROSE BEAD BRACELET RASPBERR,5,15,63.75
2,21651,HANGING GLASS ETCHED TEALIGHT,3,43,63.74999999999999
2,20845,ZINC HEART LATTICE 2 WALL PLANTER,8,10,63.5
2,71101E,STANDING FAIRY POLE SUPPORT ,7,78,63.18
2,22878,NUMBER TILE COTTAGE GARDEN No,6,30,63.0
2,17091A,LAVENDER INCENSE IN TIN,11,123,62.400000000000006
2,35967,FOLK ART METAL STAR T-LIGHT HOLDER,12,164,62.32000000000001
2,22882,NUMBER TILE VINTAGE FONT 3,7,58,61.54
2,22884,NUMBER TILE VINTAGE FONT 5,7,58,61.54
2,16151A,FLOWERS HANDBAG blue and orange,3,49,61.25
2,22954,HEN PARTY CORDON BARRIER TAPE,15,49,61.25
2,23541,"WALL ART ,PUDDINGS ",2,8,61.2
2,90125C,TURQUOISE BERTIE GLASS BEAD CHARM,2,72,61.199999999999996
2,90125D,PURPLE BERTIE GLASS BEAD BAG CHARM,3,72,61.199999999999996
2,21051,RIBBONS PURSE ,8,28,60.830000000000005
2,21364,PEACE SMALL WOOD LETTERS,10,9,60.75
2,84712B,PINK JEWELLED PHOTO FRAME,5,8,60.42
2,22135,MINI LADLE LOVE HEART PINK,35,132,60.36
2,84925F,PSYCHEDELIC WALL THERMOMETER,7,54,60.26
2,20731,POSY CANDY BAG,4,48,60.0
2,21117,BLOND DOLL DOORSTOP,4,48,60.0
2,23370,SET 36 COLOUR PENCILS DOILEY,2,48,60.0
2,23438,GIFT BAG LARGE SPOT ,3,48,60.0
2,40046A,RED DAISY PAPER LAMPSHADE,5,48,60.0
2,84877B,GREEN ROUND COMPACT MIRROR,2,48,60.0
2,BANK CHARGES,Bank Charges,4,4,60.0
2,21763,VINTAGE WOODEN BAR STOOL,1,2,59.9
2,84865,NEW BAROQUE BLACK PHOTO ALBUM,7,9,59.85
2,22847,"BREAD BIN, DINER STYLE, IVORY",1,4,59.8
2,22849,"BREAD BIN, DINER STYLE, MINT",1,4,59.8
2,20837,FRENCH FLORAL CUSHION COVER ,8,72,59.75999999999999
2,90147,CHUNKY SILVER NECKLACE PASTEL FLOWE,6,6,59.699999999999996
2,84906,PINK B'FLY C/COVER W BOBBLES,5,10,59.5
2,21850,BLUE  DIAMANTE PEN IN GIFT BOX,11,12,59.400000000000006
2,23191,BUNDLE OF 3 RETRO EXERCISE BOOKS,3,36,59.39999999999999
2,90201C,RED ENAMEL FLOWER RING,5,20,59.00000000000001
2,71496A,A4 WALL TIDY BLUE OFFICE,3,108,58.68000000000001
2,21942,SKULLS DESIGN FLANNEL,13,69,58.65
2,84508B,STRIPES DESIGN TEDDY,17,23,58.65
2,84584,PINK GINGHAM CAT WITH SCARF,7,23,58.65
2,22872,NUMBER TILE COTTAGE GARDEN 4,9,30,58.5
2,23244,STORAGE TIN VINTAGE LEAF,4,30,58.5
2,21455,PAINTED YELLOW WOODEN DAISY,9,68,57.8
2,21826,EIGHT PIECE DINOSAUR SET,9,46,57.5
2,21379,CAMPHOR WOOD PORTOBELLO MUSHROOM,7,50,57.34
2,20903,VINTAGE KEEPSAKE BOX TRAVELOGUE,4,9,57.15
2,85146,JARDIN ETCHED GLASS SMALL BELL JAR,4,19,57.05
2,85067,CREAM SWEETHEART WALL CABINET,3,3,56.849999999999994
2,16258A,SWIRLY CIRCULAR RUBBERS IN BAG,21,168,56.75
2,90108,BLUE BLOSSOM HAIR CLIP,7,54,56.7
2,23091,METAL HERB GERDEN CONTAINER,3,9,56.25
2,17107D,FLOWER FAIRY 5 DRAWER LINERS,5,22,56.099999999999994
2,21278,VINTAGE KITCHEN PRINT PUDDINGS,4,22,56.099999999999994
2,90201B,BLACK ENAMEL FLOWER RING,4,19,56.05000000000001
2,21698,MOCK LOBSTER FRIDGE MAGNET,13,124,55.72
2,84927F,PSYCHEDELIC TILE HOOK,18,99,55.71
2,84638,SMALL KITCHEN FLOWER POTS PLAQUE,5,8,55.6
2,90160B,RED BOUDICCA LARGE BRACELET,4,8,55.6
2,72811,SMALL ZINC/GLASS CANDLEHOLDER,4,41,55.33
2,84531B,BLUE KNITTED EGG COSY,11,93,54.989999999999995
2,21027,NINJA RABBIT PINK,6,47,54.95
2,22874,NUMBER TILE COTTAGE GARDEN 6,6,28,54.6
2,22877,NUMBER TILE COTTAGE GARDEN 9,7,28,54.6
2,21946,PARTY TIME DESIGN FLANNEL,8,64,54.4
2,84708B,PINK JEWELLED PHOTO FRAME ,3,12,53.8
2,23496,PANTRY KITCHEN THERMOMETER ,5,43,53.75
2,21001,ROSE DU SUD WASHBAG ,4,9,53.550000000000004
2,71403,"PINK/WHITE ""KEEP CLEAN"" BULLET BIN",5,18,53.10000000000001
2,84231,EASTER BUNNY WITH BASKET ON BACK,11,81,52.650000000000006
2,22868,NUMBER TILE COTTAGE GARDEN 0 ,5,27,52.65
2,16169K,WRAP FOLK ART,5,125,52.5
2,90214A,"LETTER ""A"" BLING KEY RING",13,51,52.23
2,23035,DOORKNOB CERAMIC IVORY,1,36,52.199999999999996
2,47578A,ENGLISH ROSE SMALL SCENTED FLOWER,8,61,51.85
2,82613A,"METAL SIGN,CUPCAKE SINGLE HOOK",9,41,51.25
2,84510C,SET OF 4 POLKADOT COASTERS,15,39,51.17
2,21100,CHARLIE AND LOLA CHARLOTTE BAG,6,31,51.150000000000006
2,21401,BLUE PUDDING SPOON,18,366,51.12
2,21555,CERAMIC STRAWBERRY TRINKET TRAY,4,20,50.99999999999999
2,84872A,TEATIME FUNKY FLOWER BACKPACK FOR 2,3,3,50.849999999999994
2,90082B,DIAMANTE BOW BROOCH RED COLOUR,6,8,50.8
2,22871,NUMBER TILE COTTAGE GARDEN 3 ,5,26,50.699999999999996
2,85167B,BLACK GRAND BAROQUE PHOTO FRAME,3,33,50.25
2,20894,HANGING BAUBLE T-LIGHT HOLDER LARGE,5,17,50.150000000000006
2,22879,NUMBER TILE VINTAGE FONT 0,3,52,49.839999999999996
2,22880,NUMBER TILE VINTAGE FONT 1,3,52,49.839999999999996
2,22887,NUMBER TILE VINTAGE FONT 8,3,52,49.839999999999996
2,22888,NUMBER TILE VINTAGE FONT 9 ,3,52,49.839999999999996
2,23075,DOUBLE CERAMIC PARLOUR HOOK,3,12,49.800000000000004
2,23254,KIDS CUTLERY DOLLY GIRL ,3,12,49.800000000000004
2,23256,KIDS CUTLERY SPACEBOY ,3,12,49.800000000000004
2,23197,VEGETABLE MAGNETIC  SHOPPING LIST,3,36,49.8
2,16049,TEATIME GEL PENS ASST,3,324,49.68
2,21851,LILAC DIAMANTE PEN IN GIFT BOX,5,8,49.62
2,23066,SMALL JEWELLERY STAND,3,6,49.5
2,90161B,ANT COPPER TURQ BOUDICCA BRACELET,4,10,49.5
2,23416,CHAMBRE HOOK,6,42,49.13999999999999
2,20696,FLORAL SOFT CAR TOY,5,13,48.75
2,22876,NUMBER TILE COTTAGE GARDEN 8,5,25,48.75
2,23359,SET OF 12 T-LIGHTS VINTAGE DOILEY,3,25,48.75
2,85118,HEART T-LIGHT HOLDER,4,39,48.75
2,90146,FINE SILVER NECKLACE W PASTEL FLOWE,2,11,48.75
2,90160A,PURPLE BOUDICCA LARGE BRACELET,3,7,48.650000000000006
2,21377,SMALL CAMPHOR WOOD FIELD  MUSHROOM,7,34,48.53999999999999
2,84402B,PURPLE DRESS JEWELLERY STAND,3,61,48.19
2,85230F,JASMINE VOTIVE CANDLE,6,192,48.0
2,90030B,RED KUKUI COCONUT SEED NECKLACE,7,48,48.0
2,35815P,"ACRYLIC JEWEL SNOWFLAKE, PINK",3,126,47.88
2,21656,RIDGED GLASS POSY VASE ,6,33,47.849999999999994
2,90036C,"FLOWER GLASS GARLAND NECKL.36""BLUE",2,6,47.7
2,90036E,"FLOWER GLASS GARLD NECKL36""AMETHYST",4,6,47.7
2,21087,SET/6 POSIES PAPER CUPS,6,94,47.300000000000004
2,84592,CROCHET ROSE PURSE WITH SUEDE BACK,4,16,47.2
2,35819B,"ACRYLIC HANGING JEWEL,BLUE",10,124,47.120000000000005
2,84800S,SMALL WHITE/PINK ROSE ART FLOWER,4,43,46.910000000000004
2,90016A,SILVER/M.O.P PENDANT ORBIT NECKLACE,2,10,46.75
2,23036,T-LIGHT HOLDER SILVER PETIT FOUR ,4,37,46.25
2,84750B,BLACK SMALL GLASS CAKE STAND,8,45,45.629999999999995
2,46126A,ELVIS WALLHANGING / CURTAIN,4,36,45.0
2,84597B,RETRO BROWN BALL ASHTRAY ,3,36,45.0
2,90173,PAIR BUTTERFLY HAIR CLIPS,2,12,45.0
2,10080,GROOVY CACTUS INFLATABLE,9,113,44.989999999999995
2,20819,SILVER TEDDY BEAR,6,11,44.96
2,20835,FRENCH LATTICE CUSHION COVER ,5,54,44.81999999999999
2,20997,ROSE DU SUD CUSHION COVER ,4,9,44.550000000000004
2,85045,GREEN CHRISTMAS TREE STRING 20LIGHT,5,9,44.55
2,17011F,ORIGAMI SANDLEWOOD INCENSE+FLOWER,4,55,44.45
2,90082A,DIAMANTE BOW BROOCH GREEN COLOUR,5,7,44.449999999999996
2,20622,VIP PASSPORT COVER ,8,21,44.1
2,22538,MINI JIGSAW GO TO THE FAIR,12,131,43.980000000000004
2,72801D,4 SKY BLUE DINNER CANDLES,5,35,43.75
2,37333,"RETRO ""TEA FOR ONE"" ",7,10,43.5
2,84857B,BLUE MONTE CARLO HANDBAG,2,22,42.9
2,21943,CAKES AND RABBITS DESIGN FLANNEL ,5,50,42.5
2,22407,MONEY BOX FIRST ADE DESIGN,9,34,42.5
2,46000P,POLYESTER FILLER PAD 65CMx65CM,2,10,42.5
2,21722,SWEET PUDDING STICKER SHEET,11,50,42.49999999999999
2,85211,S/4 GROOVY CAT MAGNETS,7,39,42.17
2,21157,RED RETROSPOT WASHBAG,6,20,42.0
2,21275,ZINC TOP  2 DOOR WOODEN SHELF ,8,2,41.9
2,21375,LARGE CAMPHOR WOOD FIELD MUSHROOM ,5,10,41.9
2,21420,OYSTER TRINKET BOX,7,34,41.620000000000005
2,21547,CERAMIC BIRDHOUSE CRESTED TIT SMALL,4,14,41.300000000000004
2,90201A,PURPLE ENAMEL FLOWER RING,4,14,41.300000000000004
2,71495B,CD WALL TIDY RED FLOWERS,4,112,41.28
2,35921,EASTER BUNNY HANGING GARLAND,7,33,41.25
2,72801G,4 BURGUNDY WINE DINNER CANDLES,6,33,41.25
2,82011A,"BATHROOM SCALES, TROPICAL BEACH",7,11,41.25
2,84847,FLORAL BATHROOM SET,5,11,41.25
2,90170,DAISY HAIR BAND,5,25,41.24999999999999
2,85131C,BEADED CRYSTAL HEART BLUE ON STICK,7,43,41.21
2,90058B,CRYSTAL STUD EARRINGS ASSORTED COL ,4,108,41.04
2,22875,NUMBER TILE COTTAGE GARDEN 7,7,21,40.949999999999996
2,44242B,PINK FEATHERS CURTAIN,2,40,40.8
2,84507B,STRIPES DESIGN MONKEY DOLL,10,16,40.8
2,72799C,PINK PILLAR CANDLE SILVER FLOCK,6,24,40.56
2,22033,BOTANICAL ROSE GREETING CARD,8,96,40.32
2,22042,CHRISTMAS CARD SINGING ANGEL,6,96,40.32
2,22408,MONEY BOX CONFECTIONERY DESIGN,8,31,39.96
2,90014A,SILVER/MOP ORBIT NECKLACE,3,4,39.8
2,21777,RECIPE BOX WITH METAL HEART,4,5,39.75
2,20798,CLEAR MILKSHAKE GLASS,4,18,39.60000000000001
2,23464,VINTAGE ZINC WATERING CAN SMALL,2,8,39.6
2,20777,CHRYSANTHEMUM NOTEBOOK,13,24,39.599999999999994
2,22285,"DECORATION HEN ON NEST, HANGING",1,24,39.599999999999994
2,22972,CHILDRENS SPACEBOY MUG,2,24,39.599999999999994
2,35915C,PEACH KNITTED HEN ,3,24,39.599999999999994
2,22950,SET OF 36 VINTAGE CHRISTMAS DOILIES,6,27,39.15
2,84452,METAL RABBIT LADDER EASTER ,7,46,39.099999999999994
2,22873,NUMBER TILE COTTAGE GARDEN 5,7,20,39.0
2,85232B,SET OF 3 BABUSHKA STACKING TINS,8,7,38.84999999999991
2,35920,FOUR RABBIT EASTER DECORATIONS,6,31,38.75
2,21320,GLASS CHALICE GREEN  LARGE ,2,49,38.71
2,84249A,"GREETING CARD,SQUARE, DOUGHNUTS",7,88,38.6
2,16207A,PINK STRAWBERRY HANDBAG ,5,13,38.35000000000001
2,84247E,PACK/12 XMAS FUN CARD,2,13,38.35000000000001
2,90162C,ANT SILVER FUSCHIA BOUDICCA RING,6,13,38.35000000000001
2,90201D,GREEN ENAMEL FLOWER RING,3,13,38.35000000000001
2,21324,HANGING MEDINA LANTERN SMALL,4,13,38.35
2,90162B,ANT SILVER LIME GREEN BOUDICCA RING,6,13,38.35
2,21720,CAKE SHOP  STICKER SHEET,7,45,38.25
2,90018A,SILVER M.O.P ORBIT DROP EARRINGS,5,9,38.25
2,90185A,AMBER DIAMANTE EXPANDABLE RING,4,9,38.25
2,17090A,LAVENDER INCENSE 40 CONES IN TIN,2,42,38.099999999999994
2,20910,VINTAGE PHOTO ALBUM PARIS DAYS,2,6,38.099999999999994
2,22769,CHALKBOARD KITCHEN ORGANISER,2,2,37.9
2,84809B,PINK CHRYSANTHEMUMS ART FLOWER,1,18,37.800000000000004
2,85197,SET OF 12 MINI BUNNIES IN A BUCKET,9,18,37.800000000000004
2,90166,PINK & WHITE ROSEBUD RING,6,9,37.650000000000006
2,21038,SET/4 MODERN VINTAGE COTTON NAPKINS,9,23,37.61000000000001
2,84685,BEACH HUT KEY CABINET,6,10,37.5
2,84805B,BLUE CLIMBING HYDRANGA ART FLOWER,2,26,37.5
2,90072,RUBY DROP CHANDELIER EARRINGS,3,10,37.5
2,90143,SILVER BRACELET W PASTEL FLOWER,1,5,37.5
2,90155,RESIN NECKLACE W PASTEL BEADS,3,5,37.5
2,51020B,STRIPY DESIGN SHOWER CAP,8,119,37.38999999999999
2,21032,SPACE CADET WHITE,7,27,37.38
2,72812,LARGE ZINC GLASS CANDLEHOLDER,3,12,37.38
2,84984D,ORIENTAL RED CUSHION COVER ,2,8,37.2
2,20758,ABSTRACT CIRCLES POCKET BOOK,13,43,36.55
2,21678,PAISLEY PATTERN  STICKERS,6,43,36.55
2,20773,BLUE PAISLEY NOTEBOOK,9,22,36.3
2,90214C,"LETTER ""C"" BLING KEY RING",7,39,36.269999999999996
2,84875D,BLUE SQUARE COMPACT MIRROR,3,29,36.25
2,85179C,PINK BITTY LIGHT CHAIN,3,29,36.25
2,84806A,PINK CANDYSTUFT ARTIFICIAL FLOWER,4,60,36.12
2,84898F,YELLOW FLOWERS FELT HANDBAG KIT,10,17,35.7
2,20697,LITTLE GREEN MONSTER SOFT TOY,7,14,35.699999999999996
2,20698,LITTLE PINK MONSTER SOFT TOY,6,14,35.699999999999996
2,20770,ABSTRACT CIRCLE JOURNAL ,7,14,35.699999999999996
2,35653,VINTAGE BEAD NOTEBOOK,6,12,35.400000000000006
2,84429A,MEDIUM PINK BUDDHA HEAD ,5,12,35.400000000000006
2,85185B,PINK HORSE SOCK PUPPET KIT,4,12,35.400000000000006
2,90191,SILVER LARIAT 40CM,2,12,35.400000000000006
2,35933,PINK STOCKING CHRISTMAS DECORATION,7,93,35.34
2,35910A,MULTICOLOUR EASTER RABBIT ,3,18,35.099999999999994
2,84597C,RETRO PINK BALL ASHTRAY ,4,28,35.0
2,90210B,CLEAR ACRYLIC FACETED BANGLE,3,32,35.0
2,35818P,"ACRYLIC JEWEL ICICLE, PINK",8,92,34.96
2,85129C,BEADED CRYSTAL HEART BLUE SMALL,8,25,34.88
2,23196,RETO LEAVES MAGNETIC SHOPPING LIST,2,24,34.8
2,84549,CROCHET WHITE RABBIT KEYRING ,1,24,34.8
2,84531A,PINK KNITTED EGG COSY,9,65,34.71
2,23413,DECROTIVEVINTAGE COFFEE GRINDER BOX,3,7,34.650000000000006
2,46776B,WOVEN BERRIES CUSHION COVER ,4,7,34.650000000000006
2,90161C,ANT COPPER LIME BOUDICCA BRACELET,3,7,34.650000000000006
2,47591B,SCOTTIES CHILDRENS APRON,6,21,34.65
2,85130A,BEADED PEARL HEART WHITE LARGE,3,21,34.65
2,90081A,LILY BROOCH AMETHYST COLOUR,4,7,34.65
2,23047,PAPER LANTERN 5 POINT STUDDED STAR,3,6,34.5
2,20827,GOLD APERITIF GLASS,2,88,34.32
2,79063C,"RETRO PILL BOX KEY CHAIN,THE KING",7,185,34.15
2,21372,MIRRORED WALL ART TABLE LAMP,13,29,34.03
2,90120C,GREEN MURANO TWIST BRACELET,2,8,34.0
2,90200A,PURPLE SWEETHEART BRACELET,3,8,34.0
2,44236,PINK/PURPLE CIRCLE CURTAIN,4,43,33.970000000000006
2,21369,MIRRORED WALL ART SPLODGES,4,27,33.75
2,90003D,CRYSTAL PAIR HEART HAIR SLIDES,5,9,33.75
2,84801A,PINK HYDRANGEA ART FLOWER,2,16,33.6
2,35968,FOLK ART METAL HEART T-LIGHT HOLDER,10,94,33.38
2,23041,PAPER LANTERN 6 POINT SNOW STAR,2,8,33.2
2,21460,GREEN EASTER EGG HUNT START POST,5,17,33.15
2,72131,COLUMBIAN CANDLE RECTANGLE,4,17,33.15
2,72132,COLUMBIAN CUBE CANDLE,5,17,33.15
2,72709,IVORY SCULPTED RND CANDLE ,5,39,33.15
2,23015,CORDIAL GLASS JUG,7,4,33.0
2,23015,CORDIAL JUG,1,4,33.0
2,35001W,HAND OPEN SHAPE DECO.WHITE,4,12,32.940000000000005
2,84799,SPRIG LAVENDER ARTIFICIAL FLOWER,6,26,32.5
2,20848,ZINC HEART LATTICE CHARGER SMALL,4,11,32.45
2,71406C,BLACK ORANGE SQUEEZER,10,77,32.34
2,84927A,WAKE UP COCKEREL TILE HOOK,11,30,32.22
2,20661,BLUE POLKADOT PURSE ,4,8,32.12
2,21400,RED PUDDING SPOON,16,208,31.86
2,84631,FRUIT TREE AND BIRDS WALL PLAQUE,4,4,31.8
2,22987,WRAP SUMMER ROSE DESIGN,3,75,31.5
2,20774,GREEN FERN NOTEBOOK,8,19,31.349999999999998
2,84033,FLAG OF ST GEORGE ,5,19,31.349999999999998
2,21910,WAY OUT METAL SIGN ,3,19,31.349999999999994
2,90214K,"LETTER ""K"" BLING KEY RING",11,35,31.27
2,23442,12 HANGING EGGS HAND PAINTED,2,15,31.200000000000003
2,35637C,PINK STRING CURTAIN WITH POLE,4,16,31.2
2,47594B,SCOTTIES DESIGN WASHBAG,10,16,31.2
2,85202,HANGING WOOD AND FELT HEART,16,74,31.080000000000002
2,22937,BAKING MOULD CHOCOLATE CUP CAKES,2,12,30.599999999999998
2,22937,BAKING MOULD CUPCAKE CHOCOLATE,1,12,30.599999999999998
2,23148,MINITURE ANTIQUE ROSE HOOK IVORY,3,36,30.599999999999998
2,22416,SET OF 36 SPACEBOY PAPER DOILIES,5,21,30.45
2,22263,FELT EGG COSY LADYBIRD ,9,32,30.319999999999997
2,90204,PAIR OF ENAMEL BUTTERFLY HAIRCLIP,5,9,30.150000000000002
2,20657,TROPICAL LUGGAGE TAG,10,24,30.14
2,23250,ENAMEL BOWL PANTRY,2,24,30.0
2,23252,ENAMEL JUG PANTRY,2,8,30.0
2,23437,GIFT BAG LARGE 50'S CHRISTMAS,2,24,30.0
2,84466,TOP SECRET PEN SET,6,24,30.0
2,90210A,GREY ACRYLIC FACETED BANGLE,2,24,30.0
2,84616,SILVER ROCCOCO CHANDELIER,4,1,29.950000000000003
2,81950B,FLOWER BLUE CLOCK WITH SUCKER,5,103,29.869999999999997
2,84711A,SILVER OVAL SHAPE TRINKET BOX,2,3,29.849999999999998
2,90014B,GOLD M PEARL  ORBIT NECKLACE,2,3,29.849999999999998
2,20851,ZINC HEART LATTICE TRAY OVAL ,3,5,29.75
2,21366,MIRRORED WALL ART PHOTO FRAMES,3,7,29.75
2,90023,FILIGREE DIAMANTE EARRINGS,3,7,29.75
2,84661A,WHITE SQUARE TABLE CLOCK,3,19,29.74
2,23530,"WALL ART,ONLY ONE PERSON ",1,6,29.700000000000003
2,23537,I LOVE LONDON WALL ART,1,6,29.700000000000003
2,85008,SET OF 3 CONEY ISLAND OVAL BOXES,4,6,29.700000000000003
2,90019A,SILVER M.O.P ORBIT BRACELET,2,6,29.700000000000003
2,90122A,PINK CRYSTAL+GLASS BRACELET,1,6,29.700000000000003
2,90206C,CRYSTAL DIAMANTE STAR BROOCH,3,6,29.700000000000003
2,35922,EASTER BUNNY WREATH,2,6,29.7
2,21694,SMALL REGAL  SILVER CANDLEPOT ,2,10,29.500000000000004
2,84086B,YELLOW/BLUE RETRO RADIO,5,10,29.5
2,21750,LARGE SKULL WINDMILL,4,14,29.400000000000002
2,35911B,PINK/FLOWER RABBIT EGG WARMER ,3,14,29.400000000000002
2,84661B,BLACK SQUARE TABLE CLOCK,4,16,29.32
2,85006,SET 4 NURSERY DES ROUND BOXES,4,27,29.25
2,79030D,"TUMBLER, BAROQUE",2,36,29.159999999999997
2,84226,HEN HOUSE W FAMILY IN BARN & NEST,6,42,28.560000000000002
2,37479P,CUBIC MUG FLOCK PINK ON BROWN,10,73,28.47
2,20934,SET/3 POT PLANT CANDLES,4,5,28.25
2,22602,CHRISTMAS RETROSPOT HEART WOOD,5,33,28.049999999999997
2,81952V,ROUND PURPLE CLOCK WITH SUCKER,10,147,27.93
2,90160D,PINK BOUDICCA LARGE BRACELET,2,4,27.8
2,78124,MAGAZINE RACK GEBRA ASSORTED ,4,15,27.75
2,47348A,FUSCHIA VOILE POINTY SHOE DEC,9,43,27.689999999999998
2,47341A,FUSCHIA TABLE RUN FLOWER ,2,22,27.5
2,47341B,BLUE TABLE RUN FLOWER,4,22,27.5
2,85216,ASSORTED CAKES FRIDGE MAGNETS,6,42,27.300000000000004
2,90209C,PINK ENAMEL+GLASS HAIR COMB,5,13,27.300000000000004
2,85103,SILVER T-LIGHT SETTING,4,4,27.0
2,90164A,PINK ROSEBUD PEARL BRACELET,2,8,26.7
2,21614,SET OF 12 ROSE BOTANICAL T-LIGHTS,3,9,26.550000000000004
2,90162D,ANT SILVER PURPLE BOUDICCA RING,4,9,26.550000000000004
2,20796,SMALL BLUE PROVENCAL CERAMIC BALL,2,16,26.4
2,84539,KNITTED RABBIT DOLL ,1,16,26.4
2,21486,PINK HEART DOTS HOT WATER BOTTLE,3,7,26.25
2,84748,FOLK FELT HANGING MULTICOL GARLAND,3,7,26.25
2,84870B,BLUE GEISHA GIRL ,4,7,26.25
2,84870C,GREEN GEISHA GIRL ,4,7,26.25
2,85096,HILDA CANDY SPOT RABBIT,3,7,26.25
2,84985A,SET OF 72 GREEN PAPER DOILIES,8,18,26.099999999999998
2,79063D,"RETRO PILL BOX , REVOLUTIONARY",4,140,25.6
2,84859B,BLUE DISCO HANDBAG,6,12,25.58
2,21002,ROSE DU SUD DRAWSTRING BAG,2,6,25.5
2,22184,CAKE STAND VICTORIAN FILIGREE LARGE,3,3,25.5
2,84688,BEACH HUT DESIGN BLACKBOARD,6,6,25.5
2,90016B,GOLD/M.O.P PENDANT ORBIT NECKLACE,3,3,25.5
2,90151,SILVER/NATURAL SHELL NECKLACE,2,3,25.5
2,84575A,PINK DOG CANNISTER,3,11,25.45
2,21003,ROSE DU SUD CUSHION COVER,3,4,25.4
2,84535A,ENGLISH ROSE NOTEBOOK A6 SIZE,10,39,25.35
2,21307,SET/4 BUTTERFLY MIRROR MAGNETS,9,62,25.22
2,17007B,S/3 POT POURI CUSHIONS BLUE COLOURS,1,12,25.200000000000003
2,16161G,WRAP BAD HAIR DAY,8,250,25.0
2,21811,CHRISTMAS HANGING HEART WITH BELL,4,20,25.0
2,23065,LARGE JEWELLERY STAND,1,2,25.0
2,23214,BELL HEART ANTIQUE GOLD,1,12,24.96
2,23045,PAPER LANTERN 5 POINT STAR MOON 30,3,6,24.900000000000002
2,84751B,BLACK MEDIUM GLASS CAKE STAND,5,9,24.87
2,23465,TUSCAN VILLA BIRD FEEDER,2,3,24.75
2,23465,TUSCAN VILLA FEEDING STATION,2,3,24.75
2,46776F,WOVEN ROSE GARDEN CUSHION COVER ,4,5,24.75
2,84854,GIRLY PINK TOOL SET,1,5,24.75
2,90161D,ANT COPPER PINK BOUDICCA BRACELET,2,5,24.75
2,90087,CRYSTAL SEA HORSE PHONE CHARM,7,42,24.54
2,84927D,LA PALMIERA TILE HOOK,10,36,24.3
2,85215,ASSORTED CHEESE FRIDGE MAGNETS,4,37,24.050000000000004
2,23702,High Resolution Image,2,2,24.0
2,90030A,SPOTTED WHITE NATURAL SEED NECKLACE,4,24,24.0
2,23151,ZINC SWEETHEART SOAP DISH,7,13,23.87
2,90036D,"FLOWER GLASS GARLAND NECKL.36""BLACK",1,3,23.85
2,37423,WHITE WITH BLACK CATS PLATE,2,54,23.82
2,22125,UNION JACK HOT WATER BOTTLE ,1,4,23.8
2,23539,"WALL ART , LOVES' SECRET ",1,4,23.8
2,37468,HARDMAN MUG 3 ASSORTED,10,61,23.79
2,84192,ASSORTED COLOUR METAL CAT ,5,19,23.75
2,84715,SET OF 6 ICE CREAM SKITTLES,1,8,23.6
2,85185D,FROG SOCK PUPPET,3,8,23.6
2,90214E,"LETTER ""E"" BLING KEY RING",6,28,23.48
2,47469,ASSORTED SHAPES PHOTO CLIP SILVER ,4,36,23.400000000000002
2,22246,"GARLAND, MAGIC GARDEN 1.8M",1,12,23.4
2,23244,CANNISTER VINTAGE LEAF DESIGN,2,12,23.4
2,35910B,PINK FLOWERS RABBIT EASTER,2,12,23.4
2,84741C,CITRUS GARLAND FELT FLOWERS ,2,12,23.4
2,90164B,WHITE  ROSEBUD PEARL BRACELET,2,12,23.4
2,20662,FIRST CLASS HOLIDAY PURSE ,4,5,23.27
2,20868,SILVER FABRIC MIRROR,9,52,23.21
2,21011,GLITTER SNOW PEAR TREE DECORATION,1,16,23.2
2,23106,ZINC PLANT POT HOLDER,1,8,23.12
2,23484,HEART TRELLISTRIPLE T-LIGHT HOLDER,1,8,23.12
2,90030C,BROWN KUKUI COCONUT SEED NECKLACE,4,23,23.0
2,21281,VINTAGE KITCHEN PRINT SEAFOOD,2,9,22.95
2,84457,SET/3 RABBITS FLOWER SKIPPPING ROPE,7,27,22.95
2,84925D,LA PALMIERA WALL THERMOMETER,5,9,22.95
2,23574,PACKING CHARGE,5,3,22.5
2,84842,HELLO SAILOR BATHROOM SET,4,6,22.5
2,84921,CREAM AND PINK FLOWERS PONY ,1,6,22.5
2,85160B,BLACK BIRD GARDEN DESIGN MUG,5,44,22.32
2,90214D,"LETTER ""D"" BLING KEY RING",6,27,22.23
2,90214L,"LETTER ""L"" BLING KEY RING",4,27,22.23
2,90214S,"LETTER ""S"" BLING KEY RING",4,27,22.23
2,37444A,YELLOW BREAKFAST CUP AND SAUCER,10,24,22.160000000000004
2,84725,FREESTYLE CANVAS ART PICTURE,7,27,22.05
2,21814,HEART T-LIGHT HOLDER ,4,15,21.75
2,22949,SET OF 36 DOLLY GIRL PAPER DOILIES,4,15,21.749999999999996
2,84387A,BIRD ON BRANCH CANVAS SCREEN,1,11,21.45
2,84874B,BLUE TRAVEL FIRST AID KIT,4,13,21.45
2,47594A,CAROUSEL DESIGN WASHBAG,7,11,21.449999999999996
2,20759,CHRYSANTHEMUM POCKET BOOK ,9,25,21.25
2,84534B,FAIRY CAKE NOTEBOOK A5 SIZE,2,25,21.25
2,90198B,VINTAGE ROSE BEAD BRACELET BLACK,2,5,21.25
2,79144B,PAINTED LIGHTBULB STAR+ MOON,5,56,21.119999999999997
2,84846A,SCENTED CANDLE IN DIGITALIS TIN,4,10,21.000000000000004
2,16156L,"WRAP, CAROUSEL",2,50,21.0
2,23231,WRAP  VINTAGE DOILEY ,1,50,21.0
2,23692,WRAP A PRETTY THANK YOU,2,50,21.0
2,23366,SET 12 COLOUR PENCILS DOILEY,2,32,20.8
2,23388,WOODLAND MINI RUCKSACK ,2,5,20.75
2,23389,SPACEBOY MINI RUCKSACK,2,5,20.75
2,20933,YELLOW POT PLANT CANDLE,3,7,20.650000000000002
2,21250,SET OF SKULL WALL STICKERS,6,7,20.650000000000002
2,90177D,DROP DIAMANTE EARRINGS PURPLE,4,7,20.650000000000002
2,79071B,ENGLISH ROSE METAL WASTE BIN,3,7,20.65
2,90086,CRYSTAL FROG PHONE CHARM,8,13,20.409999999999997
2,35916C,PINK FELT HANGING HEART W FLOWER,2,24,20.4
2,44228,CANNABIS LEAF BEAD CURTAIN,1,24,20.4
2,47586A,PINK FAIRY CAKE CUSHION COVER,3,8,20.4
2,85086A,CANDY SPOT HEART DECORATION,4,24,20.4
2,85188B,PINK METAL SWINGING BUNNY,4,24,20.4
2,90099,NECKLACE+BRACELET SET BLUE HIBISCUS,5,8,20.4
2,90101,WHITE FRANGIPANI NECKLACE,4,8,20.4
2,90103,PURPLE FRANGIPANI NECKLACE,2,8,20.4
2,21031,SPACE CADET BLACK,4,15,19.96
2,90049,IVORY GOLD METAL BAG CHARM,2,2,19.92
2,21344,MOROCCAN BEATEN METAL DISH,3,2,19.9
2,84711B,PINK OVAL SHAPE TRINKET BOX,1,2,19.9
2,90014C,SILVER/BLACK ORBIT NECKLACE,1,2,19.9
2,90180B,PURPLE AMETHYST NECKLACE W TASSEL,2,2,19.9
2,46776A,WOVEN BUBBLE GUM CUSHION COVER,3,4,19.8
2,46776D,WOVEN SUNSET CUSHION COVER ,1,4,19.8
2,46776E,WOVEN CANDY CUSHION COVER ,2,4,19.8
2,84905,PINK BUTTERFLY CUSHION COVER ,1,4,19.8
2,90073,VINTAGE ENAMEL & CRYSTAL EARRINGS,2,4,19.8
2,90081C,LILY BROOCH OLIVE COLOUR,3,4,19.8
2,23029,DOORKNOB CRACKED GLAZE GREEN,2,12,19.799999999999997
2,23031,DOORKNOB CRACKED GLAZE PINK,2,12,19.799999999999997
2,23249,ENAMEL DINNER PLATE PANTRY,1,12,19.799999999999997
2,23325,RUSTIC STRAWBERRY JAMPOT SMALL,1,12,19.799999999999997
2,75013B,"STRING OF 8 BUTTERFLIES,PINK",3,12,19.799999999999997
2,17109D,FLOWER FAIRY INCENSE BOUQUET,2,52,19.759999999999998
2,23467,VINTAGE ZINC PLANTER  ,1,6,19.740000000000002
2,16046,TEATIME PEN CASE & PENS,5,23,19.549999999999997
2,84906,PINK BUTTERFLY CUSHION COVER,4,10,19.5
2,17090D,VANILLA INCENSE 40 CONES IN TIN,8,15,18.75
2,21413,PERIWINKLE T-LIGHT HOLDER,6,15,18.75
2,90003C,MIDNIGHT BLUE PAIR HEART HAIR SLIDE,4,5,18.75
2,90214M,"LETTER ""M"" BLING KEY RING",4,15,18.75
2,23380,PACK OF 12 DOILEY TISSUES,1,48,18.72
2,79191B,RETRO PLASTIC POLKA TRAY,11,22,18.7
2,79144C,PAINTED LIGHTBULB RAINBOW DESIGN,3,50,18.599999999999998
2,10120,DOGGY RUBBER,11,87,18.27
2,47344B,BLUE FLOWER DES PURSE,2,22,18.259999999999998
2,35816P,"ACRYLIC JEWEL ANGEL,PINK",1,48,18.240000000000002
2,85206B,PINK FELT EASTER EGG BASKET,2,11,18.15
2,90031,BILI NUT AND WOOD NECKLACE,3,18,18.0
2,20869,GOLD FABRIC MIRROR,5,46,17.94
2,23079, TOADSTOOL BEDSIDE LIGHT ,1,2,17.9
2,90010A,MIDNIGHT BLUE GLASS/SILVER BRACELET,1,2,17.9
2,90184B,AMETHYST CHUNKY BEAD BRACELET W STR,2,2,17.9
2,90184C,BLACK CHUNKY BEAD BRACELET W STRAP,2,2,17.9
2,84709B,PINK OVAL JEWELLED MIRROR,2,3,17.85
2,90152A,SILVER/NAT SHELL NECKLACE W PENDANT,3,3,17.85
2,90211A,DIAMOND LAS VEGAS NECKLACE 45CM,2,3,17.85
2,20760,GARDEN PATH POCKET BOOK,7,21,17.849999999999998
2,90114,SUMMER DAISIES BAG CHARM,2,7,17.849999999999998
2,71510,SQUARE METAL CANDLEHOLDER BASE,5,30,17.82
2,35909B,PINK FLOWERS RABBIT EASTER,1,6,17.700000000000003
2,90202D,PINK ENAMEL FLOWER HAIR TIE,3,6,17.700000000000003
2,20898,VINTAGE NOTEBOOK TRAVELOGUE,2,6,17.7
2,22289,HANGING METAL CHICKEN DECORATION,4,14,17.5
2,20670,VIP HOLIDAY PURSE,3,4,17.48
2,23306,SET OF 36 PANTRY PAPER DOILIES,4,11,17.42
2,23196,LEAVES MAGNETIC  SHOPPING LIST,1,12,17.4
2,37487B,YELLOW/ORANGE FLOWER DESIGN PLATE,1,60,17.4
2,84760S,SMALL HANGING GLASS+ZINC LANTERN,1,12,17.4
2,22963,JAM JAR WITH BLUE LID,1,24,17.28
2,71495A,CD WALL TIDY BLUE OFFICE,1,48,17.28
2,23342,MINT DINER CLOCK,1,2,17.0
2,90024B,NEW BAROQUE B'FLY NECKLACE RED,3,2,17.0
2,90063A,WHITE VINT ART DECO CRYSTAL NECKLAC,1,2,17.0
2,90063B,BLACK VINT ART DEC CRYSTAL NECKLACE,1,2,17.0
2,90120B,BLUE MURANO TWIST BRACELET,1,4,17.0
2,84873A,FUNKY FLOWER PICNIC BAG FOR 4,1,1,16.95
2,84686,BEACH HUT MIRROR,3,17,16.89
2,72134,COLUMBIAN  CUBE CANDLE ,2,38,16.82
2,84927E,FLOWERS TILE HOOK,6,21,16.740000000000002
2,75131,METAL TUBE CHIME ON BAMBOO,2,13,16.69
2,23390,DOLLY GIRL MINI RUCKSACK,1,4,16.6
2,20778,GARDEN PATH NOTEBOOK ,6,10,16.5
2,46138B,BLUE CHENILLE SHAGGY CUSHION COVER ,8,14,16.3
2,20941,FROG CANDLE,7,13,16.25
2,23502,PLAYING CARDS VINTAGE DOILEY ,2,13,16.25
2,35972,DAISY FOLKART HEART DECORATION,5,13,16.25
2,22407,MONEY BOX FIRST AID DESIGN,6,12,16.21
2,21018,BIRD BOX CHRISTMAS TREE DECORATION,2,19,16.15
2,79403,FROSTED WHITE BASE ,5,19,16.15
2,84824,DANISH ROSE UMBRELLA STAND,1,1,15.95
2,90036A,FLOWER GARLAND NECKLACE RED,2,2,15.9
2,17084P,DRAGONS BLOOD INCENSE,3,75,15.75
2,85198,ASSORTED FARMYARD ANIMALS IN BUCKET,1,24,15.36
2,84907,PINK YELLOW PATCH CUSHION COVER,1,2,15.3
2,17012E,ORIGAMI OPIUM INCENSE/CANDLE SET ,1,6,15.299999999999999
2,20699,MOUSEY LONG LEGS SOFT TOY,1,6,15.299999999999999
2,20756,GREEN FERN POCKET BOOK,6,18,15.299999999999999
2,22932,BAKING MOULD TOFFEE CUP  CHOCOLATE,1,6,15.299999999999999
2,90037B,TINY CRYSTAL BRACELET GREEN,1,6,15.299999999999999
2,84247L,FAWN AND MUSHROOM GREETING CARD,3,36,15.120000000000001
2,23251,ENAMEL MUG PANTRY,1,12,15.0
2,23396,BUTTERFLY CUSHION COVER,1,4,15.0
2,23449,SET OF 6 EASTER RAINBOW CHICKS,1,12,15.0
2,84705C,PINK FLOCK PHOTO FRAME ,1,12,15.0
2,84877A,PINK ROUND COMPACT MIRROR,1,12,15.0
2,85049B,LUSH GREENS RIBBONS,4,12,15.0
2,90003E,GREEN PAIR HEART HAIR SLIDES,3,4,15.0
2,90069,RUBY GLASS CLUSTER NECKLACE,1,2,15.0
2,90078,PINK/WHITE GLASS DEMI CHOKER,1,2,15.0
2,90176B,DIAMANTE NECKLACE BLACK ,1,2,15.0
2,90214I,"LETTER ""I"" BLING KEY RING",1,12,15.0
2,23068,ALUMINIUM HEART,1,6,14.940000000000001
2,23281,FOLDING MIRROR RED  ,2,18,14.939999999999998
2,23282,FOLDING MIRROR IVORY ,2,18,14.939999999999998
2,85031A,ROMANTIC IMAGES SCRAP BOOK SET,2,3,14.850000000000001
2,90133,TEAL/FUSCHIA COL BEAD NECKLACE,1,3,14.850000000000001
2,90141A,GREEN PENDANT TRIPLE SHELL NECKLACE,1,3,14.850000000000001
2,90141B,IVORY PENDANT TRIPLE SHELL NECKLACE,1,3,14.850000000000001
2,90141C,TURQ PENDANT TRIPLE SHELL NECKLACE,1,3,14.850000000000001
2,90141D,ROSE PENDANT TRIPLE SHELL NECKLACE,1,3,14.850000000000001
2,90141E,ORANGE PENDANT TRIPLE SHELL NECKLAC,1,3,14.850000000000001
2,90158,ST TROPEZ NECKLACE,1,3,14.850000000000001
2,90161A,ANT COPPER RED BOUDICCA BRACELET,2,3,14.850000000000001
2,90206A,GOLD DIAMANTE STAR BROOCH,2,3,14.850000000000001
2,20775,DAISY NOTEBOOK ,4,9,14.849999999999998
2,47369A,PINK GREEN EMBROIDERY COSMETIC BAG,4,5,14.75
2,84706F,RED PEONY TABLE CLOCK,3,5,14.75
2,16202B,PASTEL BLUE PHOTO ALBUM ,2,29,14.5
2,21089,SET/6 GREEN SPRING PAPER CUPS,9,71,14.41
2,21040,MODERN VINTAGE COTTON SHOPPING BAG,3,9,14.149999999999999
2,84613A,PINK NEW BAROQUE FLOCK CANDLESTICK,1,3,13.950000000000001
2,90214J,"LETTER ""J"" BLING KEY RING",4,11,13.75
2,90058A,CRYSTAL STUD EARRINGS CLEAR DISPLAY,2,36,13.68
2,37491C,GREEN/BLUE CERAMIC CANDLE HOLDER,1,8,13.2
2,90205A,LARGE MINT DIAMANTE HAIRSLIDE,2,8,13.2
2,37479B,CUBIC MUG FLOCK BLUE ON BROWN,5,33,12.87
2,84617,NEW BAROQUE BLACK BOXES,1,1,12.75
2,84968B,SET OF 16 VINTAGE IVORY CUTLERY,1,1,12.75
2,85106,CUT GLASS HEXAGON T-LIGHT HOLDER,1,5,12.75
2,90018C,SILVER BLACK ORBIT DROP EARRINGS,3,3,12.75
2,90076,MONTANA DIAMOND CLUSTER EARRINGS,2,5,12.75
2,90185D,CRYSTAL DIAMANTE EXPANDABLE RING,1,3,12.75
2,90196B,BLACK GEMSTONE NECKLACE 45CM,1,1,12.75
2,90082D,DIAMANTE BOW BROOCH BLACK COLOUR,2,2,12.7
2,90199A,5 STRAND GLASS NECKLACE BLACK,1,2,12.7
2,90199B,5 STRAND GLASS NECKLACE AMETHYST,1,2,12.7
2,90199C,5 STRAND GLASS NECKLACE CRYSTAL,1,2,12.7
2,20795,LARGE BLUE PROVENCAL CERAMIC BALL,1,6,12.600000000000001
2,84809A,WHITE CHRYSANTHEMUMS ART FLOWER,1,6,12.600000000000001
2,90209B,GREEN ENAMEL+GLASS HAIR COMB,3,6,12.600000000000001
2,20818,GOLD TEDDY BEAR,1,10,12.5
2,21357,TOAST ITS - DINOSAUR,4,10,12.5
2,23043,PAPER LANTERN 9 POINT HOLLY STAR 40,1,2,12.5
2,23071,MARIE ANTOIENETT TRINKET BOX GOLD,1,1,12.5
2,35833P,4 PINK FLOCK CHRISTMAS BALLS,6,10,12.5
2,84910A,PINK PAISLEY CUSHION COVER ,1,2,11.9
2,90123B,TURQUOISE HEART OF GLASS BRACELET,1,2,11.9
2,90123C,GREEN HEART OF GLASS BRACELET,1,2,11.9
2,90179A,AMBER FINE BEAD NECKLACE W TASSEL,1,2,11.9
2,90211B,JET BLACK LAS VEGAS NECKLACE 45CM,1,2,11.9
2,21488,RED WHITE SCARF  HOT WATER BOTTLE,2,3,11.850000000000001
2,85017C,ENVELOPE 50 CURIOUS IMAGES,5,22,11.82
2,22164,STRING OF STARS CARD HOLDER,2,4,11.8
2,37444B,BLUE BREAKFAST CUP AND SAUCER ,3,4,11.8
2,84247N,PACK/12 BLUE FOLKART CARDS,4,4,11.8
2,84465,15 PINK FLUFFY CHICKS IN BOX,3,4,11.8
2,84675,FROG KING WATERING CAN,1,4,11.8
2,84804A,CREAM DELPHINIUM ARTIFICIAL FLOWER,1,4,11.8
2,90129A,PINK GLASS TASSLE BAG CHARM ,2,4,11.8
2,84522,PINK PARTY SUNGLASSES,1,6,11.7
2,20663,QUEEN OF THE SKIES HOLIDAY PURSE ,3,3,11.690000000000001
2,47369B,BLUE GREEN EMBROIDERY COSMETIC BAG,3,3,11.690000000000001
2,90214G,"LETTER ""G"" BLING KEY RING",5,10,11.54
2,90214H,"LETTER ""H"" BLING KEY RING",5,10,11.54
2,90083,CRYSTAL CZECH CROSS PHONE CHARM,3,7,11.41
2,84251G,"GREETING CARD, OVERCROWDED POOL.",5,60,11.400000000000002
2,23145,ZINC T-LIGHT HOLDER STARS LARGE,1,12,11.399999999999999
2,44235,ASSORTED COLOURED CIRCLE MOBILE ,3,27,11.34
2,79062D,"RETRO TIN ASHTRAY,REVOLUTIONARY",2,24,11.280000000000001
2,20980,36 PENCILS TUBE POSY,4,9,11.25
2,84746,PINK EASTER HENS+FLOWER,1,3,11.25
2,90002D,FLOWER BURST SILVER RING CRYSTAL,2,3,11.25
2,90022,EDWARDIAN DROP EARRINGS JET BLACK,4,3,11.25
2,90144,SILVER DROP EARRINGS WITH FLOWER,2,3,11.25
2,16161M,WRAP  PINK FLOCK,1,25,10.5
2,16169P,WRAP GREEN RUSSIAN FOLKART ,1,25,10.5
2,84673A,PINK FLY SWAT,9,16,10.4
2,85023B,EAU DE NILE JEWELLED PHOTOFRAME,7,4,10.20000000000001
2,85018D,YULETIDE IMAGES S/6 PAPER BOXES,4,4,10.2
2,90125B,AQUA BERTIE GLASS BEAD BAG CHARM,1,12,10.2
2,84803B,WHITE ALLIUM  ARTIFICIAL FLOWER,1,6,10.14
2,20671,BLUE TEATIME PRINT BOWL ,1,8,10.0
2,90043,COPPER AND BRASS BAG CHARM,1,1,9.96
2,20820,SILVER LOOKING MIRROR,1,2,9.9
2,21757,LIGHTHOUSE PRINTED METAL SIGN,1,2,9.9
2,46776C,WOVEN FROST CUSHION COVER,1,2,9.9
2,90156,RESIN BRACELET W PASTEL BEADS,1,2,9.9
2,35819P,"ACRYLIC HANGING JEWEL,PINK",3,26,9.879999999999999
2,78034B,BLUE NETTING STORAGE HANGER,3,5,9.75
2,85028S,FRENCH CHATEAU SMALL FRUITBOWL,3,5,9.75
2,44242A,LILAC FEATHERS CURTAIN,1,12,9.48
2,84199,GLOW IN DARK DOLPHINS,11,45,9.45
2,79026B,"S/4 ICON COASTER,ELVIS LIVES",8,24,9.36
2,35913B,WHITE/PINK CHICK EASTER DECORATION,4,11,9.35
2,84251B,"GREETING CARD, STICKY GORDON",6,48,9.120000000000001
2,47503H,ASS FLORAL PRINT SPIRIT LEVEL ,6,10,9.06
2,90175A,WHITE GLASS CHUNKY CHARM BRACELET,1,1,8.95
2,90181A,AMBER GLASS/SHELL/PEARL NECKLACE,1,1,8.95
2,90184A,AMBER CHUNKY BEAD BRACELET W STRAP,1,1,8.95
2,16043,POP ART PUSH DOWN RUBBER ,1,74,8.879999999999999
2,35598A,DUSTY PINK CHRISTMAS TREE 60CM,1,3,8.850000000000001
2,90129B,TURQUOISE GLASS TASSLE BAG CHARM ,1,3,8.850000000000001
2,90129C,GREEN GLASS TASSLE BAG CHARM,1,3,8.850000000000001
2,90190C,SILVER/AMETHYST DROP EARRINGS LEAF,2,3,8.850000000000001
2,16162M,THE KING GIFT BAG 25x24x12cm,5,21,8.82
2,72133,COLUMBIAN CANDLE RECTANGLE,2,7,8.75
2,84462,3 PINK HEN+CHICKS IN BASKET,4,7,8.75
2,18007,ESSENTIAL BALM 3.5g TIN IN ENVELOPE,2,48,8.64
2,37488A,YELLOW PINK FLOWER DESIGN BIG BOWL,1,22,8.58
2,20695,FLORAL BLUE MONSTER,1,2,8.5
2,35958,FOLKART ZINC STAR CHRISTMAS DEC,2,10,8.5
2,84840,SWEETHEART CARRY-ALL BASKET,1,1,8.5
2,84922,PINK BUTTERFLY WASHBAG,1,2,8.5
2,90001B,ANTIQUE MID BLUE FLOWER EARRINGS,1,2,8.5
2,90001D,ANTIQUE OLIVE GREEN FLOWER EARRINGS,1,2,8.5
2,90018B,GOLD M.O.P ORBIT DROP EARRINGS,1,2,8.5
2,90026D,GLASS BEAD HOOP NECKLACE AMETHYST,1,1,8.5
2,90167,BEADED LOVE HEART JEWELLERY SET,1,10,8.5
2,90185C,BLACK DIAMANTE EXPANDABLE RING,4,2,8.5
2,90194,SILVER LARIAT BLACK STONE EARRINGS,2,2,8.5
2,16162L,THE KING GIFT BAG,4,13,8.45
2,82605,OLD DOC RUSSEL METAL SIGN,1,4,8.4
2,47593A,CAROUSEL PONIES BABY BIB,7,22,8.299999999999999
2,21418,STARFISH SOAP DISH,3,6,8.26
2,20857,BLUE ROSE PATCH PURSE PINK BUTTERFL,2,5,8.25
2,23038,T-LIGHT HOLDER SILVER SAUCER,3,5,8.149999999999999
2,84562A,PINK/WHITE RIBBED MELAMINE JUG,1,1,7.95
2,85136B,BLUE SHARK HELICOPTER,1,1,7.95
2,90094,NECKLACE+BRACELET SET FRUIT SALAD ,3,3,7.6499999999999995
2,90096,NECKLACE+BRACELET SET BLUE BLOSSOM,2,3,7.6499999999999995
2,90098,NECKLACE+BRACELET PINK BUTTERFLY,5,3,7.6499999999999995
2,90174,BUTTERFLY HAIR BAND,3,3,7.649999999999999
2,21416,CLAM SHELL LARGE,1,2,7.5
2,21836,GINGHAM OVEN GLOVE RED HEART ,1,2,7.5
2,37379A,PINK CHERRY BLOSSOM CUP & SAUCER,1,6,7.5
2,72369A,PINK CLEAR GLASS CANDLE PLATE,1,6,7.5
2,84415A,PINK FLOCK SUEDE CUSHION COVER ,1,6,7.5
2,84415B,BLUE FLOCK CUSHION COVER ,1,2,7.5
2,90013C,GREEN VINTAGE EARRINGS ,1,2,7.5
2,90176A,CLASSIC DIAMANTE NECKLACE JET,2,1,7.5
2,90176D,DIAMANTE NECKLACE PURPLE,2,1,7.5
2,90189A,SILVER 2 STRAND NECKLACE-LEAF CHARM,1,1,7.5
2,90214P,"LETTER ""P"" BLING KEY RING",4,15,7.2299999999999995
2,84993B,75 BLACK PETIT FOUR CASES,5,17,7.14
2,79051A,SMOKEY GREY COLOUR GLASS,1,24,6.959999999999999
2,37444C,PINK BREAKFAST CUP AND SAUCER ,5,11,6.85
2,37467,PIG MUG IN TWO COLOUR DESIGNS,1,8,6.8
2,21349,IVY HEART WREATH,1,1,6.75
2,90065A,WHITE VINTAGE CRYSTAL BRACELET,1,1,6.75
2,20678,LARGE BLACK DIAMANTE HAIRSLIDE,1,4,6.6
2,37491B,BLUE/YELLOW CERAMIC CANDLE HOLDER,1,4,6.6
2,72798C,SET/4 GARDEN ROSE DINNER CANDLE,1,4,6.6
2,72821,CUPID SCENTED CANDLE IN GLASS,1,4,6.6
2,90205C,LARGE CRYSTAL DIAMANTE HAIRSLIDE,1,4,6.6
2,90214N,"LETTER ""N"" BLING KEY RING",4,6,6.54
2,20901,VINTAGE KEEPSAKE BOX PINK FLOWER,3,1,6.35
2,84881,BLUE WIRE SPIRAL CANDLE HOLDER,2,1,6.35
2,16206B,RED PURSE WITH PINK HEART,1,5,6.25
2,21827,EIGHT PIECE CREEPY CRAWLIE SET,2,5,6.25
2,84510E,SET OF 4 GREEN CAROUSEL COASTERS,3,5,6.25
2,84877D,BLUE ROUND COMPACT MIRROR,2,5,6.25
2,21392,RED POLKADOT PUDDING BOWL,2,16,6.24
2,81952B,ROUND BLUE CLOCK WITH SUCKER,4,32,6.08
2,84989A,75 GREEN FAIRY CAKE CASES,7,11,6.050000000000001
2,21661,VINTAGE GLASS TEA CADDY,1,1,5.95
2,85084,HOLLY TOP CHRISTMAS STOCKING,2,7,5.95
2,90000A,RASPBERRY ANT COPPER FLOWER NECKLAC,1,1,5.95
2,90000D,COPPER/OLIVE GREEN FLOWER NECKLACE,1,1,5.95
2,90152C,BLUE/NAT SHELL NECKLACE W PENDANT,1,1,5.95
2,71050,SMALL SINGLE FLAME CANDLE HOLDER,2,17,5.949999999999999
2,84499,BLACK FLOWER CANDLE PLATE,2,7,5.949999999999999
2,20897,VINTAGE NOTEBOOK PARIS DAYS,1,2,5.9
2,84247K,"FOLK ART GREETING CARD,pack/12",2,2,5.9
2,90130B,TURQ STONE/CRYSTAL EARRINGS,1,2,5.9
2,90186B,CRYSTAL HOOP EARRING FLORAL LEAF,1,2,5.9
2,21816,CHRISTMAS TREE T-LIGHT HOLDER,2,4,5.8
2,35966,FOLKART CHRISTMAS TREE T-LIGHT HOLD,1,15,5.7
2,44089C,LILAC GAUZE BUTTERFLY LAMPSHADE,3,13,5.46
2,21839,MUMMY MOUSE RED GINGHAM RIBBON,1,1,5.45
2,35004P,SET OF 3 PINK FLYING DUCKS,1,1,5.45
2,81953P,ROUND ARTICULATED PINK CLOCK W/SUCK,3,28,5.32
2,79406,FROSTED WHITE BASE ,1,24,5.28
2,17084A,TRANQUILITY MASALA INCENSE,1,25,5.25
2,17084J,LOVE POTION MASALA INCENSE,1,25,5.25
2,16020C,CLEAR STATIONERY BOX SET ,2,6,5.1
2,20964,POLYESTER FILLER PAD 60x40cm,1,2,5.1
2,22597,CHRISTMAS MUSICAL ZINC HEART ,1,6,5.1
2,90033,IVORY SHELL HEART EARRINGS,1,2,5.1
2,16254,TRANSPARENT ACRYLIC TAPE DISPENSER,4,4,4.96
2,20821,GOLDIE LOOKING MIRROR,1,1,4.95
2,21847,GREEN  DIAMANTE PEN IN GIFT BOX,1,1,4.95
2,35650,VINTAGE BEAD PINK JEWEL STAND,1,1,4.95
2,20653,CHERRY BLOSSOM LUGGAGE TAG,2,2,4.92
2,35649,VINTAGE BEAD COSMETIC BAG ,2,2,4.92
2,35607B,BLACK FEATHER CHRISTMAS DECORATION,2,25,4.750000000000001
2,21393,BLUE POLKADOT PUDDING BOWL,2,12,4.68
2,35817P,PINK ACRYLIC JEWEL SNOWFLAKE,1,12,4.5600000000000005
2,79331,PINK FLOCK GLASS CANDLEHOLDER,1,12,4.5600000000000005
2,84251C,"GREETING CARD, TWO SISTERS.",2,24,4.5600000000000005
2,22199,FRYING PAN RED POLKADOT ,1,1,4.25
2,44092C,PURPLE/COPPER HANGING LAMPSHADE,3,5,4.25
2,47574B,ENGLISH ROSE SCENTED HANGING HEART,1,1,4.25
2,72140E,BEST DAD CANDLE LETTERS,2,5,4.25
2,90120D,WHITE MURANO TWIST BRACELET,1,1,4.25
2,47016,LIGHT DECORATION BATTERY OPERATED,1,2,4.2
2,85195,HANGING HEART BASKET,1,2,4.2
2,90209A,PURPLE ENAMEL+GLASS HAIR COMB,3,2,4.199999999999999
2,23391, I LOVE LONDON MINI RUCKSACK,1,1,4.15
2,90093,CLEAR CRYSTAL STAR PHONE CHARM,3,3,4.109999999999999
2,75172,PAINTED SEA SHELL METAL WINDCHIME,1,5,3.95
2,37489A,YELLOW/PINK FLOWER DESIGN BIG MUG,3,10,3.9000000000000004
2,37489B,BLUE/YELLOW FLOWER DESIGN BIG MUG,3,10,3.9000000000000004
2,37489C,GREEN/BLUE FLOWER DESIGN BIG MUG,3,10,3.9000000000000004
2,37489D,PINK/GREEN FLOWER DESIGN BIG MUG,3,10,3.9000000000000004
2,84388,WISE MAN STAR SHAPE EGG PAN,1,10,3.9000000000000004
2,35265,COLOURFUL FLOWER FRUIT BOWL,2,2,3.9
2,85028L,FRENCH CHATEAU LARGE FRUIT BOWL ,1,2,3.9
2,81950V,FLOWER PURPLE CLOCK WITH SUCKER,2,13,3.7699999999999996
2,20700,GREEN CAT FLORAL CUSHION COVER ,1,1,3.75
2,21689,SILVER VANILLA  FLOWER CANDLE POT,1,1,3.75
2,23402,HOME SWEEET HOME 3 PEG HANGER ,1,1,3.75
2,90003B,ROSE COLOUR PAIR HEART HAIR SLIDES,3,1,3.75
2,79191D,RETRO PLASTIC DAISY TRAY,2,4,3.4
2,90116,FRUIT SALAD BAG CHARM,1,2,3.38
2,10124A,SPOTS ON RED BOOKCOVER TAPE,2,8,3.36
2,10124G,ARMY CAMO BOOKCOVER TAPE,2,8,3.36
2,62097B,BLUE STRIPES SHOULDER BAG,2,4,3.32
2,37491D,PURPLE/BLUE CERAMIC CANDLE HOLDER,1,2,3.3
2,85024C,PINK SMALL JEWELLED PHOTOFRAME,3,2,3.3
2,47420,ASSORTED COLOUR SUCTION CUP HOOK,2,17,3.23
2,15030,FAN BLACK FRAME ,3,11,3.19
2,17136A,BLUE STONES ON WIRE FOR CANDLE,3,30,3.1799999999999997
2,20666,ECONOMY HOLIDAY PURSE,1,1,2.95
2,20906,VINTAGE NOTEBOOK BEAUTY GIRL,1,1,2.95
2,20935,ROUND CACTUS CANDLE,1,1,2.95
2,21336,GOLD WASHBAG,1,1,2.95
2,35598C,WHITE CHRISTMAS TREE 60CM,1,1,2.95
2,35909A,RABBIT EASTER DECORATION,1,1,2.95
2,79161A,ST GEORGE SET OF 10 PARTY LIGHTS,1,1,2.95
2,90011A,MIDNIGHT BLUE CRYSTAL DROP EARRINGS,1,1,2.95
2,90130A,WHITE STONE/CRYSTAL EARRINGS,1,1,2.95
2,90177B,DROP DIAMANTE EARRINGS BLACK DIAMON,1,1,2.95
2,90183A,AMBER DROP EARRINGS W LONG BEADS,3,1,2.95
2,90186A,AMETHYST HOOP EARRING FLORAL LEAF,1,1,2.95
2,44091A,BLUE CRUSOE CHECK LAMPSHADE,2,7,2.94
2,35818B,"ACRYLIC JEWEL ICICLE, BLUE",2,7,2.66
2,71496B,A4 WALL TIDY RED FLOWERS,1,4,2.6
2,21785,RAIN PONCHO ,3,3,2.55
2,62094B,TURQ ICE CREAM BUM BAG ,1,1,2.55
2,79157B,UBO-LIGHT TRIOBASE BLUE,1,3,2.55
2,85017A,ENVELOPE 50 ROMANTIC IMAGES,1,3,2.55
2,85189,HANGING BUTTERFLY  EGG,1,3,2.55
2,90100,NECKLACE+BRACELET SET PINK DAISY,1,1,2.55
2,90165B,WHITE ROSEBUD  PEARL EARRINGS,1,1,2.55
2,90188,DROP EARRINGS W FLOWER & LEAF,1,1,2.55
2,90208,PAIR OF PINK FLOWER CLUSTER SLIDE,3,1,2.55
2,84745A,PINK HANGING GINGHAM EASTER HEN,1,6,2.52
2,84745B,BLUE HANGING GINGHAM EASTER HEN,1,6,2.52
2,37464,ROBOT MUG IN DISPLAY BOX,1,2,2.5
2,90214R,"LETTER ""R"" BLING KEY RING",2,2,2.5
2,90214V,"LETTER ""V"" BLING KEY RING",2,2,2.5
2,37462E,"PET MUG, GOLDFISH",2,13,2.47
2,16207B,PINK HEART RED HANDBAG,1,1,2.46
2,47013A,WINE BOTTLE DRESSING LT.BLUE,2,11,2.34
2,79336,LIGHT PINK FLOCK GLASS CANDLEHOLDER,1,6,2.2800000000000002
2,84206A,3 BLACK CATS W HEARTS BLANK CARD,1,12,2.2800000000000002
2,20861,GOLD COSMETIC BAG PINK STAR,1,1,2.1
2,35809B,ENAMEL BLUE RIM TEA CONTAINER,1,1,2.1
2,84731,3 BIRDS CANVAS SCREEN,2,2,2.04
2,16202A,PASTEL PINK PHOTO ALBUM ,1,4,2.0
2,16244B,MAXWELL 2 TONE BLUE 60 PAGE PHOTO A,1,4,2.0
2,22323,PINK POLKADOT KIDS BAG,1,1,1.95
2,44092B,BLUE WHITE PLASTIC RINGS LAMPSHADE,2,2,1.7
2,47013C,WINE BOTTLE DRESSING DARK BLUE,4,14,1.6800000000000002
2,17164B,ASS COL SMALL SAND GECKO P'WEIGHT,2,4,1.68
2,17174,ASSTD RASTA KEY-CHAINS,2,4,1.68
2,62043B,BLUE CHECK BAG W HANDLE 34X20CM,1,2,1.66
2,17014A,ORIGAMI VANILLA INCENSE CONES,1,1,1.65
2,23448,CREAM BUNNY EASTER EGG BASKET,1,1,1.65
2,90059B,DIAMANTE HAIR GRIP PACK/2 BLACK DIA,3,1,1.65
2,90059C,DIAMANTE HAIR GRIP PACK/2 MONTANA,3,1,1.65
2,90059E,DIAMANTE HAIR GRIP PACK/2 RUBY,3,1,1.65
2,90059F,DIAMANTE HAIR GRIP PACK/2 LT ROSE,3,1,1.65
2,84924F,PSYCHEDELIC METAL SIGN CALENDAR,1,2,1.58
2,16010,FOLDING CAMPING SCISSOR W/KNIF & S,1,12,1.44
2,44089A,PINK GAUZE BUTTERFLY LAMPSHADE,2,3,1.26
2,62074B,ELEPHANT CLIP W SUCTION CUP,1,3,1.26
2,72051S,BAG OF SILVER STONES,2,3,1.26
2,79149B,SILICON STAR BULB  BLUE,3,3,1.26
2,16248B,BLUE HOLE PUNCH,1,1,1.25
2,20878,SET/9 CHRISTMAS T-LIGHTS SCENTED ,1,1,1.25
2,23370,SET 36 COLOURING PENCILS DOILEY,1,1,1.25
2,35591T,TURQUOISE CHRISTMAS TREE ,1,1,1.25
2,35647,VINTAGE BEAD PINK SHADE ,1,1,1.25
2,37461,FUNKY MONKEY MUG,1,1,1.25
2,84569C,PACK 4 FLOWER/BUTTERFLY PATCHES,1,1,1.25
2,84743C,ORANGE FELT VASE + FLOWERS,1,1,1.25
2,90214B,"LETTER ""B"" BLING KEY RING",1,1,1.25
2,90214Y,"LETTER ""Y"" BLING KEY RING",1,1,1.25
2,16202E,BLACK PHOTO ALBUM ,1,2,1.0
2,81953B,ROUND BLUE CLOCK WITH SUCKER,2,5,0.95
2,84206C,CHAMPAGNE TRAY BLANK CARD,1,5,0.95
2,35443,RASTA IN BATH W SPLIFF ASHTRAY,1,1,0.85
2,79157V,UBO-LIGHT TRIOBASE PURPLE,1,1,0.85
2,81950V,FLOWER PURPLE CLOCK W/SUCKER,1,1,0.85
2,90084,PINK CRYSTAL GUITAR PHONE CHARM,1,1,0.85
2,90104,PURPLE FRANGIPANI HAIRCLIP,1,1,0.85
2,84732B,CUTE BIRD CEATURE SCREEN,1,2,0.78
2,84732D,CUTE RABBIT CEATURE SCREEN ,1,2,0.78
2,23366,SET 12 COLOURING PENCILS DOILEY,1,1,0.65
2,84990,60 GOLD AND SILVER FAIRY CAKE CASES,1,1,0.55
2,22135,LADLE LOVE HEART PINK,1,1,0.42
2,79151B,"SILICON CUBE 25W, BLUE",1,1,0.42
2,84227,HEN HOUSE W CHICK IN NEST,1,1,0.42
2,84228,HEN HOUSE WITH CHICK STANDING,1,1,0.42
2,90214F,"LETTER ""F"" BLING KEY RING",1,1,0.29
2,90089,PINK CRYSTAL SKULL PHONE CHARM,1,1,0.19
2,21667,GLASS CAKE COVER AND PLATE,2,0,0.0
2,22764,"RUSTIC WOODEN CABINET, GLASS DOORS",2,0,0.0
2,90013A,MIDNIGHT BLUE VINTAGE EARRINGS,2,0,0.0
2,90059A,DIAMANTE HAIR GRIP PACK/2 CRYSTAL,2,0,0.0
2,90059D,DIAMANTE HAIR GRIP PACK/2 PERIDOT,2,0,0.0
2,90118,PINK DAISY BAG CHARM,2,0,0.0
2,90168,2 DAISIES HAIR COMB,2,0,0.0
2,90169,DAISY HAIR COMB,2,0,0.0
2,90177A,CLASSIC DIAMANTE EARRINGS JET,2,0,0.0
2,90177C,DROP DIAMANTE EARRINGS CRYSTAL,2,0,0.0
2,90177E,DROP DIAMANTE EARRINGS GREEN,2,0,0.0
2,90182C,BLACK 3 BEAD DROP EARRINGS,2,0,0.0
2,90202A,PURPLE ENAMEL FLOWER HAIR TIE,2,0,0.0
2,90202B,WHITE ENAMEL FLOWER HAIR TIE,2,0,0.0
2,90202C,GREEN ENAMEL FLOWER HAIR TIE,2,0,0.0
2,PADS,PADS TO MATCH ALL CUSHIONS,1,1,0.0
2,20957,PORCELAIN HANGING BELL SMALL,1,-1,-1.45
2,21461,BLUE EASTER EGG HUNT START POST,3,-1,-1.95
2,21412,VINTAGE GOLD TINSEL REEL,1,-6,-2.52
2,85023C,PINK LARGE JEWELED PHOTOFRAME,1,-1,-2.55
2,35832,WOOLLY HAT SOCK GLOVE ADVENT STRING,1,-1,-2.95
2,85098B,BLUE FLYING SINGING CANARY,1,-1,-3.75
2,84856S,SMALL TAHITI BEACH BAG,1,-1,-3.81
2,21144,PINK POODLE HANGING DECORATION ,1,-12,-4.5600000000000005
2,79320,FLAMINGO LIGHTS,1,-1,-4.95
2,22034,ROBIN CHRISTMAS CARD,1,-12,-5.04
2,84839,SWEETHEART KEY CABINET,1,-1,-5.55
2,85126,LARGE ROUND CUTGLASS CANDLESTICK,1,-1,-6.75
2,85068,CREAM SWEETHEART SHELF + HOOKS,1,-1,-7.95
2,37503,TEA TIME CAKE STAND IN GIFT BOX,1,-1,-10.75
2,20703,BLUE PADDED SOFT MOBILE,3,-3,-12.75
2,85065,CREAM SWEETHEART TRAYS,1,-1,-12.75
2,90185B,AMETHYST DIAMANTE EXPANDABLE RING,3,-3,-12.75
2,85042,ANTIQUE LILY FAIRY LIGHTS,2,-3,-14.850000000000001
2,72815,3 WICK CHRISTMAS BRIAR CANDLE ,1,-4,-15.0
2,85047,WHITE BEADED GARLAND STRING 20LIGHT,2,-3,-18.25
2,85063,CREAM SWEETHEART MAGAZINE RACK,2,-3,-46.849999999999994
2,35400,WOODEN BOX ADVENT CALENDAR ,7,-8,-63.6
2,85071A,BLUE CHARLIE+LOLA PERSONAL DOORSIGN,48,375,-190.07
2,D,Discount,62,-1191,-5501.65
2,CRUK,CRUK Commission,16,-16,-7933.43
2,M,Manual,209,4442,-8711.39
3,POST,POSTAGE,104,195,4992.86
3,22423,REGENCY CAKESTAND 3 TIER,135,410,4889.1
3,85123A,WHITE HANGING HEART T-LIGHT HOLDER,170,1657,4632.150000000001
3,85099B,JUMBO BAG RED RETROSPOT,101,1990,3755.53
3,84879,ASSORTED COLOUR BIRD ORNAMENT,144,2227,3610.03
3,22086,PAPER CHAIN KIT 50'S CHRISTMAS ,132,934,2659.3
3,47566,PARTY BUNTING,110,553,2657.3500000000004
3,22138,BAKING SET 9 PIECE RETROSPOT ,134,460,2260.2000000000003
3,23355,HOT WATER BOTTLE KEEP CALM,101,469,2244.75
3,15036,ASSORTED COLOURS SILK FAN,33,2544,1794.72
3,84946,ANTIQUE SILVER T-LIGHT GLASS,84,1467,1751.67
3,22112,CHOCOLATE HOT WATER BOTTLE,80,370,1728.6000000000001
3,23344,JUMBO BAG 50'S CHRISTMAS ,83,871,1724.68
3,23298,SPOTTY BUNTING,91,313,1549.3500000000001
3,23284,DOORMAT KEEP CALM AND COME IN,61,198,1525.65
3,22178,VICTORIAN GLASS HANGING T-LIGHT,65,1022,1522.42
3,85099C,JUMBO  BAG BAROQUE BLACK WHITE,45,803,1509.29
3,22622,BOX OF VINTAGE ALPHABET BLOCKS,40,134,1489.3
3,22910,PAPER CHAIN KIT VINTAGE CHRISTMAS,85,510,1472.5000000000002
3,23084,RABBIT NIGHT LIGHT,83,736,1438.66
3,22139,RETROSPOT TEA SET CERAMIC 11 PC ,102,286,1415.7
3,22077,6 RIBBONS RUSTIC CHARM,78,782,1411.1999999999998
3,22734,SET OF 6 RIBBONS VINTAGE CHRISTMAS,65,508,1410.5200000000002
3,62018,SOMBRERO ,7,1082,1409.9
3,23313,VINTAGE CHRISTMAS BUNTING,58,284,1405.8
3,85048,15CM CHRISTMAS GLASS BALL 20 LIGHTS,39,183,1392.8500000000001
3,22720,SET OF 3 CAKE TINS PANTRY DESIGN ,108,281,1390.95
3,79321,CHILLI LIGHTS,37,268,1389.8000000000002
3,22469,HEART OF WICKER SMALL,94,810,1336.4999999999998
3,22457,NATURAL SLATE HEART CHALKBOARD ,85,451,1330.4500000000003
3,22960,JAM MAKING SET WITH JARS,79,313,1312.25
3,21733,RED HANGING HEART T-LIGHT HOLDER,57,481,1303.75
3,23356,LOVE HOT WATER BOTTLE,69,217,1291.15
3,22386,JUMBO BAG PINK POLKADOT,45,667,1270.5800000000002
3,15056N,EDWARDIAN PARASOL NATURAL,33,217,1231.15
3,23077,DOUGHNUT LIP GLOSS ,40,980,1225.0
3,35970,ZINC FOLKART SLEIGH BELLS,66,729,1203.21
3,23076,ICE CREAM SUNDAE LIP GLOSS,33,956,1195.0
3,82494L,WOODEN FRAME ANTIQUE WHITE ,65,405,1173.15
3,22470,HEART OF WICKER LARGE,84,386,1138.7
3,23245,SET OF 3 REGENCY CAKE TINS,64,230,1125.7
3,21790,VINTAGE SNAP CARDS,97,1389,1124.49
3,22111,SCOTTIE DOG HOT WATER BOTTLE,71,227,1123.65
3,23202,JUMBO BAG VINTAGE LEAF,58,568,1123.44
3,22621,TRADITIONAL KNITTING NANCY,63,704,1112.8
3,23328,SET 6 SCHOOL MILK BOTTLES IN CRATE,44,263,1102.4099999999999
3,22113,GREY HEART HOT WATER BOTTLE,66,268,1098.5
3,22969,HOMEMADE JAM SCENTED CANDLES,52,756,1096.1999999999998
3,22961,JAM MAKING SET PRINTED,78,733,1062.85
3,84947,ANTIQUE SILVER TEA GLASS ENGRAVED,32,924,1045.56
3,23320,GIANT 50'S CHRISTMAS CRACKER,57,400,1043.32
3,21915,RED  HARMONICA IN BOX ,55,871,1043.15
3,23322,LARGE WHITE HEART OF WICKER,86,357,1037.15
3,23215,JINGLE BELL HEART ANTIQUE SILVER,43,514,1023.88
3,21621,VINTAGE UNION JACK BUNTING,40,120,1020.0
3,23082,SET 6 PAPER TABLE LANTERN HEARTS ,41,270,990.4200000000001
3,22865,HAND WARMER OWL DESIGN,71,469,984.9000000000001
3,23201,JUMBO BAG ALPHABET,69,471,978.38
3,22624,IVORY KITCHEN SCALES,61,113,960.5
3,22826,LOVE SEAT ANTIQUE WHITE METAL,10,10,960.0
3,23109,PACK OF SIX LED TEA LIGHTS,30,341,947.09
3,23247,BISCUIT TIN 50'S CHRISTMAS,36,343,933.6700000000001
3,85066,CREAM SWEETHEART MINI CHEST,36,74,932.7
3,21137,BLACK RECORD COVER FRAME,21,257,920.55
3,22941,CHRISTMAS LIGHTS 10 REINDEER,45,108,918.0
3,21912,VINTAGE SNAKES & LADDERS,36,257,911.9100000000001
3,22867,HAND WARMER BIRD DESIGN,65,444,908.4000000000001
3,22607,WOODEN ROUNDERS GARDEN SET ,35,97,907.15
3,22791,T-LIGHT GLASS FLUTED ANTIQUE,45,746,905.14
3,21136,PAINTED METAL PEARS ASSORTED,55,531,897.39
3,84836,ZINC METAL HEART DECORATION,65,715,893.75
3,22835,HOT WATER BOTTLE I AM SO POORLY,57,182,889.2
3,22866,HAND WARMER SCOTTY DOG DESIGN,66,422,886.2
3,15056BL,EDWARDIAN PARASOL BLACK,24,168,879.6
3,21485,RETROSPOT HEART HOT WATER BOTTLE,56,177,876.1500000000001
3,23199,JUMBO BAG APPLES,44,446,869.68
3,22197,POPCORN HOLDER,75,1092,863.1999999999999
3,20750,RED RETROSPOT MINI CASES,35,113,859.9499999999999
3,22158,3 HEARTS HANGING DECORATION RUSTIC,44,291,858.45
3,22633,HAND WARMER UNION JACK,56,423,858.3000000000001
3,23493,VINTAGE DOILY TRAVEL SEWING KIT,60,440,858.0
3,20749,ASSORTED COLOUR MINI CASES,41,110,855.3
3,22632,HAND WARMER RED RETROSPOT,56,417,851.7
3,22619,SET OF 6 SOLDIER SKITTLES,56,227,851.25
3,22697,GREEN REGENCY TEACUP AND SAUCER,51,301,842.35
3,22114,HOT WATER BOTTLE TEA AND SYMPATHY,64,199,840.65
3,71477,COLOUR GLASS. STAR T-LIGHT HOLDER,21,253,836.57
3,22487,WHITE WOOD GARDEN PLANT LADDER,54,88,835.0
3,21889,WOODEN BOX OF DOMINOES,58,657,821.25
3,22585,PACK OF 6 BIRDY GIFT TAGS,57,644,805.0
3,21479,WHITE SKULL HOT WATER BOTTLE ,35,203,804.25
3,84078A,SET/4 WHITE RETRO STORAGE CUBES ,14,21,798.95
3,21212,PACK OF 72 RETROSPOT CAKE CASES,83,1509,798.7500000000001
3,20728,LUNCH BAG CARS BLUE,59,493,793.4499999999999
3,22596,CHRISTMAS STAR WISH LIST CHALKBOARD,50,682,790.58
3,84978,HANGING HEART JAR T-LIGHT HOLDER,52,658,788.6800000000001
3,21181,PLEASE ONE PERSON METAL SIGN,40,383,780.3000000000001
3,21340,CLASSIC METAL BIRDCAGE PLANT HOLDER,26,66,774.3
3,21791,VINTAGE HEADS AND TAILS CARD GAME ,57,641,773.89
3,20914,SET/5 RED RETROSPOT LID GLASS BOWLS,55,270,767.7
3,22940,FELTCRAFT CHRISTMAS FAIRY,48,182,767.5
3,23103,JINGLE BELL HEART DECORATION,54,459,757.3499999999999
3,84945,MULTI COLOUR SILVER T-LIGHT HOLDER,43,889,755.65
3,84949,SILVER HANGING T-LIGHT HOLDER,25,495,744.7499999999999
3,23078,ICE CREAM PEN LIP GLOSS ,26,588,735.0
3,23503,PLAYING CARDS KEEP CALM & CARRY ON,56,604,734.0
3,84077,WORLD WAR 2 GLIDERS ASSTD DESIGNS,48,2508,727.3199999999999
3,22427,ENAMEL FLOWER JUG CREAM,35,126,725.7
3,23083,SET 6 PAPER TABLE LANTERN STARS ,35,193,723.75
3,17003,BROCADE RING PURSE ,27,2490,723.02
3,21931,JUMBO STORAGE BAG SUKI,40,376,720.05
3,72741,GRAND CHOCOLATECANDLE,37,506,719.3
3,23301,GARDENERS KNEELING PAD KEEP CALM ,85,438,713.0999999999999
3,23439,HAND WARMER RED LOVE HEART,56,334,701.4000000000001
3,23243,SET OF TEA COFFEE SUGAR TINS PANTRY,38,145,698.5500000000001
3,22699,ROSES REGENCY TEACUP AND SAUCER ,45,246,696.9000000000001
3,23311,VINTAGE CHRISTMAS STOCKING ,41,272,693.5999999999999
3,22617,BAKING SET SPACEBOY DESIGN,48,140,693.0000000000001
3,22561,WOODEN SCHOOL COLOURING SET,52,420,692.9999999999999
3,21175,GIN + TONIC DIET METAL SIGN,39,268,677.55
3,22560,TRADITIONAL MODELLING CLAY,45,547,674.63
3,22090,PAPER BUNTING RETROSPOT,39,239,673.0500000000001
3,82482,WOODEN PICTURE FRAME WHITE FINISH,51,238,668.5
3,23319,BOX OF 6 MINI 50'S CRACKERS,58,266,662.34
3,23108,SET OF 10 LED DOLLY LIGHTS,38,109,658.89
3,22909,SET OF 20 VINTAGE CHRISTMAS NAPKINS,82,775,658.75
3,23203,JUMBO BAG VINTAGE DOILY ,51,315,655.2
3,23321,SMALL WHITE HEART OF WICKER,85,397,655.1299999999999
3,23318,BOX OF 6 MINI VINTAGE CRACKERS,58,262,652.3800000000001
3,22189,CREAM HEART CARD HOLDER,41,170,651.34
3,21914,BLUE HARMONICA IN BOX ,59,521,651.25
3,22950,36 DOILIES VINTAGE CHRISTMAS,33,448,649.5999999999999
3,82484,WOOD BLACK BOARD ANT WHITE FINISH,32,82,644.15
3,22620,4 TRADITIONAL SPINNING TOPS,53,445,643.4499999999999
3,23332,IVORY WICKER HEART LARGE,46,387,638.55
3,22952,60 CAKE CASES VINTAGE CHRISTMAS,64,1216,637.6
3,22601,CHRISTMAS RETROSPOT ANGEL WOOD,24,837,636.5699999999999
3,22698,PINK REGENCY TEACUP AND SAUCER,42,225,634.95
3,23240,SET OF 4 KNICK KNACK TINS DOILY ,38,153,634.95
3,47590A,BLUE HAPPY BIRTHDAY BUNTING,29,116,632.2
3,47590B,PINK HAPPY BIRTHDAY BUNTING,36,116,632.2
3,22666,RECIPE BOX PANTRY YELLOW DESIGN,59,214,631.3000000000001
3,22693,GROW A FLYTRAP OR SUNFLOWER IN TIN,20,505,631.25
3,23263,SET OF 3 WOODEN HEART DECORATIONS,58,500,625.0
3,22577,WOODEN HEART CHRISTMAS SCANDINAVIAN,91,1979,624.8699999999999
3,23343,JUMBO BAG VINTAGE CHRISTMAS ,50,299,621.9200000000001
3,22573,STAR WOODEN CHRISTMAS DECORATION,26,816,618.72
3,22083,PAPER CHAIN KIT RETROSPOT,34,214,615.3000000000001
3,21166,COOK WITH WINE METAL SIGN ,38,308,614.6600000000001
3,21891,TRADITIONAL WOODEN SKIPPING ROPE,48,423,610.55
3,22578,WOODEN STAR CHRISTMAS SCANDINAVIAN,93,1910,604.8599999999999
3,21755,LOVE BUILDING BLOCK WORD,44,98,597.8000000000001
3,22623,BOX OF VINTAGE JIGSAW BLOCKS ,29,104,594.8000000000001
3,20685,DOORMAT RED RETROSPOT,31,76,593.7
3,20724,RED RETROSPOT CHARLOTTE BAG,55,729,593.65
3,23129,HEART SHAPED HOLLY WREATH,31,142,589.3000000000001
3,84212,"ASSORTED FLOWER COLOUR ""LEIS""",15,1241,585.85
3,21929,JUMBO BAG PINK VINTAGE PAISLEY,34,298,585.38
3,21484,CHICK GREY HOT WATER BOTTLE,34,149,584.85
3,22144,CHRISTMAS CRAFT LITTLE FRIENDS,54,277,581.7
3,84347,ROTATING SILVER ANGELS T-LIGHT HLDR,32,228,581.4
3,22554,PLASTERS IN TIN WOODLAND ANIMALS,53,352,580.8
3,85099F,JUMBO BAG STRAWBERRY,39,280,579.15
3,20727,LUNCH BAG  BLACK SKULL.,59,350,577.5
3,23203,JUMBO BAG DOILEY PATTERNS,22,291,576.28
3,48138,DOORMAT UNION FLAG,38,72,573.9
3,23350,ROLL WRAP VINTAGE SPOT ,47,483,573.51
3,20725,LUNCH BAG RED RETROSPOT,48,347,572.55
3,22749,FELTCRAFT PRINCESS CHARLOTTE DOLL,42,153,569.43
3,23173,REGENCY TEAPOT ROSES ,24,57,567.15
3,21326,AGED GLASS SILVER T-LIGHT HOLDER,36,918,566.7
3,22766,PHOTO FRAME CORNICE,39,192,566.4
3,20726,LUNCH BAG WOODLAND,41,343,565.95
3,23569,TRADTIONAL ALPHABET STAMP SET,37,114,564.3000000000001
3,23310,BUBBLEGUM RING ASSORTED,27,1369,564.18
3,23229,VINTAGE DONKEY TAIL GAME ,36,150,562.5
3,23206,LUNCH BAG APPLE DESIGN,37,353,562.45
3,22492,MINI PAINT SET VINTAGE ,24,864,561.6
3,23080,RED METAL BOX TOP SECRET,34,68,561.0
3,22382,LUNCH BAG SPACEBOY DESIGN ,59,338,557.7
3,22625,RED KITCHEN SCALES,40,65,552.5
3,22629,SPACEBOY LUNCH BOX ,42,282,549.9
3,21731,RED TOADSTOOL LED NIGHT LIGHT,43,333,549.4499999999999
3,23234,BISCUIT TIN VINTAGE CHRISTMAS,36,190,549.1
3,23397,FOOT STOOL HOME SWEET HOME ,31,55,547.25
3,48187,DOORMAT NEW ENGLAND,42,67,547.05
3,22555,PLASTERS IN TIN STRONGMAN,47,331,546.15
3,22992,REVOLVER WOODEN RULER ,44,280,546.0
3,23323,WHITE WICKER STAR ,50,257,539.7
3,21210,SET OF 72 RETROSPOT PAPER  DOILIES,37,372,539.4
3,48194,DOORMAT HEARTS,30,68,538.5
3,23169,CLASSIC GLASS COOKIE JAR,33,131,536.45
3,21314,SMALL GLASS HEART TRINKET POT,32,263,532.0500000000001
3,22456,NATURAL SLATE CHALKBOARD LARGE ,36,109,529.75
3,22752,SET 7 BABUSHKA NESTING BOXES,22,81,524.7
3,84755,COLOUR GLASS T-LIGHT HOLDER HANGING,36,872,523.6
3,22605,WOODEN CROQUET GARDEN SET,25,36,522.8
3,21121,SET/10 RED POLKADOT PARTY CANDLES,29,418,522.5
3,22149,FELTCRAFT 6 FLOWER FRIENDS,33,257,519.7
3,21833,CAMOUFLAGE LED TORCH,17,306,517.14
3,23312,VINTAGE CHRISTMAS GIFT SACK,26,124,514.6
3,22411,JUMBO SHOPPER VINTAGE RED PAISLEY,55,249,513.63
3,23300,GARDENERS KNEELING PAD CUP OF TEA ,64,310,511.49999999999994
3,23130,MISTLETOE HEART WREATH GREEN,33,123,510.45000000000005
3,84997D,CHILDRENS CUTLERY POLKADOT PINK,28,123,510.45000000000005
3,84813,SET OF 4 DIAMOND NAPKIN RINGS,6,47,508.65
3,47591D,PINK FAIRY CAKE CHILDRENS APRON,39,268,507.59999999999997
3,22993,SET OF 4 PANTRY JELLY MOULDS,53,405,506.25
3,23353,6 GIFT TAGS VINTAGE CHRISTMAS ,48,608,504.64
3,22692,DOORMAT WELCOME TO OUR HOME,27,64,503.1
3,21232,STRAWBERRY CERAMIC TRINKET BOX,36,413,502.57
3,22384,LUNCH BAG PINK POLKADOT,51,303,499.95
3,84029G,KNITTED UNION FLAG HOT WATER BOTTLE,35,123,499.25
3,21977,PACK OF 60 PINK PAISLEY CAKE CASES,59,931,496.45000000000005
3,22326,ROUND SNACK BOXES SET OF4 WOODLAND ,35,168,495.6000000000001
3,85014A,BLACK/BLUE POLKADOT UMBRELLA,22,91,493.45000000000005
3,37449,CERAMIC CAKE STAND + HANGING CAKES,16,55,492.15
3,23085,ANTIQUE SILVER BAUBLE LAMP  ,10,52,489.20000000000005
3,23333,IVORY WICKER HEART MEDIUM,44,391,488.75
3,21259,VICTORIAN SEWING BOX SMALL ,19,90,487.50000000000006
3,82483,WOOD 2 DRAWER CABINET WHITE FINISH,29,71,487.45000000000005
3,84375,SET OF 20 KIDS COOKIE CUTTERS,32,231,485.1
3,23351,ROLL WRAP 50'S CHRISTMAS,47,388,485.0
3,84030E,ENGLISH ROSE HOT WATER BOTTLE,35,114,484.5
3,23296,SET OF 6 TEA TIME BAKING CASES,59,387,483.75
3,22847,BREAD BIN DINER STYLE IVORY,29,29,483.54999999999995
3,22947,WOODEN ADVENT CALENDAR RED,10,49,483.15000000000003
3,22558,CLOTHES PEGS RETROSPOT PACK 24 ,46,297,478.84999999999997
3,23349,ROLL WRAP VINTAGE CHRISTMAS,40,407,478.51
3,22082,RIBBON REEL STRIPES DESIGN ,48,287,473.55
3,23395,BELLE JARDINIERE CUSHION COVER,37,126,472.5
3,23188,VINTAGE  2 METER FOLDING RULER,21,303,471.15
3,22142,CHRISTMAS CRAFT WHITE FAIRY ,49,330,470.49999999999994
3,22722,SET OF 6 SPICE TINS PANTRY DESIGN,35,119,470.05
3,22630,DOLLY GIRL LUNCH BOX,34,241,469.95
3,23329,DECORATIVE WICKER HEART LARGE,32,284,468.59999999999997
3,22635,CHILDS BREAKFAST SET DOLLY GIRL ,21,48,466.0
3,21108,FAIRY CAKE FLANNEL ASSORTED COLOUR,36,520,465.36
3,72802C,VANILLA SCENT CANDLE JEWELLED BOX,22,115,464.99
3,23293,SET OF 12 FAIRY CAKE BAKING CASES,76,560,464.79999999999995
3,22759,SET OF 3 NOTEBOOKS IN PARCEL,36,281,463.6499999999999
3,22634,CHILDS BREAKFAST SET SPACEBOY ,20,50,462.7
3,22776,SWEETHEART CAKESTAND 3 TIER,25,50,462.7
3,21888,BINGO SET,41,123,461.25
3,22838,3 TIER CAKE TIN RED AND CREAM,16,32,460.79999999999995
3,23256,CHILDRENS CUTLERY SPACEBOY ,40,111,460.65000000000003
3,22485,SET OF 2 WOODEN MARKET CRATES,21,36,459.0
3,22367,CHILDRENS APRON SPACEBOY DESIGN,50,235,458.25
3,22654,DELUXE SEWING KIT ,32,77,458.15000000000003
3,84029E,RED WOOLLY HOTTIE WHITE HEART.,30,109,457.05
3,22141,CHRISTMAS CRAFT TREE TOP ANGEL,41,223,456.30000000000007
3,22828,REGENCY MIRROR WITH SHUTTERS,2,3,455.0
3,22784,LANTERN CREAM GAZEBO ,20,97,454.95
3,22942,CHRISTMAS LIGHTS 10 SANTAS ,20,58,454.15
3,21843,RED RETROSPOT CAKE STAND,24,42,453.9
3,22727,ALARM CLOCK BAKELIKE RED ,45,121,453.75
3,23571,TRADITIONAL NAUGHTS & CROSSES,40,275,453.74999999999994
3,21754,HOME BUILDING BLOCK WORD,35,74,450.2
3,22191,IVORY DINER WALL CLOCK,25,54,448.8
3,22768,FAMILY PHOTO FRAME CORNICE,24,45,447.75
3,22776,SWEETHEART 3 TIER CAKE STAND ,35,45,447.74999999999994
3,21524,DOORMAT SPOTTY HOME SWEET HOME,28,55,447.15
3,22938,CUPCAKE LACE PAPER SET 6,24,236,445.79999999999995
3,23171,REGENCY TEA PLATE GREEN ,21,276,445.79999999999995
3,23491,VINTAGE JINGLE BELLS HEART,20,54,445.5
3,21122,SET/10 PINK POLKADOT PARTY CANDLES,24,356,445.0
3,21481,FAWN BLUE HOT WATER BOTTLE,32,126,442.74
3,22823,CHEST NATURAL WOOD 20 DRAWERS,1,4,440.0
3,85049E,SCANDINAVIAN REDS RIBBONS,42,375,439.11
3,21231,SWEETHEART CERAMIC TRINKET BOX,34,361,437.57
3,21523,DOORMAT FANCY FONT HOME SWEET HOME,23,55,436.65
3,20972,PINK CREAM FELT CRAFT TRINKET BOX ,43,349,436.25
3,23012,GLASS APOTHECARY BOTTLE PERFUME,26,115,436.25
3,23445,ICE CREAM BUBBLES,15,548,432.8399999999999
3,23404,HOME SWEET HOME BLACKBOARD,17,87,430.65000000000003
3,22595,GINGHAM HEART DECORATION,44,506,430.09999999999997
3,22796,PHOTO FRAME 3 CLASSIC HANGING,20,43,427.84999999999997
3,22551,PLASTERS IN TIN SPACEBOY,47,256,422.3999999999999
3,16169E,WRAP 50'S  CHRISTMAS,41,1000,420.0
3,21498,RED RETROSPOT WRAP ,34,1000,420.0
3,23254,CHILDRENS CUTLERY DOLLY GIRL ,37,101,419.15000000000003
3,23274,STAR T-LIGHT HOLDER WILLIE WINKIE,16,254,419.09999999999997
3,22898,CHILDRENS APRON APPLES DESIGN,25,221,415.95
3,22467,GUMBALL COAT RACK,35,163,415.65
3,20711,JUMBO BAG TOYS ,18,215,415.6
3,20712,JUMBO BAG WOODLAND ANIMALS,31,201,414.05
3,23192,BUNDLE OF 3 ALPHABET EXERCISE BOOKS,42,250,412.49999999999994
3,22966,GINGERBREAD MAN COOKIE CUTTER,45,328,410.0
3,84406B,CREAM CUPID HEARTS COAT HANGER,14,104,406.0
3,20828,GLITTER BUTTERFLY CLIPS,34,159,405.45
3,23393,HOME SWEET HOME CUSHION COVER ,36,108,405.0
3,23209,LUNCH BAG VINTAGE DOILY ,40,245,404.25
3,23200,JUMBO BAG PEARS,36,194,403.52000000000004
3,46000S,POLYESTER FILLER PAD 40x40cm,28,278,403.09999999999997
3,84991,60 TEATIME FAIRY CAKE CASES,45,804,401.64000000000004
3,23091,ZINC HERB GARDEN CONTAINER,28,64,400.0
3,C2,CARRIAGE,8,8,400.0
3,21584,RETROSPOT SMALL TUBE MATCHES,30,242,399.3
3,21890,S/6 WOODEN SKITTLES IN COTTON BAG,30,123,399.15
3,22767,TRIPLE PHOTO FRAME CORNICE ,21,40,398.0
3,21080,SET/20 RED RETROSPOT PAPER NAPKINS ,59,468,397.79999999999995
3,23504,PLAYING CARDS JUBILEE UNION JACK,39,318,397.5
3,22750,FELTCRAFT PRINCESS LOLA DOLL,36,107,396.93
3,20971,PINK BLUE FELT CRAFT TRINKET BOX,42,319,396.47
3,85152,HAND OVER THE CHOCOLATE   SIGN ,38,188,394.80000000000007
3,10135,COLOURING PENCILS BROWN TUBE,18,370,393.7
3,21892,TRADITIONAL WOODEN CATCH CUP GAME ,40,312,390.0
3,21064,BOOM BOX SPEAKER BOYS,20,85,388.25
3,22187,GREEN CHRISTMAS TREE CARD HOLDER,30,167,387.75
3,84380,SET OF 3 BUTTERFLY COOKIE CUTTERS,39,283,386.54999999999995
3,23126,FELTCRAFT GIRL AMELIE KIT,30,80,386.40000000000003
3,22726,ALARM CLOCK BAKELIKE GREEN,42,103,386.25
3,22694,WICKER STAR ,42,183,384.3
3,84988,SET OF 72 PINK HEART PAPER DOILIES,25,265,384.25
3,23307,SET OF 60 PANTRY DESIGN CAKE CASES ,58,698,383.90000000000003
3,23427,STOOL HOME SWEET HOME ,21,32,383.2
3,23354,6 GIFT TAGS 50'S CHRISTMAS ,47,461,382.63
3,21352,EUCALYPTUS & PINECONE  WREATH,6,100,382.20000000000005
3,22809,SET OF 6 T-LIGHTS SANTA,30,129,380.55000000000007
3,23330,DECORATIVE WICKER HEART MEDIUM,31,304,380.0
3,22418,10 COLOUR SPACEBOY PEN,25,447,379.95
3,23014,GLASS APOTHECARY BOTTLE ELIXIR,26,100,377.0
3,23209,LUNCH BAG DOILEY PATTERN ,17,228,376.2
3,23198,PANTRY MAGNETIC  SHOPPING LIST,49,258,374.09999999999997
3,21257,VICTORIAN SEWING BOX MEDIUM,19,47,373.65000000000003
3,22079,RIBBON REEL HEARTS DESIGN ,32,226,372.9
3,23207,LUNCH BAG ALPHABET DESIGN,41,225,371.25
3,85049A,TRADITIONAL CHRISTMAS RIBBONS,41,296,370.0
3,23133,LARGE IVORY HEART WALL ORGANISER,17,47,368.55
3,23480,MINI LIGHTS WOODLAND MUSHROOMS,21,98,367.5
3,23490,T-LIGHT HOLDER HANGING LOVE BIRD,23,98,367.5
3,22109,FULL ENGLISH BREAKFAST PLATE,24,101,367.23
3,22627,MINT KITCHEN SCALES,21,43,365.5
3,20679,EDWARDIAN PARASOL RED,24,61,362.95000000000005
3,23118,PARISIENNE JEWELLERY DRAWER ,23,48,360.0
3,84987,SET OF 36 TEATIME PAPER DOILIES,25,247,358.15
3,23131,MISTLETOE HEART WREATH CREAM,20,86,356.90000000000003
3,23389,SPACEBOY MINI BACKPACK,32,86,356.90000000000003
3,23396,LE JARDIN BOTANIQUE CUSHION COVER,28,95,356.25
3,23570,TRADITIONAL PICK UP STICKS GAME ,50,285,356.25
3,23013,GLASS APOTHECARY BOTTLE TONIC,26,93,355.35
3,22502,PICNIC BASKET WICKER SMALL,11,65,354.75
3,23081,GREEN METAL BOX ARMY SUPPLIES,21,43,354.75
3,22087,PAPER BUNTING WHITE LACE,12,131,354.45
3,22110,BIRD HOUSE HOT WATER BOTTLE,32,139,354.45
3,22840,ROUND CAKE TIN VINTAGE RED,21,46,353.7
3,84378,SET OF 3 HEART COOKIE CUTTERS,42,252,353.0
3,23424,GINGHAM RECIPE BOOK BOX,24,71,351.45
3,23283,DOORMAT VINTAGE LEAF,17,44,351.3
3,21124,SET/10 BLUE POLKADOT PARTY CANDLES,22,281,351.25
3,85014B,RED RETROSPOT UMBRELLA,24,59,351.05
3,22150,3 STRIPEY MICE FELTCRAFT,46,180,351.0
3,22771,CLEAR DRAWER KNOB ACRYLIC EDWARDIAN,16,280,350.0
3,23485,BOTANICAL GARDENS WALL CLOCK ,12,14,350.0
3,22556,PLASTERS IN TIN CIRCUS PARADE ,45,212,349.79999999999995
3,71053,WHITE METAL LANTERN,13,99,349.65
3,21174,POTTERING IN THE SHED METAL SIGN,23,168,349.31
3,22751,FELTCRAFT PRINCESS OLIVIA DOLL,36,93,348.75
3,22781,GUMBALL MAGAZINE RACK,18,47,348.75
3,22844,VINTAGE CREAM DOG FOOD CONTAINER,21,41,348.5
3,17096,ASSORTED LAQUERED INCENSE HOLDERS,3,2043,348.27000000000004
3,23266,SET OF 3 WOODEN STOCKING DECORATION,43,278,347.5
3,22991,GIRAFFE WOODEN RULER,25,177,345.15
3,22568,FELTCRAFT CUSHION OWL,29,92,345.0
3,22383,LUNCH BAG SUKI DESIGN ,46,209,344.84999999999997
3,23340,VINTAGE CHRISTMAS CAKE FRILL,19,209,344.84999999999997
3,22300,COFFEE MUG DOG + BALL DESIGN,22,135,344.25
3,22553,PLASTERS IN TIN SKULLS,50,208,343.19999999999993
3,20973,12 PENCIL SMALL TUBE WOODLAND,38,526,341.90000000000003
3,22549,PICTURE DOMINOES,26,235,340.75
3,22804,CANDLEHOLDER PINK HANGING HEART,21,124,340.2
3,22557,PLASTERS IN TIN VINTAGE PAISLEY ,48,206,339.9
3,21623,VINTAGE UNION JACK MEMOBOARD,22,34,338.29999999999995
3,21172,PARTY METAL SIGN ,35,233,337.84999999999997
3,23170,REGENCY TEA PLATE ROSES ,15,210,336.9
3,21985,PACK OF 12 HEARTS DESIGN TISSUES ,36,989,336.46999999999997
3,22089,PAPER BUNTING VINTAGE PAISLEY,24,114,336.30000000000007
3,23437, 50'S CHRISTMAS GIFT BAG LARGE,18,268,335.0
3,23534,WALL ART STOP FOR TEA ,20,58,334.3
3,21495,SKULLS AND CROSSBONES WRAP,15,850,333.0
3,22579,WOODEN TREE CHRISTMAS SCANDINAVIAN,58,1002,331.46
3,23295,SET OF 12 MINI LOAF BAKING CASES,61,399,331.16999999999996
3,23157,SET OF 6 NATIVITY MAGNETS ,17,158,328.64
3,23041,PAPER LANTERN 9 POINT SNOW STAR,12,79,327.85
3,47567B,TEA TIME KITCHEN APRON,8,66,327.70000000000005
3,22812,PACK 3 BOXES CHRISTMAS PANNETONE,17,168,327.59999999999997
3,22741,FUNKY DIVA PEN,8,384,326.4
3,21974,SET OF 36 PAISLEY FLOWER DOILIES,34,225,326.25
3,23265,SET OF 3 WOODEN TREE DECORATIONS,42,261,326.25
3,22959,WRAP CHRISTMAS VILLAGE,34,775,325.5
3,22169,FAMILY ALBUM WHITE PICTURE FRAME,20,38,323.0
3,22792,FLUTED ANTIQUE CANDLE HOLDER,17,402,322.97999999999996
3,23146,TRIPLE HOOK ANTIQUE IVORY ROSE,27,101,322.69
3,85053,FRENCH ENAMEL CANDLEHOLDER,23,163,322.62
3,22508,DOORSTOP RETROSPOT HEART,26,86,322.5
3,23007, SPACEBOY BABY GIFT SET,16,19,322.04999999999995
3,85061W,WHITE JEWELLED HEART DECORATION,12,450,322.02
3,20975,12 PENCILS SMALL TUBE RED RETROSPOT,40,494,321.1
3,20723,STRAWBERRY CHARLOTTE BAG,24,408,320.8
3,22273,FELTCRAFT DOLL MOLLY,26,110,319.70000000000005
3,23127,FELTCRAFT GIRL NICOLE KIT,22,66,317.1
3,21770,OPEN CLOSED METAL SIGN,39,64,316.8
3,22302,COFFEE MUG PEARS  DESIGN,18,130,315.3
3,51014C,"FEATHER PEN,COAL BLACK",20,780,315.24
3,21500,PINK POLKADOT WRAP ,25,750,315.0
3,47504K,ENGLISH ROSE GARDEN SECATEURS,32,389,313.39000000000004
3,23251,VINTAGE RED ENAMEL TRIM MUG ,13,264,309.84000000000003
3,21390,FILIGRIS HEART WITH BUTTERFLY,18,245,306.25
3,22732,3D VINTAGE CHRISTMAS STICKERS ,21,245,306.25
3,23166,MEDIUM CERAMIC TOP STORAGE JAR,21,261,306.09000000000003
3,22171,3 HOOK PHOTO SHELF ANTIQUE WHITE,18,36,306.0
3,22424,ENAMEL BREAD BIN CREAM,20,24,306.0
3,23177,TREASURE ISLAND BOOK BOX,39,136,306.0
3,22895,SET OF 2 TEA TOWELS APPLE AND PEARS,27,95,305.75
3,84568,GIRLS ALPHABET IRON ON PATCHES ,2,1728,305.28000000000003
3,22646,CERAMIC STRAWBERRY CAKE MONEY BANK,29,289,304.57
3,21499,BLUE POLKADOT WRAP,26,725,304.5
3,82486,3 DRAWER ANTIQUE WHITE WOOD CABINET,18,34,304.29999999999995
3,23165,LARGE CERAMIC TOP STORAGE JAR,22,184,303.59999999999997
3,23494,VINTAGE DOILY DELUXE SEWING KIT ,26,51,303.45000000000005
3,23048,SET OF 10 LANTERNS FAIRY LIGHT STAR,21,73,302.95
3,21928,JUMBO BAG SCANDINAVIAN BLUE PAISLEY,30,146,302.12
3,22739,RIBBON REEL CHRISTMAS SOCK BAUBLE,31,183,301.95
3,23294,SET OF 6 SNACK LOAF BAKING CASES,51,363,301.28999999999996
3,22733,3D TRADITIONAL CHRISTMAS STICKERS,21,241,301.25
3,22689,DOORMAT MERRY CHRISTMAS RED ,14,38,300.9
3,22652,TRAVEL SEWING KIT,30,182,300.3
3,23065,LARGE DECO JEWELLERY STAND,15,24,300.0
3,22839,3 TIER CAKE TIN GREEN AND CREAM,16,20,299.0
3,23407,SET OF 2 TRAYS HOME SWEET HOME,17,30,298.5
3,22659,LUNCH BOX I LOVE LONDON,25,153,298.35
3,22328,ROUND SNACK BOXES SET OF 4 FRUITS ,25,101,297.95000000000005
3,20979,36 PENCILS TUBE RED RETROSPOT,30,238,297.5
3,22170,PICTURE FRAME WOOD TRIPLE PORTRAIT,14,44,297.0
3,22798,ANTIQUE GLASS DRESSING TABLE POT,15,107,296.45
3,21804,WHITE CHRISTMAS GARLAND STARS TREES,15,79,296.25
3,20719,WOODLAND CHARLOTTE BAG,33,348,295.8
3,22907,PACK OF 20 NAPKINS PANTRY DESIGN,48,348,295.79999999999995
3,21497,FANCY FONTS BIRTHDAY WRAP,24,700,294.0
3,23162,REGENCY TEA STRAINER,9,84,292.92
3,23035,DRAWER KNOB CERAMIC IVORY,21,202,292.9
3,23382,BOX OF 6 CHRISTMAS CAKE DECORATIONS,25,78,292.5
3,20982,12 PENCILS TALL TUBE SKULLS,37,343,291.55
3,22690,DOORMAT HOME SWEET HOME BLUE ,18,37,291.15
3,23213,STAR WREATH DECORATION WITH BELL,22,232,290.0
3,23500,KEY RING BASEBALL BOOT ASSORTED ,14,232,290.0
3,23352,ROLL WRAP 50'S RED CHRISTMAS ,28,231,288.75
3,23394,POSTE FRANCE CUSHION COVER,25,77,288.75
3,22890,NOVELTY BISCUITS CAKE STAND 3 TIER,18,29,288.54999999999995
3,22989,SET 2 PANTRY DESIGN TEA TOWELS,31,88,286.0
3,21034,REX CASH+CARRY JUMBO SHOPPER,145,301,285.95
3,82600,NO SINGING METAL SIGN,20,136,285.6
3,23232,WRAP VINTAGE LEAF DESIGN,22,675,283.5
3,22413,METAL SIGN TAKE IT OR LEAVE IT ,25,96,283.20000000000005
3,84997C,CHILDRENS CUTLERY POLKADOT BLUE,17,68,282.20000000000005
3,23365,SET 12 COLOUR PENCILS LOVE LONDON,25,433,281.45
3,20983,12 PENCILS TALL TUBE RED RETROSPOT,34,331,281.34999999999997
3,22464,HANGING METAL HEART LANTERN,21,183,281.30999999999995
3,23210,WHITE ROCKING HORSE HAND PAINTED,22,225,281.25
3,22297,HEART IVORY TRELLIS SMALL,13,224,280.0
3,21155,RED RETROSPOT PEG BAG,21,110,279.59999999999997
3,22084,PAPER CHAIN KIT EMPIRE,6,105,277.75
3,23264,SET OF 3 WOODEN SLEIGH DECORATIONS,33,222,277.5
3,22645,CERAMIC HEART FAIRY CAKE MONEY BANK,30,246,277.2
3,23275,SET OF 3 HANGING OWLS OLLIE BEAK,40,221,276.25
3,22075,6 RIBBONS ELEGANT CHRISTMAS ,18,188,275.87999999999994
3,21463,MIRRORED DISCO BALL ,15,49,275.55
3,21588,RETROSPOT GIANT TUBE MATCHES,26,108,275.4
3,22964,3 PIECE SPACEBOY COOKIE CUTTER SET,36,131,275.1
3,23314,VINTAGE CHRISTMAS TABLECLOTH,12,22,275.0
3,23438, RED SPOT GIFT BAG LARGE,17,220,275.0
3,22593,CHRISTMAS GINGHAM STAR,25,323,274.54999999999995
3,22639,SET OF 4 NAPKIN CHARMS HEARTS,21,114,274.53999999999996
3,22606,WOODEN SKITTLES GARDEN SET,11,18,274.3
3,85015,SET OF 12  VINTAGE POSTCARD SET,27,381,274.25
3,22430,ENAMEL WATERING CAN CREAM,22,55,272.25
3,22295,HEART FILIGREE DOVE LARGE,17,165,272.24999999999994
3,22816,CARD MOTORBIKE SANTA,37,648,272.16
3,22946,WOODEN ADVENT CALENDAR CREAM,8,19,271.65
3,23239,SET OF 4 KNICK KNACK TINS POPPIES,19,65,269.75
3,22366,DOORMAT AIRMAIL ,16,35,269.55
3,22738,RIBBON REEL SNOWY VILLAGE,25,163,268.95
3,22801,ANTIQUE GLASS PEDESTAL BOWL,18,73,267.99
3,22970,LONDON BUS COFFEE MUG,24,105,267.75
3,23176,ABC TREASURE BOOK BOX ,30,119,267.75
3,47566B,TEA TIME PARTY BUNTING,15,54,267.3
3,21156,RETROSPOT CHILDRENS APRON,26,137,267.15
3,23132,SMALL IVORY HEART WALL ORGANISER,17,48,266.4
3,22294,HEART FILIGREE DOVE  SMALL,12,213,266.25
3,23236,STORAGE TIN VINTAGE DOILY ,14,92,265.88
3,22636,CHILDS BREAKFAST SET CIRCUS PARADE,13,32,265.2
3,21930,JUMBO STORAGE BAG SKULLS,20,127,264.16
3,22906,12 MESSAGE CARDS WITH ENVELOPES,34,160,263.99999999999994
3,21993,FLORAL FOLK STATIONERY SET,31,201,263.15
3,21820,GLITTER HEART GARLAND WITH BELLS ,17,70,262.5
3,22592,CARDHOLDER HOLLY WREATH METAL,16,70,262.5
3,23297,SET 40 HEART SHAPE PETIT FOUR CASES,15,159,262.34999999999997
3,22696,WICKER WREATH LARGE,25,134,261.3
3,22271,FELTCRAFT DOLL ROSIE,20,90,260.70000000000005
3,22301,COFFEE MUG CAT + BIRD DESIGN,19,102,260.09999999999997
3,22488,NATURAL SLATE RECTANGLE CHALKBOARD,29,157,259.04999999999995
3,85034B,3 WHITE CHOC MORRIS BOXED CANDLES,23,187,257.75
3,21616,4 PEAR BOTANICAL DINNER CANDLES,28,196,257.5
3,22737,RIBBON REEL CHRISTMAS PRESENT ,26,156,257.4
3,23238,SET OF 4 KNICK KNACK TINS LONDON ,18,62,257.3
3,22465,HANGING METAL STAR LANTERN,15,162,256.97999999999996
3,22274,FELTCRAFT DOLL EMILY,25,87,256.65000000000003
3,23306,SET OF 36 DOILIES PANTRY DESIGN,20,177,256.65
3,22193,RED DINER WALL CLOCK,16,30,255.0
3,23342,MINT DINER WALL CLOCK,18,30,255.0
3,21213,PACK OF 72 SKULL CAKE CASES,48,462,254.10000000000002
3,23434,3 RAFFIA RIBBONS 50'S CHRISTMAS ,30,302,254.06
3,23174,REGENCY SUGAR BOWL GREEN,17,61,253.15000000000003
3,23092,LARGE ANTIQUE WHITE PHOTO FRAME,13,32,252.8
3,20977,36 PENCILS TUBE WOODLAND,18,202,252.5
3,22505,MEMO BOARD COTTAGE DESIGN,19,51,252.45000000000002
3,23271,CHRISTMAS TABLE SILVER CANDLE SPIKE,14,304,252.32
3,22441,GROW YOUR OWN BASIL IN ENAMEL MUG,26,120,252.0
3,22303,COFFEE MUG APPLES DESIGN,13,105,251.54999999999998
3,21745,GAOLERS KEYS DECORATIVE GARDEN ,13,67,251.25
3,23273,HEART T-LIGHT HOLDER WILLIE WINKIE,13,152,250.79999999999995
3,22971,QUEENS GUARD COFFEE MUG,22,98,249.89999999999998
3,22306,SILVER MUG BONE CHINA TREE OF LIFE,24,233,249.26000000000002
3,23255,CHILDRENS CUTLERY CIRCUS PARADE,19,60,249.0
3,82486,WOOD S/3 CABINET ANT WHITE FINISH,12,28,248.59999999999997
3,23172,REGENCY TEA PLATE PINK,13,150,247.49999999999997
3,22429,ENAMEL MEASURING JUG CREAM,34,58,246.5
3,22779,WOODEN OWLS LIGHT GARLAND ,14,58,246.5
3,22489,PACK OF 12 TRADITIONAL CRAYONS,38,583,244.86
3,51014A,"FEATHER PEN,HOT PINK",29,613,244.59
3,23418,LAVENDER TOILETTE BOTTLE,12,124,244.0
3,23367,SET 12 COLOUR PENCILS SPACEBOY ,40,374,243.10000000000002
3,22662,LUNCH BAG DOLLY GIRL DESIGN,27,147,242.54999999999998
3,20718,RED RETROSPOT SHOPPER BAG,26,194,242.5
3,48184,DOORMAT ENGLISH ROSE ,16,30,242.4
3,71459,HANGING JAM JAR T-LIGHT HOLDERS,17,285,242.24999999999997
3,21422,PORCELAIN ROSE SMALL,6,329,242.20999999999998
3,22173,METAL 4 HOOK HANGER FRENCH CHATEAU,24,78,242.0
3,23144,ZINC T-LIGHT HOLDER STARS SMALL,21,291,241.52999999999997
3,22748,POPPY'S PLAYHOUSE KITCHEN,36,115,241.50000000000003
3,16161P,WRAP ENGLISH ROSE ,25,575,241.5
3,23414,ZINC BOX SIGN HOME,11,26,241.17999999999998
3,23388,WOODLAND MINI BACKPACK,18,58,240.70000000000002
3,23090,VINTAGE GLASS T-LIGHT HOLDER,24,290,240.7
3,22588,CARD HOLDER GINGHAM HEART,18,83,239.87
3,21787,RAIN PONCHO RETROSPOT,17,281,238.85
3,22120,WELCOME  WOODEN BLOCK LETTERS,13,24,238.79999999999998
3,22501,PICNIC BASKET WICKER LARGE,10,24,238.79999999999998
3,22186,RED STAR CARD HOLDER,20,111,238.45
3,22147,FELTCRAFT BUTTERFLY HEARTS,33,166,238.29999999999998
3,22580,ADVENT CALENDAR GINGHAM SACK,20,40,238.0
3,22466,FAIRY TALE COTTAGE NIGHT LIGHT,16,122,237.89999999999998
3,21670,BLUE SPOT CERAMIC DRAWER KNOB,16,179,237.54999999999998
3,22637,PIGGY BANK RETROSPOT ,11,95,237.29999999999998
3,22644,CERAMIC CHERRY CAKE MONEY BANK,24,243,236.81
3,21381,MINI WOODEN HAPPY BIRTHDAY GARLAND,18,140,236.60000000000002
3,22355,CHARLOTTE BAG SUKI DESIGN,30,278,236.3
3,23194,GYMKHANA TREASURE BOOK BOX,34,105,236.25
3,22813,PACK 3 BOXES BIRD PANNETONE ,12,121,235.95
3,84970L,SINGLE HEART ZINC T-LIGHT HOLDER,20,219,235.35
3,22563,HAPPY STENCIL CRAFT,43,188,235.0
3,21992,VINTAGE PAISLEY STATIONERY SET,38,185,234.65
3,21533,RETROSPOT LARGE MILK JUG,22,49,234.15
3,23399,HOME SWEET HOME HANGING HEART,26,275,233.75
3,21907,I'M ON HOLIDAY METAL SIGN,24,111,233.10000000000002
3,22507,MEMO BOARD RETROSPOT  DESIGN,25,47,232.65
3,22550,HOLIDAY FUN LUDO,21,62,232.5
3,84997A,CHILDRENS CUTLERY POLKADOT GREEN ,12,56,232.40000000000003
3,22154,ANGEL DECORATION 3 BUTTONS ,18,552,231.84
3,21975,PACK OF 60 DINOSAUR CAKE CASES,35,420,231.00000000000003
3,84832,ZINC WILLIE WINKIE  CANDLE STICK,22,271,230.35
3,21169,YOU'RE CONFUSING ME METAL SIGN ,28,136,229.84
3,22610,PENS ASSORTED FUNNY FACE,26,1080,229.68
3,22626,BLACK KITCHEN SCALES,12,27,229.5
3,21385,IVORY HANGING DECORATION  HEART,19,268,227.79999999999998
3,22562,MONSTERS STENCIL CRAFT,35,182,227.5
3,22669,RED BABY BUNTING ,17,77,227.15
3,20829,GLITTER HANGING BUTTERFLY STRING,14,108,226.8
3,22818,CARD CHRISTMAS VILLAGE,32,540,226.8
3,22983,CARD BILLBOARD FONT,43,540,226.8
3,23535,WALL ART BICYCLE SAFETY,16,38,226.10000000000002
3,23189,SET OF 12 FORK CANDLES,19,78,225.42
3,72807C,SET/3 VANILLA SCENTED CANDLE IN BOX,17,53,225.25
3,22655,VINTAGE RED KITCHEN CABINET,2,3,225.0
3,84580,MOUSE TOY WITH PINK T-SHIRT,20,60,225.0
3,22594,CHRISTMAS GINGHAM TREE,22,264,224.39999999999998
3,22810,SET OF 6 T-LIGHTS SNOWMEN,19,76,224.20000000000002
3,85034C,3 ROSE MORRIS BOXED CANDLES,26,176,223.0
3,23052,RECYCLED ACAPULCO MAT TURQUOISE,13,27,222.75
3,23241,TREASURE TIN GYMKHANA DESIGN,25,107,222.56
3,22575,METAL MERRY CHRISTMAS WREATH,13,114,222.29999999999998
3,22584,PACK OF 6 PANNETONE GIFT BOXES,18,87,221.84999999999997
3,21430,SET/3 RED GINGHAM ROSE STORAGE BOX,16,59,221.25
3,22988,SOLDIERS EGG CUP ,25,177,221.25
3,23252,VINTAGE RED ENAMEL TRIM JUG ,22,59,221.25
3,22192,BLUE DINER WALL CLOCK,16,26,221.0
3,21429,RED GINGHAM ROSE JEWELLERY BOX,23,113,220.35
3,22499,WOODEN UNION JACK BUNTING,16,37,220.15
3,84970S,HANGING HEART ZINC T-LIGHT HOLDER,27,259,220.14999999999998
3,22185,SLATE TILE NATURAL HANGING,17,142,219.89999999999998
3,23197,SKETCHBOOK MAGNETIC SHOPPING LIST,24,158,219.5
3,23042,PAPER LANTERN 7 POINT SNOW STAR,4,33,219.45
3,72760B,VINTAGE CREAM 3 BASKET CAKE STAND,12,22,218.89999999999998
3,23100,SILVER BELLS TABLE DECORATION,30,175,218.75
3,21218,RED SPOTTY BISCUIT TIN,16,59,218.25
3,21980,PACK OF 12 RED RETROSPOT TISSUES ,34,622,218.07999999999998
3,22728,ALARM CLOCK BAKELIKE PINK,25,58,217.5
3,22730,ALARM CLOCK BAKELIKE IVORY,21,58,217.5
3,23147,SINGLE ANTIQUE ROSE HOOK IVORY,24,150,217.49999999999997
3,22965,3 TRADITIONAl BISCUIT CUTTERS  SET,24,103,216.3
3,82583,HOT BATHS METAL SIGN,18,103,216.3
3,72799E,IVORY PILLAR CANDLE SILVER FLOCK,14,74,216.14000000000001
3,82001S,VINYL RECORD FRAME SILVER,4,62,215.22
3,22417,PACK OF 60 SPACEBOY CAKE CASES,38,390,214.50000000000003
3,23483,HANGING  BUTTERFLY T-LIGHT HOLDER,17,171,213.75
3,22944,CHRISTMAS METAL POSTCARD WITH BELLS,12,546,212.94
3,21703,BAG 125g SWIRLY MARBLES,34,534,212.76000000000002
3,22899,CHILDREN'S APRON DOLLY GIRL ,25,101,212.10000000000002
3,48173C,DOORMAT BLACK FLOCK ,13,26,210.9
3,22041,"RECORD FRAME 7"" SINGLE SIZE ",9,91,210.45000000000002
3,23023,RIDGED BONNE JAM JAR T-LIGHT HOLDER,9,139,210.14999999999998
3,22569,FELTCRAFT CUSHION BUTTERFLY,19,56,210.0
3,23230,WRAP ALPHABET DESIGN,19,500,210.0
3,22574,HEART WOODEN CHRISTMAS DECORATION,24,247,209.95
3,79302M,"ART LIGHTS,FUNK MONKEY",5,82,209.9
3,20713,JUMBO BAG OWLS,16,101,209.56
3,22762,CUPBOARD 3 DRAWER MA CAMPAGNE,12,14,209.29999999999998
3,22151,PLACE SETTING WHITE HEART,29,497,208.74
3,20974,12 PENCILS SMALL TUBE SKULL,27,321,208.65
3,21070,VINTAGE BILLBOARD MUG ,11,186,208.56
3,23489,VINTAGE BELLS GARLAND,15,72,208.07999999999998
3,22278,OVERNIGHT BAG VINTAGE ROSE PAISLEY,17,42,207.9
3,22943,CHRISTMAS LIGHTS 10 VINTAGE BAUBLES,14,42,207.9
3,20978,36 PENCILS TUBE SKULLS,25,166,207.5
3,23461,SWEETHEART BIRD HOUSE,26,50,207.5
3,22603,CHRISTMAS RETROSPOT TREE WOOD,24,244,207.39999999999998
3,22725,ALARM CLOCK BAKELIKE CHOCOLATE,17,55,206.25
3,84012,MAGIC SHEEP WOOL GROWING FROM PAPER,22,206,205.7
3,22188,BLACK HEART CARD HOLDER,14,52,205.4
3,23175,REGENCY MILK JUG PINK ,18,63,204.75
3,22782,SET 3 WICKER STORAGE BASKETS ,5,13,204.35
3,22945,CHRISTMAS METAL TAGS ASSORTED ,20,240,204.0
3,23145,ZINC T-LIGHT HOLDER STAR LARGE,15,214,203.29999999999998
3,85040A,S/4 PINK FLOWER CANDLES IN BOWL,20,123,202.95
3,22998,TRAVEL CARD WALLET KEEP CALM,34,483,202.86
3,21990,MODERN FLORAL STATIONERY SET,30,154,202.7
3,23167,SMALL CERAMIC TOP STORAGE JAR ,24,260,202.35999999999999
3,23214,JINGLE BELL HEART ANTIQUE GOLD,13,97,201.76000000000002
3,21713,CITRONELLA CANDLE FLOWERPOT,23,96,201.60000000000002
3,23497,CLASSIC CHROME BICYCLE BELL ,19,139,201.54999999999998
3,21810,CHRISTMAS HANGING STAR WITH BELL,24,503,201.32999999999998
3,23110,PARISIENNE KEY CABINET ,22,35,201.25
3,23534,STOP FOR TEA WALL ART,8,35,201.04999999999998
3,22220,CAKE STAND LOVEBIRD 2 TIER WHITE,15,37,200.15
3,23020,GLASS  SONGBIRD STORAGE JAR,13,16,200.0
3,23401,RUSTIC MIRROR WITH LACE HEART,16,32,200.0
3,23554,LANDMARK FRAME OXFORD STREET,7,16,200.0
3,72802B,OCEAN SCENT CANDLE IN JEWELLED BOX,13,47,199.75
3,23208,LUNCH BAG VINTAGE LEAF DESIGN,26,121,199.65
3,22802,FAUX FUR CHOCOLATE THROW,6,10,199.5
3,23316,RED REFECTORY CLOCK ,9,20,199.0
3,20969,RED FLORAL FELTCRAFT SHOULDER BAG,16,53,198.75
3,22978,PANTRY ROLLING PIN,17,53,198.75
3,23212,HEART WREATH DECORATION WITH BELL,17,159,198.75
3,84992,72 SWEETHEART FAIRY CAKE CASES,40,360,198.00000000000003
3,21811,HANGING HEART WITH BELL,19,487,197.67
3,21380,WOODEN HAPPY BIRTHDAY GARLAND,19,67,197.65000000000003
3,22904,CALENDAR PAPER CUT DESIGN,17,67,197.65000000000003
3,23327,HANGING CLEAR MINI BOTTLE,5,338,197.58
3,21055,TOOL BOX SOFT TOY ,17,22,196.89999999999998
3,23079,TOADSTOOL BEDSIDE LIGHT ,16,22,196.89999999999998
3,22320,BIRDS MOBILE VINTAGE DESIGN,14,33,196.35000000000002
3,22846,BREAD BIN DINER STYLE RED ,10,12,195.39999999999998
3,23240,SET OF 4 KNICK KNACK TINS DOILEY ,9,47,195.05
3,23469,CARD HOLDER LOVE BIRD SMALL,13,47,195.05
3,23378,PACK OF 12 50'S CHRISTMAS TISSUES,31,500,195.0
3,23412,HEART MIRROR ANTIQUE WHITE,12,26,195.0
3,22080,RIBBON REEL POLKADOTS ,19,118,194.7
3,22493,PAINT YOUR OWN CANVAS SET,19,118,194.7
3,20970,PINK FLORAL FELTCRAFT SHOULDER BAG,13,53,194.43
3,22076,6 RIBBONS EMPIRE  ,16,136,194.15999999999997
3,23470,CARD HOLDER LOVE BIRD LARGE ,13,31,193.75
3,22182,CAKE STAND VICTORIAN FILIGREE SMALL,10,42,193.1
3,23204,CHARLOTTE BAG APPLES DESIGN,23,227,192.95
3,22842,BISCUIT TIN VINTAGE RED,11,30,192.9
3,21877,HOME SWEET HOME MUG,21,127,192.74999999999997
3,21035,SET/2 RED RETROSPOT TEA TOWELS ,16,60,192.6
3,22548,HEADS AND TAILS SPORTING FUN,22,154,192.5
3,22437,SET OF 9 BLACK SKULL BALLOONS,16,226,192.1
3,22591,CARDHOLDER GINGHAM CHRISTMAS TREE,12,59,191.75
3,23357,HOT WATER BOTTLE SEX BOMB,14,50,191.4
3,22962,JAM JAR WITH PINK LID,25,225,191.25
3,37446,MINI CAKE STAND WITH HANGING CAKES,19,136,191.0
3,22841,ROUND CAKE TIN VINTAGE GREEN,13,24,190.8
3,22745,POPPY'S PLAYHOUSE BEDROOM ,28,90,189.00000000000003
3,23190,BUNDLE OF 3 SCHOOL EXERCISE BOOKS  ,19,114,188.09999999999997
3,22609,PENS ASSORTED SPACEBALL,21,864,187.92
3,23094,LE GRAND TRAY CHIC SET,10,15,187.5
3,23555,LANDMARK FRAME NOTTING HILL ,6,15,187.5
3,22385,JUMBO BAG SPACEBOY DESIGN,21,90,186.94
3,23093,SMALL PARISIENNE HEART PHOTO FRAME ,15,75,186.75000000000003
3,22736,RIBBON REEL MAKING SNOWMEN ,22,113,186.45
3,23008,DOLLY GIRL BABY GIFT SET,9,11,186.45
3,21115,ROSE CARAVAN DOORSTOP,13,34,186.3
3,21154,RED RETROSPOT OVEN GLOVE ,30,149,186.25
3,22219,LOVEBIRD HANGING DECORATION WHITE ,29,219,186.14999999999998
3,22483,RED GINGHAM TEDDY BEAR ,17,63,185.85000000000002
3,21933,PINK VINTAGE PAISLEY PICNIC BAG,21,111,185.75
3,21742,LARGE ROUND WICKER PLATTER ,14,31,184.45000000000002
3,23536,WALL ART VILLAGE SHOW ,11,31,184.45000000000002
3,22356,CHARLOTTE BAG PINK POLKADOT,26,217,184.45
3,22600,CHRISTMAS RETROSPOT STAR WOOD,22,217,184.45
3,21287,SCENTED VELVET LOUNGE CANDLE ,19,450,184.05
3,22800,ANTIQUE TALL SWIRLGLASS TRINKET POT,13,49,183.75
3,22604,SET OF 4 NAPKIN CHARMS CUTLERY,17,72,183.6
3,22631,CIRCUS PARADE LUNCH BOX ,14,94,183.29999999999998
3,21328,BALLOONS  WRITING SET ,32,111,183.14999999999998
3,22831,WHITE BROCANTE SOAP DISH,10,62,182.90000000000003
3,22668,PINK BABY BUNTING,14,62,182.9
3,22460,EMBOSSED GLASS TEALIGHT HOLDER,16,146,182.5
3,21932,SCANDINAVIAN PAISLEY PICNIC BAG,27,109,182.45
3,22778,GLASS CLOCHE SMALL,13,46,181.70000000000002
3,71477,COLOURED GLASS STAR T-LIGHT HOLDER,5,50,181.66000000000003
3,23541,WALL ART CLASSIC PUDDINGS ,13,22,181.5
3,85199S,SMALL HANGING IVORY/RED WOOD BIRD,18,432,181.44
3,23511,EMBROIDERED RIBBON REEL EMILY ,21,87,180.96
3,23334,IVORY WICKER HEART SMALL,16,287,180.81
3,23161,REGENCY CAKE FORK,8,144,180.0
3,23583,LUNCH BAG PAISLEY PARK  ,22,109,179.85
3,22491,PACK OF 12 COLOURED PENCILS,29,211,179.35
3,23432,PRETTY HANGING QUILTED HEARTS,10,216,179.27999999999997
3,23154,SET OF 4 JAM JAR MAGNETS,14,86,178.88
3,20956,PORCELAIN T-LIGHT HOLDERS ASSORTED,15,143,178.75
3,21592,RETROSPOT CIGAR BOX MATCHES ,44,178,178.64
3,21558,SKULL LUNCH BOX WITH CUTLERY ,19,70,178.5
3,21735,TWO DOOR CURIO CABINET,8,14,178.5
3,23390,DOLLY GIRL MINI BACKPACK,19,43,178.45000000000002
3,22979,PANTRY WASHING UP BRUSH,29,123,178.35
3,23164,REGENCY CAKE SLICE,10,36,178.20000000000002
3,22296,HEART IVORY TRELLIS LARGE,14,108,178.2
3,85178,VICTORIAN SEWING KIT,17,142,177.5
3,21135,VICTORIAN  METAL POSTCARD SPRING,17,105,177.45
3,20992,JAZZ HEARTS PURSE NOTEBOOK,33,450,176.42
3,21506,"FANCY FONT BIRTHDAY CARD, ",35,420,176.4
3,23152,IVORY SWEETHEART WIRE LETTER RACK ,17,47,176.25
3,20981,12 PENCILS TALL TUBE WOODLAND,24,207,175.95
3,21559,STRAWBERRY LUNCH BOX WITH CUTLERY,21,69,175.95
3,22331,WOODLAND PARTY BAG + STICKER SET,15,112,175.2
3,20751,FUNKY WASHING UP GLOVES ASSORTED,23,83,174.3
3,22078,RIBBON REEL LACE DESIGN ,18,83,174.3
3,23067,HANGING ENGRAVED METAL HEART,11,42,174.3
3,22064,PINK DOUGHNUT TRINKET POT ,10,142,173.82
3,22130,PARTY CONE CHRISTMAS DECORATION ,12,204,173.4
3,23205,CHARLOTTE BAG VINTAGE ALPHABET ,28,204,173.4
3,23050,RECYCLED ACAPULCO MAT GREEN,11,21,173.25
3,23405,HOME SWEET HOME 2 DRAWER CABINET,9,35,173.25
3,22723,SET OF 6 HERB TINS SKETCHBOOK,17,52,173.0
3,23419,HOME SWEET HOME BOTTLE ,14,83,172.64000000000001
3,21094,SET/6 RED SPOTTY PAPER PLATES,22,203,172.54999999999998
3,22576,SWALLOW WOODEN CHRISTMAS DECORATION,21,203,172.54999999999998
3,23040,PAPER LANTERN 9 POINT SNOW STAR ,7,30,172.5
3,21746,SMALL RED RETROSPOT WINDMILL,7,152,171.76
3,15039,SANDALWOOD FAN,14,201,170.85
3,22582,PACK OF 6 SWEETIE GIFT BOXES,14,67,170.85
3,22795,SWEETHEART RECIPE BOOK STAND,12,26,170.7
3,23517,EMBROIDERED RIBBON REEL REBECCA ,12,59,170.51
3,23032,DRAWER KNOB CRACKLE GLAZE IVORY,13,103,169.95
3,23089,GLASS BON BON JAR,11,93,169.95
3,10133,COLOURING PENCILS BROWN TUBE,13,382,169.9
3,85132C,CHARLIE AND LOLA FIGURES TINS,11,83,169.85
3,22180,RETROSPOT LAMP,8,17,169.14999999999998
3,48188,DOORMAT WELCOME PUPPIES,14,21,169.05
3,21382,SET/4 SPRING FLOWER DECORATION,10,184,168.8
3,23516,EMBROIDERED RIBBON REEL SOPHIE  ,11,45,168.75
3,22325,MOBILE VINTAGE HEARTS ,10,34,168.3
3,21672,WHITE SPOT RED CERAMIC DRAWER KNOB,14,130,168.1
3,23233,WRAP POPPIES  DESIGN,16,400,168.0
3,35599B,BLACK CHRISTMAS TREE 120CM,5,86,167.7
3,23196,VINTAGE LEAF MAGNETIC NOTEPAD,28,115,166.75
3,23188,VINTAGE  2 METRE FOLDING RULER,20,101,166.64999999999998
3,22061,LARGE CAKE STAND  HANGING STRAWBERY,8,28,166.6
3,23486,ANTIQUE HEART SHELF UNIT,7,10,166.5
3,23514,EMBROIDERED RIBBON REEL SALLY ,18,80,166.4
3,23581,JUMBO BAG PAISLEY PARK,18,80,166.4
3,21262,WHITE GOOSE FEATHER CHRISTMAS TREE ,11,56,165.20000000000002
3,22065,CHRISTMAS PUDDING TRINKET POT ,17,415,165.03
3,22827,RUSTIC  SEVENTEEN DRAWER SIDEBOARD,1,1,165.0
3,21216,"SET 3 RETROSPOT TEA,COFFEE,SUGAR",9,35,164.85
3,21818,GLITTER HEART DECORATION,24,413,164.75
3,22951,60 CAKE CASES DOLLY GIRL DESIGN,33,299,164.45000000000002
3,21641,ASSORTED TUTTI FRUTTI KEYRING BALL,4,566,164.14
3,47503A,ASS FLORAL PRINT MULTI SCREWDRIVER,30,389,163.38
3,71459,HANGING JAM JAR T-LIGHT HOLDER,11,192,163.2
3,23681,LUNCH BAG RED VINTAGE DOILY,3,111,163.15
3,23101,SILVER STARS TABLE DECORATION,25,206,163.05999999999997
3,22616,PACK OF 12 LONDON TISSUES ,35,453,162.87
3,23104,IVORY CAFE HANGING LAMP ,5,13,162.5
3,23556,LANDMARK FRAME COVENT GARDEN ,4,13,162.5
3,23268,SET OF 2 CERAMIC CHRISTMAS REINDEER,14,112,162.39999999999998
3,21249,WOODLAND  HEIGHT CHART STICKERS ,12,55,162.25000000000003
3,85039A,SET/4 RED MINI ROSE CANDLE IN BOWL,8,104,161.99999999999997
3,22421,LIPSTICK PEN FUSCHIA,20,414,161.88
3,48129,DOORMAT TOPIARY,16,20,161.7
3,21704,BAG 250g SWIRLY MARBLES,23,190,161.5
3,23358,HOT STUFF HOT WATER BOTTLE,11,47,161.25
3,23403,LETTER HOLDER HOME SWEET HOME,14,43,161.25
3,21110,LARGE CAKE TOWEL PINK SPOTS,11,58,161.1
3,23512,EMBROIDERED RIBBON REEL ROSIE,16,77,160.16
3,23515,EMBROIDERED RIBBON REEL DAISY ,16,77,160.16
3,84279P,CHERRY BLOSSOM  DECORATIVE FLASK,13,45,160.11
3,23531,WALL ART BIG LOVE ,9,23,159.85000000000002
3,23253,16 PIECE CUTLERY SET PANTRY DESIGN,7,10,159.5
3,22581,WOOD STOCKING CHRISTMAS SCANDISPOT,12,203,159.10999999999999
3,21106,CREAM SLICE FLANNEL CHOCOLATE SPOT ,8,57,158.55
3,21730,GLASS STAR FROSTED T-LIGHT HOLDER,16,32,158.4
3,23184,BULL DOG BOTTLE OPENER,18,32,158.4
3,22045,SPACEBOY GIFT WRAP,16,377,158.34
3,21668,RED STRIPE CERAMIC DRAWER KNOB,13,118,158.29999999999998
3,23368,SET 12 COLOUR PENCILS DOLLY GIRL ,24,243,157.95000000000002
3,21756,BATH BUILDING BLOCK WORD,14,26,157.70000000000002
3,23045,PAPER LANTERN 5 POINT STAR MOON ,4,38,157.70000000000002
3,21821,GLITTER STAR GARLAND WITH BELLS ,13,42,157.5
3,23231,WRAP  VINTAGE DOILY ,15,375,157.5
3,22567,20 DOLLY PEGS RETROSPOT,17,109,157.25
3,23066,SMALL DECO JEWELLERY STAND,7,19,156.75
3,23249,VINTAGE RED ENAMEL TRIM PLATE,8,95,156.75
3,21114,LAVENDER SCENTED FABRIC HEART,12,125,156.25
3,23217,LAUREL HEART ANTIQUE SILVER,15,125,156.25
3,23370,SET 36 COLOURING PENCILS DOILY,14,125,156.25
3,21876,POTTERING MUG,11,106,155.7
3,21976,PACK OF 60 MUSHROOM CAKE CASES,23,283,155.65
3,21107,CREAM SLICE FLANNEL PINK SPOT ,11,56,155.6
3,22602,RETROSPOT WOODEN HEART DECORATION,19,183,155.54999999999998
3,51014L,"FEATHER PEN,LIGHT PINK",14,384,155.28
3,22063,CERAMIC BOWL WITH STRAWBERRY DESIGN,7,97,155.11
3,15056P,EDWARDIAN PARASOL PINK,11,26,154.70000000000002
3,21624,VINTAGE UNION JACK DOORSTOP,12,26,154.70000000000002
3,23535,BICYCLE SAFTEY WALL ART,7,26,154.7
3,85172,HYACINTH BULB T-LIGHT CANDLES,6,368,154.56
3,20893,HANGING BAUBLE T-LIGHT HOLDER SMALL,2,71,154.5
3,23326,HANGING MINI COLOURED BOTTLES,8,245,154.35000000000002
3,22434,BALLOON PUMP WITH 10 BALLOONS,18,79,154.05
3,21116,OWL DOORSTOP,14,31,153.45000000000002
3,22649,STRAWBERRY FAIRY CAKE TEAPOT,15,31,153.45000000000002
3,23530,WALL ART ONLY ONE PERSON ,10,31,153.45000000000002
3,21452,TOADSTOOL MONEY BOX,13,52,153.4
3,23426,METAL SIGN DROP YOUR PANTS,15,53,153.17000000000002
3,22236,CAKE STAND 3 TIER MAGIC GARDEN,13,12,153.0
3,23341,PINK DINER WALL CLOCK,11,18,153.0
3,21625,VINTAGE UNION JACK APRON,14,22,152.9
3,23187,FRENCH STYLE STORAGE JAR BONBONS,17,526,152.54
3,23021,GLASS BONNE JAM JAR,4,39,152.25
3,23163,REGENCY SUGAR TONGS,11,61,151.89000000000001
3,23156,SET OF 5 MINI GROCERY MAGNETS,17,73,151.84
3,22333,RETROSPOT PARTY BAG + STICKER SET,21,92,151.79999999999998
3,23211,RED ROCKING HORSE HAND PAINTED,11,121,151.25
3,17084R,ASSORTED INCENSE PACK,5,720,151.2
3,22307,GOLD MUG BONE CHINA TREE OF LIFE,13,138,150.84
3,21935,SUKI  SHOULDER BAG,19,91,150.15
3,23112,PARISIENNE CURIO CABINET,11,20,150.0
3,23400,SHELF WITH 4 HOOKS HOME SWEET HOME,12,24,150.0
3,23444,Next Day Carriage,12,10,150.0
3,23553,LANDMARK FRAME CAMDEN TOWN ,9,12,150.0
3,23458,DOLLY CABINET 3 DRAWERS ,6,10,149.5
3,23075,PARLOUR CERAMIC WALL HOOK,7,36,149.4
3,72351B,SET/6 PINK  BUTTERFLY T-LIGHTS,12,71,149.10000000000002
3,85062,PEARL CRYSTAL PUMPKIN T-LIGHT HLDR,11,96,148.79999999999998
3,23049,RECYCLED ACAPULCO MAT RED,6,18,148.5
3,84950,ASSORTED COLOUR T-LIGHT HOLDER,12,228,148.20000000000002
3,22897,OVEN MITT APPLES DESIGN,22,102,147.9
3,23373,VINTAGE CHRISTMAS PAPER GIFT BAG,15,180,147.6
3,22445,PENCIL CASE LIFE IS BEAUTIFUL,9,50,147.50000000000003
3,22665,RECIPE BOX BLUE SKETCHBOOK DESIGN,18,50,147.5
3,22731,3D CHRISTMAS STAMPS STICKERS ,14,118,147.5
3,15058A,BLUE POLKADOT GARDEN PARASOL,7,20,147.0
3,16156S,WRAP PINK FAIRY CAKES ,14,350,147.0
3,22704,WRAP RED APPLES ,12,350,147.0
3,23546,WRAP PAISLEY PARK ,14,350,147.0
3,21411,GINGHAM HEART  DOORSTOP RED,16,41,146.65
3,22900,SET 2 TEA TOWELS I LOVE LONDON ,19,45,146.25
3,21313,GLASS HEART T-LIGHT HOLDER ,14,172,146.2
3,22029,SPACEBOY BIRTHDAY CARD,29,348,146.16
3,46000M,POLYESTER FILLER PAD 45x45cm,12,94,145.70000000000002
3,22735,RIBBON REEL SOCKS AND MITTENS,15,88,145.2
3,48185,DOORMAT FAIRY CAKE,9,18,145.2
3,23436,VINTAGE CHRISTMAS GIFT BAG LARGE ,11,116,145.0
3,22902,TOTE BAG I LOVE LONDON,12,69,144.9
3,21871,SAVE THE PLANET MUG,13,101,144.64999999999998
3,22207,FRYING PAN UNION FLAG,13,34,144.5
3,22744,MAKE YOUR OWN MONSOON CARD KIT,24,65,144.23000000000002
3,21577,SAVE THE PLANET COTTON TOTE BAG,18,64,144.0
3,23227,FILIGREE HEART BUTTERFLY WHITE ,8,115,143.75
3,22284,HEN HOUSE DECORATION,6,87,143.55
3,23374,RED SPOT PAPER GIFT BAG,18,175,143.5
3,21071,VINTAGE BILLBOARD DRINK ME MUG,9,120,143.16
3,22121,NOEL WOODEN BLOCK LETTERS ,11,24,142.8
3,22928,YELLOW GIANT GARDEN THERMOMETER,11,24,142.8
3,82582,AREA PATROLLED METAL SIGN,23,68,142.8
3,22583,PACK OF 6 HANDBAG GIFT BOXES,17,56,142.79999999999998
3,22570,FELTCRAFT CUSHION RABBIT,11,38,142.5
3,22892,SET OF SALT AND PEPPER TOADSTOOLS,12,114,142.5
3,23346,SPACEBOY BEAKER,20,114,142.5
3,23372,SET 36 COLOUR PENCILS DOLLY GIRL,21,114,142.5
3,21669,BLUE STRIPE CERAMIC DRAWER KNOB,14,107,142.15
3,22799,SWEETHEART WIRE FRUIT BOWL,7,18,141.9
3,23017,APOTHECARY MEASURING JAR,4,12,141.9
3,22468,BABUSHKA LIGHTS STRING OF 10,6,21,141.75
3,21693,SMALL HAMMERED SILVER CANDLEPOT ,7,48,141.60000000000002
3,22327,ROUND SNACK BOXES SET OF 4 SKULLS,11,48,141.60000000000002
3,75049L,LARGE CIRCULAR MIRROR MOBILE,11,144,141.6
3,20961,STRAWBERRY BATH SPONGE ,14,113,141.25
3,22371,AIRLINE BAG VINTAGE TOKYO 78,22,33,140.85
3,22963,JAM JAR WITH GREEN LID,17,173,140.81
3,22746,POPPY'S PLAYHOUSE LIVINGROOM ,23,67,140.70000000000002
3,22990,COTTON APRON PANTRY DESIGN,12,29,140.55
3,22081,RIBBON REEL FLORA + FAUNA ,13,85,140.25
3,23371,SET 36 COLOUR PENCILS SPACEBOY ,22,112,140.0
3,22845,VINTAGE CREAM CAT FOOD CONTAINER,13,22,139.7
3,23046,PAPER LANTERN 9 POINT DELUXE STAR,8,21,139.65
3,84792,ENCHANTED BIRD COATHANGER 5 HOOK,9,30,139.5
3,23315,IVORY REFECTORY CLOCK,7,14,139.29999999999998
3,23543,KEEP CALM WALL ART ,5,18,138.9
3,23250,VINTAGE RED TRIM ENAMEL BOWL ,9,111,138.75
3,23299,FOOD COVER WITH BEADS SET 2 ,12,37,138.75
3,21242,RED RETROSPOT PLATE ,13,82,138.57999999999998
3,84596F,SMALL MARSHMALLOWS PINK BOWL,37,329,138.18
3,22721,SET OF 3 CAKE TINS SKETCHBOOK,18,37,138.15
3,21391,FRENCH LAVENDER SCENT HEART,13,157,138.0
3,22161,HEART DECORATION RUSTIC HANGING ,30,716,137.88000000000002
3,22252,BIRDCAGE DECORATION TEALIGHT HOLDER,7,120,137.46
3,23193,BUFFALO BILL TREASURE BOOK BOX,24,61,137.25
3,23044,PAPER LANTERN 9 POINT HOLLY STAR S,4,33,136.95
3,23547,WRAP FLOWER SHOP  ,13,325,136.5
3,22476,EMPIRE UNION JACK TV DINNER TRAY,12,33,136.35
3,21619,4 VANILLA BOTANICAL CANDLES,28,101,136.25
3,22128,PARTY CONES CANDY ASSORTED,8,109,136.25
3,23221,REINDEER HEART DECORATION SILVER,19,164,136.11999999999998
3,23433,HANGING QUILTED PATCHWORK APPLES,13,164,136.11999999999998
3,21824,PAINTED METAL STAR WITH HOLLY BELLS,14,349,136.10999999999999
3,22037,ROBOT BIRTHDAY CARD,24,324,136.08
3,22222,CAKE PLATE LOVEBIRD WHITE,12,42,135.9
3,21822,GLITTER CHRISTMAS TREE WITH BELLS,11,172,135.88
3,22174,PHOTO CUBE,14,82,135.29999999999998
3,21749,LARGE RED RETROSPOT WINDMILL,6,70,135.0
3,23501,KEY RING BASEBALL BOOT UNION JACK,12,108,135.0
3,23138,SINGLE WIRE HOOK IVORY HEART,9,93,134.85
3,22163,HEART STRING MEMO HOLDER HANGING,14,162,134.46
3,79000,MOROCCAN TEA GLASS,4,192,134.4
3,22340,NOEL GARLAND PAINTED ZINC ,18,344,134.16
3,22435,SET OF 9 HEART SHAPED BALLOONS,22,107,133.75
3,22980,PANTRY SCRUBBING BRUSH,18,81,133.64999999999998
3,35648,VINTAGE BEAD PINK PURSE ,10,161,133.63
3,22380,TOY TIDY SPACEBOY  ,16,76,133.4
3,22695,WICKER WREATH SMALL,14,99,133.23
3,22984,CARD GINGHAM ROSE ,11,348,133.2
3,23106,ZINC HEARTS PLANT POT HOLDER,9,46,132.94
3,72799F,IVORY PILLAR CANDLE GOLD FLOCK,8,45,132.75000000000003
3,21683,MEDIUM MEDINA STAMPED METAL BOWL ,4,45,132.75
3,22432,WATERING CAN PINK BUNNY,11,68,132.6
3,90160D,PINK BOUDICCA LARGE BRACELET,2,19,132.05
3,21327,SKULLS WRITING SET ,29,80,132.0
3,47480,HANGING PHOTO CLIP ROPE LADDER,8,80,131.99999999999997
3,22780,LIGHT GARLAND BUTTERFILES PINK,10,31,131.75
3,72807A,SET/3 ROSE CANDLE IN JEWELLED BOX,10,31,131.75
3,23331,DECORATIVE WICKER HEART SMALL,14,209,131.67000000000002
3,20668,DISCO BALL CHRISTMAS DECORATION,24,1097,131.64
3,23502,PLAYING CARDS VINTAGE DOILY ,17,105,131.25
3,84509A,SET OF 4 ENGLISH ROSE PLACEMATS,17,35,131.25
3,23309,SET OF 60 I LOVE LONDON CAKE CASES ,41,238,130.9
3,23375,50'S CHRISTMAS PAPER GIFT BAG,14,159,130.38
3,22597,MUSICAL ZINC HEART DECORATION ,19,324,130.35999999999999
3,21793,CLASSIC FRENCH STYLE BASKET BROWN,10,33,130.35000000000002
3,22661,CHARLOTTE BAG DOLLY GIRL DESIGN,18,153,130.05
3,22937,BAKING MOULD CHOCOLATE CUPCAKES,13,51,130.04999999999998
3,20682,RED RETROSPOT CHILDRENS UMBRELLA,8,40,130.0
3,22123,PING MICROWAVE APRON,11,65,129.59
3,22208,WOOD STAMP SET THANK YOU,32,154,129.45999999999998
3,23286,BLUE VINTAGE SPOT BEAKER,19,152,129.2
3,23226,FILIGREE HEART DAISY WHITE,5,103,128.75
3,23366,SET 12 COLOURING PENCILS DOILY,22,198,128.70000000000002
3,22436,12 COLOURED PARTY BALLOONS,13,198,128.7
3,84997B,CHILDRENS CUTLERY RETROSPOT RED ,11,31,128.65
3,23102,SILVER HEARTS TABLE DECORATION,23,155,128.64999999999998
3,22691,DOORMAT WELCOME SUNRISE,8,16,128.4
3,22571,ROCKING HORSE RED CHRISTMAS ,22,151,128.35
3,37340,MULTICOLOUR SPRING FLOWER MUG,13,329,128.31
3,21955,DOORMAT UNION JACK GUNS AND ROSES,9,16,128.1
3,22956,36 FOIL HEART CAKE CASES,19,62,127.58000000000001
3,21470,FLOWER VINE RAFFIA FOOD COVER,15,34,127.5
3,21617,4 LILY  BOTANICAL DINNER CANDLES,13,100,127.5
3,22156,HEART DECORATION WITH PEARLS ,19,150,127.5
3,22215,CAKE STAND WHITE TWO TIER LACE,7,15,127.5
3,22210,WOOD STAMP SET BEST WISHES,29,151,126.96999999999998
3,22070,SMALL RED RETROSPOT MUG IN BOX ,10,35,126.93
3,21636,MADRAS NOTEBOOK MEDIUM,11,162,126.9
3,23242,TREASURE TIN BUFFALO BILL ,17,61,126.88000000000001
3,22711,WRAP CIRCUS PARADE,11,302,126.84
3,84692,BOX OF 24 COCKTAIL PARASOLS,25,302,126.84
3,23376,PACK OF 12 VINTAGE CHRISTMAS TISSUE,21,325,126.75
3,23099,FRENCH CARRIAGE LANTERN,10,19,126.35000000000001
3,84032A,CHARLIE+LOLA PINK HOT WATER BOTTLE,18,45,126.27000000000001
3,23267,SET OF 4 SANTA PLACE SETTINGS,12,101,126.25
3,22908,PACK OF 20 NAPKINS RED APPLES,24,148,125.8
3,21832,CHOCOLATE CALCULATOR,14,76,125.39999999999999
3,21615,4 LAVENDER BOTANICAL DINNER CANDLES,20,88,125.0
3,23111,PARISIENNE SEWING BOX,10,10,125.0
3,23345, DOLLY GIRL BEAKER,17,100,125.0
3,22822,CREAM WALL PLANTER HEART SHAPED,8,21,124.95
3,22305,COFFEE MUG PINK PAISLEY DESIGN,10,49,124.94999999999999
3,21982,PACK OF 12 SUKI TISSUES ,27,366,124.63999999999999
3,23308,SET OF 60 VINTAGE LEAF CAKE CASES ,28,226,124.30000000000001
3,16045,POPART WOODEN PENCILS ASST,17,3100,124.0
3,22449,SILK PURSE BABUSHKA PINK,13,37,123.95000000000002
3,22974,CHILDRENS DOLLY GIRL MUG,20,75,123.74999999999999
3,21716,BOYS VINTAGE TIN SEASIDE BUCKET,8,54,123.3
3,23513,EMBROIDERED RIBBON REEL SUSIE ,15,59,122.72
3,21620,SET OF 4 ROSE BOTANICAL CANDLES,19,96,122.5
3,22670,FRENCH WC SIGN BLUE METAL,13,98,122.5
3,21715,GIRLS VINTAGE TIN SEASIDE BUCKET,14,48,122.39999999999999
3,85227,SET OF 6 3D KIT CARDS FOR KIDS,23,144,122.39999999999999
3,22672,FRENCH BATHROOM SIGN BLUE METAL,12,74,122.1
3,21844,RED RETROSPOT MUG,9,43,122.05000000000001
3,84032B,CHARLIE + LOLA RED HOT WATER BOTTLE,21,45,121.95000000000002
3,22179,SET 10 NIGHT OWL LIGHTS,9,18,121.5
3,85049G,CHOCOLATE BOX RIBBONS ,22,97,121.25
3,23182,TOILET SIGN OCCUPIED OR VACANT,13,146,121.17999999999999
3,85184C,SET 4 VALENTINE DECOUPAGE HEART BOX,10,41,120.95000000000002
3,22431,WATERING CAN BLUE ELEPHANT,13,62,120.89999999999999
3,23582,VINTAGE DOILY JUMBO BAG RED ,14,58,120.64000000000001
3,21288,STRIPEY CHOCOLATE NESTING BOXES,8,44,120.2
3,21809,CHRISTMAS HANGING TREE WITH BELL,12,288,120.06
3,22349,DOG BOWL CHASING BALL DESIGN,14,32,120.0
3,37495,FAIRY CAKE BIRTHDAY CANDLE SET,17,32,120.0
3,35599D,PINK AND WHITE CHRISTMAS TREE 120CM,2,41,119.95
3,22803,IVORY EMBROIDERED QUILT ,2,3,119.85000000000001
3,84616,SILVER ROCCOCO CHANDELIER,2,4,119.8
3,85107,CUT GLASS T-LIGHT HOLDER OCTAGON,4,55,119.61
3,85035C,ROSE 3 WICK MORRIS BOX CANDLE,17,86,119.5
3,22498,WOODEN REGATTA BUNTING,6,20,119.00000000000001
3,23536,VILLAGE SHOW WALL ART,5,20,119.0
3,21983,PACK OF 12 BLUE PAISLEY TISSUES ,16,344,118.96
3,21329,DINOSAURS  WRITING SET ,27,72,118.79999999999998
3,22972,CHILDREN'S SPACEBOY MUG,20,72,118.79999999999998
3,85049C,ROMANTIC PINKS RIBBONS ,23,95,118.75
3,23010,CIRCUS PARADE BABY GIFT SET,7,7,118.64999999999999
3,23158,SET OF 5 LUCKY CAT MAGNETS ,15,57,118.56
3,21794,CLASSIC FRENCH STYLE BASKET NATURAL,7,30,118.5
3,22915,ASSORTED BOTTLE TOP  MAGNETS ,16,361,118.5
3,15044D,RED PAPER PARASOL,8,40,118.00000000000001
3,22224,WHITE LOVEBIRD LANTERN,9,40,118.00000000000001
3,21908,CHOCOLATE THIS WAY METAL SIGN,18,56,117.60000000000001
3,22534,MAGIC DRAWING SLATE SPACEBOY ,26,280,117.6
3,22195,LARGE HEART MEASURING SPOONS,18,71,117.14999999999999
3,22481,BLACK TEA TOWEL CLASSIC DESIGN,15,111,117.11
3,23039,T-LIGHT HOLDER SILVER HEART HANDLE,7,60,117.0
3,35961,FOLKART ZINC HEART CHRISTMAS DEC,17,137,116.44999999999999
3,22426,ENAMEL WASH BOWL CREAM,12,31,116.25
3,23409,PHOTO FRAME LINEN AND LACE LARGE,8,31,116.25
3,21792,CLASSIC FRENCH STYLE BASKET GREEN ,8,28,116.2
3,21504,SKULLS GREETING CARD,9,300,115.92
3,21509,COWBOYS AND INDIANS BIRTHDAY CARD ,20,276,115.92
3,22589,CARDHOLDER GINGHAM STAR,8,40,115.6
3,16161U,WRAP SUKI AND FRIENDS,9,275,115.5
3,23186,FRENCH STYLE STORAGE JAR CAFE ,16,397,115.12999999999998
3,21164,HOME SWEET HOME METAL SIGN ,12,39,115.05000000000001
3,22175,PINK OWL SOFT TOY,13,39,115.05000000000001
3,21936,RED RETROSPOT PICNIC BAG,15,39,115.05
3,23452,HEART MINI PORTRAIT FRAME,10,59,115.05
3,21111,"SWISS ROLL TOWEL, CHOCOLATE  SPOTS",5,56,114.8
3,21684,SMALL MEDINA STAMPED METAL BOWL ,4,135,114.75
3,72807B,SET/3 OCEAN SCENT CANDLE JEWEL BOX,13,27,114.75
3,84968C,SET OF 16 VINTAGE PISTACHIO CUTLERY,8,9,114.75
3,85150,LADIES & GENTLEMEN METAL SIGN,19,45,114.75
3,22115,METAL SIGN EMPIRE TEA,20,142,114.34
3,23134,LARGE ZINC HEART WALL ORGANISER,5,15,114.15
3,21642,ASSORTED TUTTI FRUTTI PEN,24,393,113.96999999999998
3,22922,FRIDGE MAGNETS US DINER ASSORTED,11,134,113.89999999999999
3,72817,SET OF 2 CHRISTMAS DECOUPAGE CANDLE,15,128,113.54
3,21638,ASSORTED TUTTI FRUTTI NOTEBOOK,8,54,113.4
3,22338,STAR DECORATION PAINTED ZINC ,20,576,113.12
3,23360,SET 8 CANDLES VINTAGE DOILY,13,58,113.1
3,22196,SMALL HEART MEASURING SPOONS,20,133,113.05
3,23236,DOILEY STORAGE TIN,6,39,112.71000000000001
3,23518,EMBROIDERED RIBBON REEL RACHEL ,13,39,112.71000000000001
3,21823,PAINTED METAL HEART WITH HOLLY BELL,11,256,112.55999999999999
3,20676,RED RETROSPOT BOWL,19,90,112.5
3,23087,ZINC  HEART T-LIGHT HOLDER,7,90,112.5
3,23406,HOME SWEET HOME KEY HOLDER,10,18,112.5
3,23096,PETIT TRAY CHIC,8,68,112.19999999999999
3,22318,FIVE HEART HANGING DECORATION,10,38,112.10000000000002
3,22667,RECIPE BOX RETROSPOT ,19,38,112.10000000000001
3,23454,THREE MINI HANGING FRAMES,8,27,112.05000000000001
3,22055,MINI CAKE STAND  HANGING STRAWBERY,16,105,111.50999999999999
3,23148,MINIATURE ANTIQUE ROSE HOOK IVORY,16,134,111.21999999999998
3,90160C,TURQ+RED BOUDICCA LARGE BRACELET,2,16,111.2
3,37447,CERAMIC CAKE DESIGN SPOTTED PLATE,5,82,111.13999999999999
3,22319,HAIRCLIPS FORTIES FABRIC ASSORTED,11,264,110.88000000000001
3,22442,GROW YOUR OWN FLOWERS SET OF 3,7,23,110.85
3,85036C,ROSE 1 WICK MORRIS BOXED CANDLE,18,67,110.75
3,23348,CHILDRENS TOY COOKING UTENSIL SET,15,53,110.24000000000001
3,82552,WASHROOM METAL SIGN,20,76,110.19999999999999
3,82580,BATHROOM METAL SIGN,26,200,110.00000000000001
3,20963,APPLE BATH SPONGE,11,88,110.0
3,23016,GLASS TWIST BON BON JAR,7,14,109.89999999999999
3,22167, OVAL WALL MIRROR DIAMANTE ,7,11,109.44999999999999
3,22763,KEY CABINET MA CAMPAGNE,6,11,109.44999999999999
3,23317,BLUE REFECTORY CLOCK ,7,11,109.44999999999999
3,23460,SWEETHEART WALL TIDY ,7,11,109.44999999999999
3,22608,PENS ASSORTED FUNKY JEWELED ,14,576,109.44
3,22531,MAGIC DRAWING SLATE CIRCUS PARADE  ,21,260,109.2
3,22119,PEACE WOODEN BLOCK LETTERS,6,20,109.0
3,23115,RED APPLES CHOPPING BOARD   ,10,22,108.9
3,23128,FELTCRAFT BOY JEAN-PAUL KIT,13,22,108.9
3,21238,RED RETROSPOT CUP,20,128,108.8
3,23402,HOME SWEET HOME 3 PEG HANGER ,7,29,108.75
3,85175,CACTI T-LIGHT CANDLES,11,256,107.52
3,23505,PLAYING CARDS I LOVE LONDON ,17,86,107.5
3,84596B,SMALL DOLLY MIX DESIGN ORANGE BOWL,37,240,107.44
3,21868,POTTING SHED TEA MUG,12,84,107.4
3,22925,BLUE GIANT GARDEN THERMOMETER,12,18,107.10000000000001
3,72349B,SET/6 PURPLE BUTTERFLY T-LIGHTS,10,51,107.10000000000001
3,22304,COFFEE MUG BLUE PAISLEY DESIGN,9,42,107.1
3,22352,LUNCH BOX WITH CUTLERY RETROSPOT ,14,42,107.1
3,22118,JOY WOODEN BLOCK LETTERS,12,26,106.5
3,23398,HANGING HEART BONHEUR,12,125,106.25
3,21078,SET/20 STRAWBERRY PAPER NAPKINS ,11,125,106.24999999999999
3,21695,SMALL SILVER FLOWER CANDLE POT,5,36,106.20000000000002
3,22360,GLASS JAR ENGLISH CONFECTIONERY,18,36,106.20000000000002
3,23060,HEART BEADED TRELLIS DECORATION,6,51,106.08
3,23471,SIX DRAWER OFFICE TIDY,3,12,105.8
3,22365,DOORMAT RESPECTABLE HOUSE,8,13,105.45
3,21291,SMALL POLKADOT CHOCOLATE GIFT BAG ,7,124,105.39999999999999
3,22246,MAGIC GARDEN FELT GARLAND ,7,54,105.29999999999998
3,21471,STRAWBERRY RAFFIA FOOD COVER,12,28,105.0
3,22047,EMPIRE GIFT WRAP,10,250,105.0
3,23218,LAUREL STAR ANTIQUE GOLD,2,84,105.0
3,23550,WRAP ALPHABET POSTER  ,8,250,105.0
3,22807,SET OF 6 T-LIGHTS TOADSTOOLS,8,40,104.40000000000002
3,72818,CHRISTMAS DECOUPAGE CANDLE,13,244,104.36
3,21707,FOLDING UMBRELLA BLACKBLUE POLKADOT,10,21,103.95
3,22628,PICNIC BOXES SET OF 3 RETROSPOT ,11,21,103.95
3,23237,SET OF 4 KNICK KNACK TINS LEAF,8,25,103.75000000000001
3,21123,SET/10 IVORY POLKADOT PARTY CANDLES,12,83,103.75
3,84536A,ENGLISH ROSE NOTEBOOK A7 SIZE,22,247,103.74
3,22148,EASTER CRAFT 4 CHICKS ,10,53,103.35
3,22283,6 EGG HOUSE PAINTED WOOD,8,13,103.35
3,22473,TV DINNER TRAY VINTAGE PAISLEY,12,28,102.60000000000001
3,22855,FINE WICKER HEART ,10,82,102.5
3,22663,JUMBO BAG DOLLY GIRL DESIGN,11,50,102.31
3,35651,VINTAGE BEAD PINK SCARF ,5,62,102.29999999999998
3,23551,PACK OF 12 PAISLEY PARK TISSUES ,16,262,102.17999999999999
3,23155,KNICKERBOCKERGLORY MAGNET ASSORTED ,11,123,102.08999999999999
3,20748,KENSINGTON COFFEE SET,6,8,102.0
3,21407,BROWN CHECK CAT DOORSTOP ,15,24,102.0
3,70007,HI TEC ALPINE HAND WARMER,6,124,101.4
3,21913,VINTAGE SEASIDE JIGSAW PUZZLES,14,27,101.25
3,22564,ALPHABET STENCIL CRAFT,16,81,101.25
3,22729,ALARM CLOCK BAKELIKE ORANGE,14,27,101.25
3,85130B,BEADED CRYSTAL HEART GREEN LARGE,9,128,101.12
3,22716,CARD CIRCUS PARADE,18,240,100.8
3,21744,SNOWFLAKE PORTABLE TABLE LIGHT ,9,34,100.30000000000001
3,22587,FELTCRAFT HAIRBAND RED AND BLUE,23,118,100.3
3,23287,RED VINTAGE SPOT BEAKER,17,118,100.3
3,21591,COSY HOUR CIGAR BOX MATCHES ,30,80,100.0
3,23064,CINDERELLA CHANDELIER ,4,2,99.89999999999998
3,23068,ALUMINIUM STAMPED HEART,9,40,99.60000000000001
3,21534,DAIRY MAID LARGE MILK JUG,11,20,99.0
3,22425,ENAMEL COLANDER CREAM,10,20,99.0
3,23051,RECYCLED ACAPULCO MAT BLUE,4,12,99.0
3,23543,WALL ART KEEP CALM ,7,12,99.0
3,23302,KNEELING MAT HOUSEWORK  DESIGN,23,61,98.92999999999999
3,23168,CLASSIC CAFE SUGAR DISPENSER,14,79,98.75
3,22834,HAND WARMER BABUSHKA DESIGN,23,47,98.7
3,84944,SET OF 6 KASHMIR FOLKART BAUBLES,9,44,98.6
3,22227,HANGING HEART MIRROR DECORATION ,13,151,98.15
3,20984,12 PENCILS TALL TUBE POSY,24,332,97.96
3,15060B,FAIRY CAKE DESIGN UMBRELLA,8,26,97.5
3,21714,CITRONELLA CANDLE GARDEN POT,11,78,97.5
3,21991,BOHEMIAN COLLAGE STATIONERY SET,19,78,97.5
3,23061,VINTAGE EMBOSSED HEART,8,78,97.5
3,22428,ENAMEL FIRE BUCKET CREAM,7,14,97.3
3,21408,SPOTTY PINK DUCK DOORSTOP,9,25,97.05
3,23288,GREEN VINTAGE SPOT BEAKER,15,114,96.89999999999999
3,23119,PACK OF 6 LARGE FRUIT STRAWS ,17,156,96.72
3,21191,LARGE WHITE HONEYCOMB PAPER BELL  ,6,46,96.6
3,21065,BOOM BOX SPEAKER GIRLS,8,17,96.45
3,35646,VINTAGE BEAD PINK EVENING BAG,6,77,96.25
3,37342,POLKADOT COFFEE CUP & SAUCER PINK,4,120,96.24000000000001
3,70006,LOVE HEART POCKET WARMER,4,58,95.69999999999999
3,84050,PINK HEART SHAPE EGG FRYING PAN,13,58,95.69999999999999
3,21539,RED RETROSPOT BUTTER DISH,6,21,95.55000000000001
3,23280,FOLDING BUTTERFLY MIRROR HOT PINK ,13,115,95.44999999999999
3,22743,MAKE YOUR OWN FLOWERPOWER CARD KIT,17,44,95.24000000000001
3,23526,DOG LICENCE WALL ART,4,16,95.2
3,22851,SET 20 NAPKINS FAIRY CAKES DESIGN ,21,112,95.19999999999999
3,22209,WOOD STAMP SET HAPPY BIRTHDAY,20,113,94.60999999999999
3,21981,PACK OF 12 WOODLAND TISSUES ,18,290,94.6
3,22710,WRAP I LOVE LONDON ,7,225,94.5
3,23545,WRAP RED VINTAGE DOILY,9,225,94.5
3,15044C,PURPLE PAPER PARASOL,6,32,94.40000000000002
3,15044A,PINK PAPER PARASOL ,6,32,94.4
3,21986,PACK OF 12 PINK POLKADOT TISSUES,19,276,94.24
3,22471,TV DINNER TRAY AIR HOSTESS ,9,19,94.05000000000001
3,23191,BUNDLE OF 3 RETRO NOTE BOOKS,19,57,94.05
3,23223,CHRISTMAS TREE HANGING SILVER ,10,113,93.78999999999999
3,84581,DOG TOY WITH PINK CROCHET SKIRT,13,25,93.75
3,21880,RED RETROSPOT TAPE,11,161,93.61000000000001
3,22789,T-LIGHT HOLDER SWEETHEART HANGING,7,48,93.6
3,21428,SET3 BOOK BOX GREEN GINGHAM FLOWER ,9,22,93.5
3,22651,GENTLEMAN SHIRT REPAIR KIT ,11,110,93.5
3,22714,CARD BIRTHDAY COWBOY,17,222,93.24
3,21403,BLUE EGG  SPOON,10,487,93.0
3,22221,CAKE STAND LOVEBIRD 2 TIER PINK,5,22,92.9
3,22509,SEWING BOX RETROSPOT DESIGN ,6,7,92.65
3,47559B,TEA TIME OVEN GLOVE,22,74,92.5
3,23489,"GARLAND, VINTAGE BELLS",3,32,92.48
3,21900,"KEY FOB , SHED",21,141,91.65
3,85019A,ROMANTIC IMAGES NOTEBOOK SET,4,73,91.25
3,22853,CAT BOWL VINTAGE CREAM,9,28,91.0
3,21207,SKULL AND CROSSBONES  GARLAND ,10,55,90.75
3,23054,RECYCLED ACAPULCO MAT LAVENDER,4,11,90.75
3,23028,DRAWER KNOB CRACKLE GLAZE BLUE,11,55,90.74999999999999
3,22713,CARD I LOVE LONDON ,13,216,90.72
3,23005,TRAVEL CARD WALLET I LOVE LONDON,19,216,90.72
3,22500,SET OF 2 TINS JARDIN DE PROVENCE,13,22,90.4
3,22339,CHRISTMAS TREE PAINTED ZINC ,11,475,90.25000000000001
3,22976,CIRCUS PARADE CHILDRENS EGG CUP ,8,72,90.0
3,23369,SET 36 COLOUR PENCILS LOVE LONDON,19,72,90.0
3,85035A,GARDENIA 3 WICK MORRIS BOXED CANDLE,13,48,90.0
3,22094,RED RETROSPOT TISSUE BOX,28,202,89.96000000000001
3,22949,36 DOILIES DOLLY GIRL,8,62,89.89999999999999
3,21264,WHITE GOOSE FEATHER TREE 60CM ,6,46,89.7
3,21217,RED RETROSPOT ROUND CAKE TINS,10,9,89.55
3,37475,SET/4 COLOURFUL MIXING BOWLS,8,9,89.55
3,21630,FLOOR CUSHION ELEPHANT CARNIVAL,4,10,89.5
3,20868,SILVER FABRIC MIRROR,8,229,89.31
3,21258,VICTORIAN SEWING BOX LARGE,5,7,89.25
3,22165,"DIAMANTE HEART SHAPED WALL MIRROR, ",6,7,89.25
3,22372,AIRLINE BAG VINTAGE WORLD CHAMPION ,13,21,89.25
3,22526,WHEELBARROW FOR CHILDREN ,6,7,89.25
3,23526,WALL ART DOG LICENCE ,9,15,89.25
3,90161C,ANT COPPER LIME BOUDICCA BRACELET,4,18,89.1
3,35471D,SET OF 3 BIRD LIGHT PINK FEATHER ,26,228,88.92
3,35953,FOLKART STAR CHRISTMAS DECORATIONS,6,228,88.91999999999999
3,21494,ROTATING LEAVES T-LIGHT HOLDER,13,71,88.75
3,84510A,SET OF 4 ENGLISH ROSE COASTERS,11,71,88.75
3,48111,DOORMAT 3 SMILEY CATS,8,11,88.65
3,85032A,ROMANTIC IMAGES GIFT WRAP SET,14,136,88.4
3,22379,RECYCLING BAG RETROSPOT ,11,42,88.2
3,21277,FRENCH STYLE EMBOSSED HEART CABINET,4,4,87.8
3,22653,BUTTON BOX ,10,45,87.75
3,22923,FRIDGE MAGNETS LES ENFANTS ASSORTED,8,103,87.55
3,85135C,RED DRAGONFLY HELICOPTER,5,11,87.45
3,21984,PACK OF 12 PINK PAISLEY TISSUES ,20,249,86.91
3,22093,MOTORING TISSUE BOX,30,185,86.77
3,22211,WOOD STAMP SET FLOWERS,24,104,86.32
3,20819,SILVER TEDDY BEAR,5,23,86.25
3,22071,SMALL WHITE RETROSPOT MUG IN BOX ,10,23,86.25
3,20754,RETROSPOT RED WASHING UP GLOVES,11,41,86.10000000000001
3,21903,MAN FLU METAL SIGN,13,41,86.10000000000001
3,22530,MAGIC DRAWING SLATE DOLLY GIRL ,21,205,86.1
3,22900, SET 2 TEA TOWELS I LOVE LONDON ,9,29,85.85000000000001
3,21086,SET/6 RED SPOTTY PAPER CUPS,15,132,85.80000000000001
3,22027,TEA PARTY BIRTHDAY CARD,21,204,85.68
3,22028,PENNY FARTHING BIRTHDAY CARD,13,204,85.68
3,22230,JIGSAW TREE WITH WATERING CAN,6,291,85.50999999999999
3,84818,DANISH ROSE PHOTO FRAME,10,99,85.25
3,21464,DISCO BALL ROTATOR BATTERY OPERATED,8,20,85.0
3,23009,I LOVE LONDON BABY GIFT SET,3,5,84.75
3,72800E,4 IVORY DINNER CANDLES SILVER FLOCK,11,36,84.64
3,21967,PACK OF 12 SKULL TISSUES,19,250,84.5
3,22336,DOVE DECORATION PAINTED ZINC ,7,342,84.30000000000001
3,37450,CERAMIC CAKE BOWL + HANGING CAKES,4,31,84.25
3,90161B,ANT COPPER TURQ BOUDICCA BRACELET,2,17,84.15
3,22341,LOVE GARLAND PAINTED ZINC ,4,51,84.14999999999999
3,23031,DRAWER KNOB CRACKLE GLAZE PINK,9,51,84.14999999999999
3,84661B,BLACK SQUARE TABLE CLOCK,1,33,84.14999999999999
3,72351A,SET/6 TURQUOISE BUTTERFLY T-LIGHTS,6,40,84.00000000000001
3,22046,TEA PARTY  WRAPPING PAPER ,10,200,84.0
3,22706,WRAP COWBOYS  ,8,200,84.0
3,22986,WRAP GINGHAM ROSE ,8,200,84.0
3,85038,6 CHOCOLATE LOVE HEART T-LIGHTS,9,40,84.0
3,21394,RED POLKADOT BEAKER ,12,191,83.85
3,22131,FOOD CONTAINER SET 3 LOVE HEART ,15,43,83.85
3,84859A,SILVER DISCO HANDBAG,5,43,83.85
3,23107,WHITE HEARTS WIRE PLANT POT HOLDER,7,29,83.81
3,22217,T-LIGHT HOLDER HANGING LACE,11,144,83.67999999999999
3,20704,MR ROBOT SOFT TOY,6,12,83.4
3,20705,MRS ROBOT SOFT TOY,6,12,83.4
3,23539,WALL ART LOVES' SECRET ,4,14,83.3
3,84843,WHITE SOAP RACK WITH 2 BOTTLES,6,14,83.3
3,21576,LETS GO SHOPPING COTTON TOTE BAG,7,37,83.25
3,21578,WOODLAND DESIGN  COTTON TOTE BAG,7,37,83.25
3,23022,SMALL BONNE JAM JAR  T-LIGHT HOLDER,5,40,83.2
3,23025,DRAWER KNOB VINTAGE GLASS BALL,7,40,83.2
3,21658,GLASS  BEURRE DISH,5,21,82.95
3,21251,DINOSAUR HEIGHT CHART STICKER SET,6,28,82.60000000000001
3,23153,ZINC SWEETHEART WIRE LETTER RACK,9,22,82.5
3,23289,DOLLY GIRL CHILDRENS BOWL,17,66,82.5
3,23423,PANTRY 3 HOOK ROLLING PIN HANGER,9,22,82.5
3,23492,VINTAGE JINGLE BELLS WREATH,4,10,82.5
3,22381,TOY TIDY PINK POLKADOT,12,39,81.9
3,18097C,WHITE TALL PORCELAIN T-LIGHT HOLDER,6,32,81.6
3,23473,WOODLAND SMALL RED FELT HEART,9,98,81.33999999999999
3,72802A,ROSE SCENT CANDLE IN JEWELLED BOX,4,21,81.33
3,22335,HEART DECORATION PAINTED ZINC ,14,125,81.25
3,23292,SPACEBOY CHILDRENS CUP,13,65,81.25
3,21015,DARK BIRD HOUSE TREE DECORATION,19,274,81.13999999999999
3,37370,RETRO COFFEE MUGS ASSORTED,7,64,80.8
3,22066,LOVE HEART TRINKET POT,16,196,80.68
3,21507,ELEPHANT BIRTHDAY CARD ,17,192,80.64
3,21519,GIN & TONIC DIET GREETING CARD ,15,192,80.64
3,22043,CHRISTMAS CARD SCREEN PRINT ,6,252,80.64
3,23000,TRAVEL CARD WALLET TRANSPORT,18,192,80.64
3,22614,PACK OF 12 SPACEBOY TISSUES,21,257,80.63
3,22754,SMALL RED BABUSHKA NOTEBOOK ,19,131,80.63
3,22197,SMALL POPCORN HOLDER,14,94,79.89999999999999
3,21012,ANTIQUE ALL GLASS CANDLESTICK,9,38,79.80000000000001
3,23462,ROCOCO WALL MIRROR WHITE,7,4,79.8
3,23220,REINDEER HEART DECORATION GOLD,8,96,79.67999999999999
3,23487,SWEET HEART CAKE CARRIER,9,8,79.6
3,22443,GROW YOUR OWN HERBS SET OF 3,5,10,79.5
3,23283,DOORMAT VINTAGE LEAVES DESIGN ,4,10,79.5
3,21709,FOLDING UMBRELLA CHOCOLATE POLKADOT,7,16,79.2
3,23411, TRELLIS COAT RACK,5,16,79.2
3,23037,CANDLE HOLDER SILVER MADELINE,4,48,79.19999999999999
3,22930,BAKING MOULD HEART MILK CHOCOLATE,12,31,79.05
3,37448,CERAMIC CAKE DESIGN SPOTTED MUG,11,53,78.97
3,20717,STRAWBERRY SHOPPER BAG,12,63,78.75
3,21828,EIGHT PIECE SNAKE  SET,15,63,78.75
3,23290,SPACEBOY CHILDRENS BOWL,20,63,78.75
3,21918,SET 12 KIDS COLOUR  CHALK STICKS,20,187,78.53999999999999
3,23479,WIRE EGG BASKET ,5,10,78.5
3,21563,RED HEART SHAPE LOVE BUCKET ,8,28,78.28
3,22433,WATERING CAN GREEN DINOSAUR,9,40,78.0
3,22537,MAGIC DRAWING SLATE DINOSAUR,17,185,77.7
3,21671,RED SPOT CERAMIC DRAWER KNOB,10,56,77.6
3,82581,TOILET METAL SIGN,21,141,77.55000000000001
3,20846,ZINC HEART LATTICE T-LIGHT HOLDER,8,62,77.5
3,23160,REGENCY TEA SPOON,4,62,77.5
3,23291,DOLLY GIRL CHILDRENS CUP,14,62,77.5
3,22439,6 ROCKET BALLOONS ,16,119,77.35000000000001
3,85184C,S/4 VALENTINE DECOUPAGE HEART BOX,4,40,77.2
3,85036A,GARDENIA 1 WICK MORRIS BOXED CANDLE,11,28,77.0
3,85032D,YULETIDE IMAGES GIFT WRAP SET,10,105,76.95
3,22164,STRING OF STARS CARD HOLDER,2,26,76.70000000000002
3,22811,SET OF 6 T-LIGHTS CACTI ,5,26,76.70000000000002
3,21901,"KEY FOB , BACK DOOR ",20,118,76.7
3,21937,STRAWBERRY   PICNIC BAG,9,26,76.7
3,21270,ANTIQUE CREAM CUTLERY CUPBOARD,6,6,76.5
3,21633,SUNFLOWER DECORATIVE PARASOL,2,6,76.5
3,22129,PARTY CONES CANDY TREE DECORATION,6,90,76.5
3,22374,AIRLINE BAG VINTAGE JET SET RED,12,18,76.5
3,72803A,ROSE SCENT CANDLE JEWELLED DRAWER,4,18,76.5
3,23380,PACK OF 12 VINTAGE DOILY TISSUES,17,196,76.44
3,71038,WHITE HANGING BEADS CANDLE HOLDER,4,14,76.30000000000001
3,21098,CHRISTMAS TOILET ROLL,18,61,76.25
3,72127,COLUMBIAN CANDLE ROUND ,8,61,76.25
3,21899,GARAGE KEY FOB,20,117,76.05
3,22030,SWALLOWS GREETING CARD,15,180,75.6
3,23270,SET OF 2 CERAMIC PAINTED HEARTS ,12,52,75.39999999999999
3,20996,JAZZ HEARTS ADDRESS BOOK,21,396,75.24000000000001
3,16235,RECYCLED PENCIL WITH RABBIT ERASER,10,358,75.17999999999999
3,22398,MAGNETS PACK OF 4 SWALLOWS,20,166,75.06
3,21469,POLKA DOT RAFFIA FOOD COVER,8,20,75.0
3,21808,"CHRISTMAS GARLAND STARS,TREES",5,20,75.0
3,22982,PANTRY PASTRY BRUSH,13,60,75.0
3,23036,T-LIGHT HOLDER SILVER PETIT FOUR ,4,60,75.0
3,23055,IVORY CHANDELIER T-LIGHT HOLDER,7,12,75.0
3,23073,GEORGIAN TRINKET BOX,6,6,75.0
3,23459,DOLLY CABINET 2 DRAWERS ,3,6,75.0
3,23558,LANDMARK FRAME LONDON BRIDGE ,3,6,75.0
3,84509G,SET OF 4 FAIRY CAKE PLACEMATS ,6,44,75.0
3,23135,SMALL ZINC HEART WALL ORGANISER,6,13,74.75
3,23472, NINE DRAWER OFFICE TIDY,2,5,74.75
3,23391, I LOVE LONDON MINI BACKPACK,9,18,74.7
3,23222,CHRISTMAS TREE HANGING GOLD,8,90,74.69999999999999
3,21706,FOLDING UMBRELLA RED/WHITE POLKADOT,6,15,74.25
3,21812,GARLAND WITH HEARTS AND BELLS,9,15,74.25
3,22939,ADULT APRON APPLE DELIGHT,5,15,74.25
3,23542,WALL ART 70'S ALPHABET ,6,9,74.25
3,85034A,3 GARDENIA MORRIS BOXED CANDLES,12,45,74.25
3,21626,VINTAGE UNION JACK PENNANT,4,38,74.1
3,47593B,SCOTTIE DOGS BABY BIB,13,190,74.1
3,22544,MINI JIGSAW SPACEBOY,15,192,73.97
3,21535,RED RETROSPOT SMALL MILK JUG,13,29,73.94999999999999
3,21424,WOODLAND STORAGE BOX LARGE ,3,25,73.75000000000001
3,21694,SMALL REGAL  SILVER CANDLEPOT ,4,25,73.75000000000001
3,22085,PAPER CHAIN KIT SKULLS ,4,25,73.75000000000001
3,22361,GLASS JAR DAISY FRESH COTTON WOOL,15,25,73.75000000000001
3,21741,COSY SLIPPER SHOES LARGE GREEN,10,25,73.75
3,84876B,GREEN HEART COMPACT MIRROR,7,59,73.75
3,85032B,BLOSSOM IMAGES GIFT WRAP SET,15,100,73.7
3,22708,WRAP DOLLY GIRL,9,175,73.5
3,22985,WRAP BILLBOARD FONTS DESIGN,5,175,73.5
3,22091,EMPIRE TISSUE BOX,21,188,73.32000000000001
3,22474,SPACEBOY TV DINNER TRAY,10,16,73.2
3,84519A,TOMATO CHARLIE+LOLA COASTER SET,7,57,72.95
3,23359,SET OF 12 T-LIGHTS VINTAGE DOILY,6,37,72.14999999999999
3,22599,CHRISTMAS MUSICAL ZINC STAR,10,156,72.11999999999999
3,21056,DOCTOR'S BAG SOFT TOY,4,8,71.6
3,22794,SWEETHEART WIRE MAGAZINE RACK,6,9,71.55
3,85136A,YELLOW SHARK HELICOPTER,9,9,71.55
3,47599A,PINK PARTY BAGS,12,34,71.4
3,22321,BIRD DECORATION RED RETROSPOT,7,84,71.39999999999999
3,22924,FRIDGE MAGNETS LA VIE EN ROSE,7,84,71.39999999999999
3,15058C,ICE CREAM DESIGN GARDEN PARASOL,3,14,71.3
3,21439,BASKET OF TOADSTOOLS,9,57,71.25
3,22477,WATERING CAN GARDEN MARKER,9,57,71.25
3,23520,EMBROIDERED RIBBON REEL RUBY ,6,19,71.25
3,22536,MAGIC DRAWING SLATE PURDEY,16,169,70.98
3,21819,GLITTER CHRISTMAS STAR ,15,176,70.94
3,22117,METAL SIGN HER DINNER IS SERVED ,7,24,70.8
3,23408,PHOTO FRAME LINEN AND LACE SMALL,7,34,70.72
3,21508,VINTAGE KID DOLLY CARD ,14,168,70.56
3,21830,ASSORTED CREEPY CRAWLIES,6,168,70.56
3,21544,SKULLS  WATER TRANSFER TATTOOS ,11,83,70.55
3,21989,PACK OF 20 SKULL PAPER NAPKINS,14,83,70.55
3,21705,BAG 500g SWIRLY MARBLES,11,116,70.44
3,22446,PIN CUSHION BABUSHKA PINK,6,21,70.35000000000001
3,23453,OVAL  MINI PORTRAIT FRAME,5,36,70.2
3,20986,BLUE CALCULATOR RULER,10,56,70.0
3,22837,HOT WATER BOTTLE BABUSHKA ,5,15,69.75
3,84974,S/2 ZINC HEART DESIGN PLANTERS,6,7,69.64999999999999
3,84356,POMPOM CURTAIN,3,10,69.5
3,23109,LED TEA LIGHTS,3,24,69.36
3,23114,VINTAGE LEAF CHOPPING BOARD  ,8,14,69.30000000000001
3,16237,SLEEPING CAT ERASERS,23,330,69.3
3,21622,VINTAGE UNION JACK CUSHION COVER,5,14,69.3
3,21708,FOLDING UMBRELLA CREAM POLKADOT,5,14,69.3
3,22277,COSMETIC BAG VINTAGE ROSE PAISLEY,7,33,69.3
3,23029,DRAWER KNOB CRACKLE GLAZE GREEN,8,42,69.3
3,85174,S/4 CACTI CANDLES,6,14,69.3
3,21673,WHITE SPOT BLUE CERAMIC DRAWER KNOB,8,53,69.25
3,22461,SAVOY ART DECO CLOCK,4,13,68.95
3,23224,CHERUB HEART DECORATION GOLD,8,83,68.89
3,22932,BAKING MOULD TOFFEE CUP CHOCOLATE,7,27,68.85
3,20674,GREEN POLKADOT BOWL,11,55,68.75
3,22478,BIRDHOUSE GARDEN MARKER ,9,55,68.75
3,85183B,CHARLIE & LOLA WASTEPAPER BIN FLORA,10,53,68.75
3,21531,RED RETROSPOT SUGAR JAM BOWL,10,28,68.7
3,22153,ANGEL DECORATION STARS ON DRESS,6,163,68.46
3,21292,SMALL STRIPES CHOCOLATE GIFT BAG ,5,80,68.0
3,22168,ORGANISER WOOD ANTIQUE WHITE ,5,8,68.0
3,22852,DOG BOWL VINTAGE CREAM,7,16,68.0
3,84558A,3D DOG PICTURE PLAYING CARDS,13,23,67.85000000000001
3,22797,CHEST OF DRAWERS GINGHAM HEART ,3,4,67.8
3,46775D,SUNSET COLOUR CHUNKY KNITTED THROW,3,4,67.8
3,85114B,IVORY ENCHANTED FOREST PLACEMAT,7,41,67.64999999999999
3,23396,LA JARDIN BOTANIQUE CUSHION COVER,4,18,67.5
3,23527,ANIMALS AND NATURE WALL ART,3,18,67.5
3,85088,CANDY SPOT HAND BAG,3,32,67.2
3,21530,DAIRY MAID TOASTRACK,14,85,67.15
3,23422,PANTRY HOOK BALLOON WHISK ,6,32,66.56
3,23559,WOODLAND BUNNIES LOLLY MAKERS,14,32,66.56
3,21179,NO JUNK MAIL METAL SIGN,14,157,66.39
3,23058,CHRISTMAS HANGING SNOWFLAKE,8,84,66.36
3,22350,ILLUSTRATED CAT BOWL ,8,26,66.3
3,22931,BAKING MOULD HEART WHITE CHOCOLATE,9,26,66.3
3,20677,PINK POLKADOT BOWL,11,53,66.25
3,23435,3 RAFFIA RIBBONS VINTAGE CHRISTMAS,8,83,65.57000000000001
3,21042,RED RETROSPOT APRON ,7,11,65.45
3,20686,DOLLY MIXTURE CHILDREN'S UMBRELLA,6,20,65.0
3,22929,SCHOOL DESK AND CHAIR ,1,1,65.0
3,23219,LAUREL STAR ANTIQUE SILVER ,7,52,65.0
3,23564,EGG CUP MILKMAID INGRID,6,52,65.0
3,21041,RED RETROSPOT OVEN GLOVE DOUBLE,11,22,64.9
3,22911,PAPER CHAIN KIT LONDON,8,22,64.9
3,22967,SET 3 SONG BIRD PAPER EGGS ASSORTED,5,22,64.9
3,22106,MIRROR MOSAIC HURRICANE LAMP ,2,11,64.65
3,23285,PINK VINTAGE SPOT BEAKER,14,76,64.6
3,22231,JIGSAW TREE WITH BIRDHOUSE,15,86,64.5
3,84819,DANISH ROSE ROUND SEWING BOX,4,54,64.38
3,21711,FOLDING UMBRELLA WHITE/RED POLKADOT,4,13,64.35000000000001
3,48116,DOORMAT MULTICOLOUR STRIPE,5,8,63.900000000000006
3,21988,PACK OF 6 SKULL PAPER PLATES,10,75,63.75
3,84946,ANTIQUE SILVER TEA GLASS ETCHED,6,51,63.75
3,15058B,PINK POLKADOT GARDEN PARASOL,5,8,63.6
3,21922,UNION STRIPE WITH FRINGE  HAMMOCK,6,8,63.6
3,22825,DECORATIVE PLANT POT WITH FRIEZE,2,8,63.6
3,22642,SET OF 4 NAPKIN CHARMS STARS   ,11,29,63.38999999999999
3,84707A,SILVER JEWELLED MIRROR TRINKET TRAY,4,16,63.199999999999996
3,35598D,PINK/WHITE CHRISTMAS TREE 60CM,4,97,63.050000000000004
3,22050,PINK PAISLEY ROSE GIFT WRAP,7,150,63.0
3,22051,BLUE SCANDINAVIAN PAISLEY WRAP,6,150,63.0
3,22715,CARD WEDDING DAY,13,150,63.0
3,23231,WRAP DOILEY DESIGN,6,150,63.0
3,23232,WRAP VINTAGE PETALS  DESIGN,5,150,63.0
3,22565,FELTCRAFT HAIRBANDS PINK AND WHITE ,12,74,62.89999999999999
3,22074,6 RIBBONS SHIMMERING PINKS ,8,38,62.69999999999999
3,23660,HENRIETTA HEN MUG ,4,38,62.69999999999999
3,22152,PLACE SETTING WHITE STAR,11,149,62.58
3,90160B,RED BOUDICCA LARGE BRACELET,1,9,62.550000000000004
3,21245,GREEN POLKADOT PLATE ,7,37,62.53
3,22241,GARLAND WOODEN HAPPY EASTER,6,50,62.5
3,22479,DAISY GARDEN MARKER,6,50,62.5
3,23018,LARGE APOTHECARY MEASURING JAR ,3,5,62.5
3,23056,FLOWERS CHANDELIER T-LIGHT HOLDER,6,10,62.5
3,23072,MARIE ANTOINETTE TRINKET BOX SILVER,5,5,62.5
3,23088,ZINC HEART FLOWER T-LIGHT HOLDER,4,50,62.5
3,84828,JUNGLE POPSICLES ICE LOLLY MOULDS,12,50,62.5
3,23027,DRAWER KNOB VINTAGE GLASS HEXAGON,3,30,62.400000000000006
3,20931,BLUE POT PLANT CANDLE ,5,20,62.2
3,22758,LARGE PURPLE BABUSHKA NOTEBOOK  ,10,91,62.15
3,21395,BLUE POLKADOT BEAKER ,6,159,62.01
3,20665,RED RETROSPOT PURSE ,5,21,61.95000000000001
3,22088,PAPER BUNTING COLOURED LACE,8,21,61.95000000000001
3,21261,GREEN GOOSE FEATHER CHRISTMAS TREE ,6,21,61.95
3,22757,LARGE RED BABUSHKA NOTEBOOK ,10,99,61.83
3,85016,SET OF 6 VINTAGE NOTELETS KIT,3,60,61.8
3,22647,CERAMIC LOVE HEART MONEY BANK,7,131,61.73
3,22314,OFFICE MUG WARMER CHOC+BLUE,8,22,61.50000000000001
3,20866,BLUE ROSE FABRIC MIRROR,4,49,61.25
3,23566,EGG CUP MILKMAID HEIDI,4,49,61.25
3,21109,LARGE CAKE TOWEL CHOCOLATE SPOTS,5,19,61.05
3,23269,SET OF 2 CERAMIC CHRISTMAS TREES,8,42,60.9
3,37327,ASSTD MULTICOLOUR CIRCLES MUG,4,156,60.839999999999996
3,84817,DANISH ROSE DECORATIVE PLATE,6,82,60.78
3,21906,PHARMACIE FIRST AID TIN,5,9,60.75
3,22785,SQUARECUSHION COVER PINK UNION JACK,6,9,60.75
3,22712,CARD DOLLY GIRL ,15,144,60.48
3,22348,TEA BAG PLATE RED RETROSPOT,12,71,60.349999999999994
3,22572,ROCKING HORSE GREEN CHRISTMAS ,11,71,60.349999999999994
3,23392,SPACEBOY ROCKET LOLLY MAKERS,20,29,60.32
3,23552,BICYCLE PUNCTURE REPAIR KIT ,6,29,60.32
3,22448,PIN CUSHION BABUSHKA RED,5,18,60.300000000000004
3,22098,BOUDOIR SQUARE TISSUE BOX,27,139,60.23
3,22107,PIZZA PLATE IN BOX,9,22,60.0
3,84924A,WAKE UP COCKEREL CALENDAR SIGN ,4,16,60.0
3,21473,SWEETHEART CREAM STEEL TABLE RECT,3,3,59.849999999999994
3,21285,RETROSPOT CANDLE  MEDIUM,3,48,59.760000000000005
3,22894,TABLECLOTH RED APPLES DESIGN ,3,6,59.699999999999996
3,84711B,PINK OVAL SHAPE TRINKET BOX,3,6,59.699999999999996
3,22999,TRAVEL CARD WALLET VINTAGE LEAF,14,142,59.64
3,22586,FELTCRAFT HAIRBAND PINK AND BLUE,17,70,59.5
3,22891,TEA FOR ONE POLKADOT,6,14,59.5
3,22854,CREAM SWEETHEART EGG HOLDER,4,12,59.400000000000006
3,22914,BLUE COAT RACK PARIS FASHION,7,12,59.400000000000006
3,21934,SKULL SHOULDER BAG,7,36,59.4
3,22804,PINK HANGING HEART T-LIGHT HOLDER,10,20,59.00000000000001
3,21644,ASSORTED TUTTI FRUTTI HEART BOX,4,47,58.75
3,78124,MAGAZINE RACK GEBRA ASSORTED ,5,47,58.75
3,85049H,URBAN BLACK RIBBONS ,9,47,58.75
3,23178,JAM CLOCK MAGNET,5,22,58.66
3,22896,PEG BAG APPLES DESIGN,7,23,58.65
3,21260,FIRST AID TIN,6,18,58.5
3,16225,RATTLE SNAKE EGGS,11,64,58.36
3,21817,GLITTER CHRISTMAS TREE,8,146,58.32000000000001
3,23026,DRAWER KNOB VINTAGE GLASS STAR,4,28,58.24
3,22293,HANGING CHICK GREEN DECORATION,8,40,58.0
3,21240,BLUE POLKADOT CUP,12,68,57.8
3,22566,FELTCRAFT HAIRBAND PINK AND PURPLE,14,68,57.8
3,23181,BULL DOG BOTTLE TOP WALL CLOCK,4,7,57.75
3,22955,36 FOIL STAR CAKE CASES ,10,28,57.49
3,22660,DOORMAT I LOVE LONDON,5,7,57.45
3,23379,PACK OF 12 RED APPLE TISSUES,11,147,57.33
3,23002,TRAVEL CARD WALLET SKULLS,14,136,57.12
3,35819P,"ACRYLIC HANGING JEWEL,PINK",4,69,56.67
3,84459A,PINK METAL CHICKEN HEART ,10,38,56.62
3,21211,SET OF 72 SKULL PAPER  DOILIES,6,39,56.55
3,23122,PARTY CHARMS 50 PIECES,11,68,56.44
3,22059,CERAMIC STRAWBERRY DESIGN MUG,6,91,56.39
3,20932,PINK POT PLANT CANDLE,3,18,56.300000000000004
3,21736,GOLD SCROLL GLASS T-LIGHT HOLDER,4,39,56.25000000000001
3,20766,GARDEN PATH SKETCHBOOK,7,15,56.25
3,20985,HEART CALCULATOR,15,45,56.25
3,21866,UNION JACK FLAG LUGGAGE TAG,10,45,56.25
3,84912B,GREEN ROSE WASHBAG,4,15,56.25
3,85071B,RED CHARLIE+LOLA PERSONAL DOORSIGN,14,144,56.16
3,22176,BLUE OWL SOFT TOY,4,19,56.05000000000001
3,22311,OFFICE MUG WARMER BLACK+SILVER ,9,19,56.050000000000004
3,21090,SET/6 COLLAGE PAPER PLATES,16,143,55.769999999999996
3,22023,EMPIRE BIRTHDAY CARD,10,132,55.44
3,22539,MINI JIGSAW DOLLY GIRL,8,132,55.44
3,22815,CARD PSYCHEDELIC APPLES,10,132,55.44
3,85130D,BEADED CRYSTAL HEART PINK LARGE,9,70,55.300000000000004
3,84884A,ANT WHITE WIRE HEART SPIRAL,6,14,55.3
3,21987,PACK OF 6 SKULL PAPER CUPS,11,85,55.25
3,22375,AIRLINE BAG VINTAGE JET SET BROWN,10,13,55.25
3,22497,SET OF 2 TINS VINTAGE BATHROOM ,6,13,55.25
3,84971S,SMALL HEART FLOWERS HOOK ,7,65,55.25
3,22996,TRAVEL CARD WALLET VINTAGE TICKET,17,131,55.019999999999996
3,23499,SET 12 VINTAGE DOILY CHALK ,14,131,55.019999999999996
3,72816,SET/3 CHRISTMAS DECOUPAGE CANDLES,4,50,54.699999999999996
3,84535B,FAIRY CAKES NOTEBOOK A6 SIZE,9,84,54.6
3,23377,PACK OF 12 DOLLY GIRL TISSUES,11,140,54.599999999999994
3,23116,VEGETABLE GARDEN CHOPPING BOARD,6,11,54.45
3,23057,BEADED CHANDELIER T-LIGHT HOLDER,5,11,54.44999999999999
3,23381,PACK OF 12 VINTAGE LEAF TISSUES ,8,139,54.209999999999994
3,22419,LIPSTICK PEN RED,12,129,54.18
3,22843,BISCUIT TIN VINTAGE GREEN,5,8,54.0
3,23431,NATURAL HANGING QUILTED HEARTS ,6,65,53.949999999999996
3,21927,BLUE/CREAM STRIPE CUSHION COVER ,6,43,53.75
3,22676,FRENCH BLUE METAL DOOR SIGN 1,4,43,53.75
3,22450,SILK PURSE BABUSHKA BLUE,6,16,53.6
3,22927,GREEN GIANT GARDEN THERMOMETER,5,9,53.55
3,79066K,RETRO MOD TRAY,13,63,53.55
3,23533,WALL ART GARDEN HAVEN ,5,11,53.45
3,22096,PINK PAISLEY SQUARE TISSUE BOX ,26,137,53.43
3,20936,FORKED CACTUS CANDLE,3,18,53.10000000000001
3,22358,KINGS CHOICE TEA CADDY ,7,18,53.10000000000001
3,22453,MEASURING TAPE BABUSHKA BLUE,3,18,53.10000000000001
3,90201B,BLACK ENAMEL FLOWER RING,1,18,53.1
3,90201D,GREEN ENAMEL FLOWER RING,1,18,53.1
3,90191,SILVER LARIAT 40CM,3,8,53.0
3,23244,ROUND STORAGE TIN VINTAGE LEAF,6,27,52.65
3,20675,BLUE POLKADOT BOWL,10,42,52.5
3,21232,STRAWBERRY CERAMIC TRINKET POT,6,42,52.5
3,21465,PINK FLOWER CROCHET FOOD COVER,8,14,52.5
3,21467,CHERRY CROCHET FOOD COVER,7,14,52.5
3,21689,SILVER VANILLA  FLOWER CANDLE POT,5,14,52.5
3,21865,PINK UNION JACK  PASSPORT COVER ,9,25,52.5
3,21947,SET OF 6 HEART CHOPSTICKS,14,42,52.5
3,22203,MILK PAN RED RETROSPOT,8,16,52.5
3,22709,WRAP WEDDING DAY,5,125,52.5
3,85059,FRENCH ENAMEL WATER BASIN,7,14,52.5
3,21244,BLUE POLKADOT PLATE ,5,31,52.39
3,22650,CERAMIC PIRATE CHEST MONEY BANK,9,36,52.199999999999996
3,82551,LAUNDRY 15C METAL SIGN,15,36,52.199999999999996
3,23159,SET OF 5 PANCAKE DAY MAGNETS,10,25,52.0
3,23507,MINI PLAYING CARDS BUFFALO BILL ,11,123,51.660000000000004
3,23475,WOODLAND SMALL PINK FELT HEART,6,62,51.459999999999994
3,21125,SET 6 FOOTBALL CELEBRATION CANDLES,7,41,51.25
3,21867,PINK UNION JACK  LUGGAGE TAG,10,41,51.25
3,21803,CHRISTMAS TREE STAR DECORATION,8,122,51.239999999999995
3,22067,CHOC TRUFFLE GOLD TRINKET POT ,3,35,51.15
3,21561,DINOSAUR LUNCH BOX WITH CUTLERY,7,20,51.0
3,21841,BABY MOUSE RED GINGHAM DRESS,8,12,51.0
3,72800B, 4 PURPLE FLOCK DINNER CANDLES,9,20,51.0
3,84931B,BLUE SCOTTIE DOG W FLOWER PATTERN,4,20,51.0
3,84968A,SET OF 16 VINTAGE ROSE CUTLERY,2,4,51.0
3,84968D,SET OF 16 VINTAGE RED CUTLERY,2,4,51.0
3,22613,PACK OF 20 SPACEBOY NAPKINS,13,60,50.99999999999999
3,72801C,4 ROSE PINK DINNER CANDLES,1,48,50.88
3,23272,TREE T-LIGHT HOLDER WILLIE WINKIE,4,40,50.879999999999995
3,22742,MAKE YOUR OWN PLAYTIME CARD KIT,9,26,50.78
3,22466,FAIRY TALE COTTAGE NIGHTLIGHT,3,26,50.699999999999996
3,22062,CERAMIC BOWL WITH LOVE HEART DESIGN,10,61,50.629999999999995
3,22747,POPPY'S PLAYHOUSE BATHROOM,11,24,50.400000000000006
3,84801A,PINK HYDRANGEA ART FLOWER,2,24,50.400000000000006
3,22819,"BIRTHDAY CARD, RETRO SPOT",10,120,50.4
3,72122,COFFEE SCENT PILLAR CANDLE,10,53,50.349999999999994
3,21239,PINK  POLKADOT CUP,11,59,50.15
3,22181,SNOWSTORM PHOTO FRAME FRIDGE MAGNET,6,59,50.15
3,22598,CHRISTMAS MUSICAL ZINC TREE,7,80,50.08
3,22279,POCKET BAG BLUE PAISLEY RED SPOT,4,40,50.0
3,22772,PINK DRAWER KNOB ACRYLIC EDWARDIAN,4,40,50.0
3,23228,FILIGREE HEART BIRD WHITE ,5,40,50.0
3,85169A,IVORY LOVE BIRD CANDLE,6,40,50.0
3,21916,SET 12 RETRO WHITE CHALK STICKS,12,119,49.980000000000004
3,23004,TRAVEL CARD WALLET PANTRY,10,119,49.98
3,85212,MINI PAINTED GARDEN DECORATION ,9,192,49.919999999999995
3,23456,MEDIUM PARLOUR PICTURE FRAME ,3,12,49.800000000000004
3,23538,WALL ART VINTAGE HEART,4,10,49.50000000000001
3,21813,GARLAND WITH STARS AND BELLS,6,10,49.5
3,22103,MIRROR MOSAIC T-LIGHT HOLDER ROUND,4,30,49.5
3,22475,SKULL DESIGN TV DINNER TRAY,8,10,49.5
3,23019,SMALL APOTHECARY MEASURING JAR ,4,6,49.5
3,23457,LARGE PARLOUR PICTURE FRAME,4,10,49.5
3,85035B,CHOCOLATE 3 WICK MORRIS BOX CANDLE,9,18,49.5
3,72131,COLUMBIAN CANDLE RECTANGLE,3,29,49.349999999999994
3,21789,KIDS RAIN MAC PINK,6,58,49.3
3,21945,STRAWBERRIES  DESIGN FLANNEL ,8,58,49.3
3,23484,HEART TRELLIS TRIPLE T-LIGHT HOLDER,4,17,49.13
3,21774,DECORATIVE CATS BATHROOM BOTTLE,5,87,48.989999999999995
3,85130C,BEADED CRYSTAL HEART BLUE  LARGE,8,62,48.98
3,23225,CHERUB HEART DECORATION SILVER ,8,59,48.97
3,84660B,BLACK STITCHED WALL CLOCK,5,47,48.97
3,20652,BLUE POLKADOT LUGGAGE TAG ,5,39,48.75
3,21126,SET OF 6 GIRLS CELEBRATION CANDLES,5,39,48.75
3,21894,POTTING SHED SEED ENVELOPES,8,39,48.75
3,22072,RED RETROSPOT TEA CUP AND SAUCER ,7,21,48.75
3,22494,EMERGENCY FIRST AID TIN ,7,39,48.75
3,22673,FRENCH GARDEN SIGN BLUE METAL,7,39,48.75
3,22674,FRENCH TOILET SIGN BLUE METAL,5,39,48.75
3,23216,LAUREL HEART ANTIQUE GOLD,5,39,48.75
3,23451,SQUARE MINI PORTRAIT FRAME,5,25,48.75
3,82616C,MIDNIGHT GLAMOUR SCARF KNITTING KIT,5,39,48.75
3,22299,PIG KEYRING WITH LIGHT & SOUND ,3,72,48.72
3,84536B,FAIRY CAKES NOTEBOOK A7 SIZE,7,116,48.72
3,84519B,CARROT CHARLIE+LOLA COASTER SET,9,36,48.4
3,22402,MAGNETS PACK OF 4 VINTAGE COLLAGE,19,124,48.36
3,22212,FOUR HOOK  WHITE LOVEBIRDS,9,23,48.300000000000004
3,23510,MINI PLAYING CARDS GYMKHANA,9,115,48.3
3,17090A,LAVENDER INCENSE 40 CONES IN TIN,4,50,48.099999999999994
3,23695,DOILY THANK YOU CARD,9,114,47.88
3,21802,CHRISTMAS TREE HEART DECORATION,7,114,47.879999999999995
3,22671,FRENCH LAUNDRY SIGN BLUE METAL,6,29,47.849999999999994
3,23338,EGG FRYING PAN RED ,13,23,47.84
3,72819,CUPID DESIGN SCENTED CANDLES,4,32,47.8
3,78033,FLAG OF ST GEORGE CHAIR,2,8,47.6
3,85176,SEWING SUSAN 21 NEEDLE SET,8,56,47.599999999999994
3,21643,ASSORTED TUTTI FRUTTI MIRROR,4,38,47.5
3,22753,SMALL YELLOW BABUSHKA NOTEBOOK ,13,92,47.48
3,22994,TRAVEL CARD WALLET RETROSPOT,12,113,47.46
3,21243,PINK  POLKADOT PLATE ,7,28,47.32
3,21084,SET/6 COLLAGE PAPER CUPS,16,249,47.31
3,47574A,ENGLISH ROSE SCENTED HANGING FLOWER,9,63,47.25
3,22362,GLASS JAR PEACOCK BATH SALTS,12,16,47.2
3,22452,MEASURING TAPE BABUSHKA PINK,5,16,47.2
3,22957,SET 3 PAPER VINTAGE CHICK PAPER EGG,6,16,47.2
3,22233,JIGSAW RABBIT AND BIRDHOUSE,13,76,46.96
3,22099,CARAVAN SQUARE TISSUE BOX,17,120,46.800000000000004
3,20886,BOX OF 9 PEBBLE CANDLES,8,24,46.8
3,21265,PINK GOOSE FEATHER TREE 60CM,2,24,46.8
3,21634,ASSORTED MINI MADRAS NOTEBOOK,3,120,46.8
3,85159B,"WHITE TEA,COFFEE,SUGAR JARS",2,24,46.8
3,20839,FRENCH PAISLEY CUSHION COVER ,7,55,46.75
3,22376,AIRLINE BAG VINTAGE JET SET WHITE,9,11,46.75
3,90198B,VINTAGE ROSE BEAD BRACELET BLACK,2,11,46.75
3,21788,KIDS RAIN MAC BLUE,6,55,46.74999999999999
3,17091J,VANILLA INCENSE IN TIN,9,109,46.64
3,23006,TRAVEL CARD WALLET FLOWER MEADOW,14,111,46.620000000000005
3,84913B,MINT GREEN ROSE TOWEL,3,10,46.5
3,84806B,WHITE CANDYSTUFT ARTIFICIAL FLOWER,3,32,46.39999999999999
3,21068,VINTAGE BILLBOARD LOVE/HATE MUG,9,37,46.25
3,21355,TOAST ITS - I LOVE YOU ,9,37,46.25
3,21773,DECORATIVE ROSE BATHROOM BOTTLE,4,37,46.25
3,23086,ZINC  STAR T-LIGHT HOLDER ,4,37,46.25
3,23562,SET OF 6 RIBBONS PERFECTLY PRETTY  ,5,16,46.24
3,22412,METAL SIGN NEIGHBOURHOOD WITCH ,7,22,46.2
3,85170C,SET/6 EAU DE NIL BIRD T-LIGHTS,3,22,46.2
3,20767,BLUE PAISLEY JOURNAL ,7,18,45.9
3,20840,FRENCH FLORAL CUSHION COVER ,4,54,45.9
3,21587,COSY HOUR GIANT TUBE MATCHES,5,18,45.9
3,84584,PINK GINGHAM CAT WITH SCARF,2,18,45.9
3,16016,LARGE CHINESE STYLE SCISSOR,7,57,45.85
3,23140,TRIPLE WIRE HOOK IVORY HEART,4,11,45.650000000000006
3,22638,SET OF 4 NAPKIN CHARMS CROWNS ,7,22,45.54
3,22024,RAINY LADIES BIRTHDAY CARD,9,108,45.36
3,22718,CARD CAT AND TREE ,9,108,45.36
3,85230B,CINNAMON SCENTED VOTIVE CANDLE,6,156,45.239999999999995
3,85132A,CHARLIE + LOLA BISCUITS TINS,3,19,45.05
3,21289,LARGE STRIPES CHOCOLATE GIFT BAG,3,36,45.0
3,21581,SKULLS  DESIGN  COTTON TOTE BAG,4,20,45.0
3,21637,ASSORTED SANSKRIT MINI NOTEBOOK,2,36,45.0
3,23523,TREASURE AHOY WALL ART,2,12,45.0
3,23525,BUFFALO BILL WALL ART ,2,12,45.0
3,47367B,PAIR PADDED HANGERS PINK CHECK,5,12,45.0
3,84912A,PINK ROSE WASHBAG,4,12,45.0
3,22755,SMALL PURPLE BABUSHKA NOTEBOOK ,12,89,44.93
3,21628,TRIANGULAR POUFFE VINTAGE ,2,3,44.849999999999994
3,21781,MA CAMPAGNE CUTLERY BOX,3,3,44.849999999999994
3,22770,MIRROR CORNICE,2,3,44.849999999999994
3,23282,FOLDING BUTTERFLY MIRROR IVORY ,9,54,44.82
3,21054,NURSE'S BAG SOFT TOY,3,5,44.75
3,90184B,AMETHYST CHUNKY BEAD BRACELET W STR,2,5,44.75
3,23532,WALL ART WORK REST AND PLAY  ,3,9,44.550000000000004
3,21682,LARGE MEDINA STAMPED METAL BOWL ,3,9,44.55
3,37500,TEA TIME TEAPOT IN GIFT BOX,6,9,44.55
3,21200,MULTICOLOUR HONEYCOMB PAPER GARLAND,3,27,44.54999999999999
3,85054,FRENCH ENAMEL POT W LID,6,22,44.5
3,21688,SILVER PLATE CANDLE BOWL SMALL,3,15,44.25000000000001
3,21739,COSY SLIPPER SHOES SMALL GREEN,8,15,44.25
3,22317,FIVE CATS HANGING DECORATION,5,15,44.25
3,21878,PACK OF 6 SANDCASTLE FLAGS ASSORTED,10,52,44.199999999999996
3,85177,BASKET OF FLOWERS SEWING KIT,7,52,44.199999999999996
3,22664,TOY TIDY DOLLY GIRL DESIGN,4,21,44.1
3,22049,WRAP CHRISTMAS SCREEN PRINT,6,200,43.75
3,22420,LIPSTICK PEN BABY PINK,10,104,43.68
3,23324,RUSTIC STRAWBERRY JAM POT LARGE ,5,21,43.68
3,21014,SWISS CHALET TREE DECORATION ,8,137,43.64999999999999
3,21317,GLASS SPHERE CANDLE STAND MEDIUM,3,8,43.6
3,22228,BUNNY WOODEN PAINTED WITH BIRD ,10,69,43.47
3,85231B,CINAMMON SET OF 9 T-LIGHTS,9,51,43.349999999999994
3,35818P,"ACRYLIC JEWEL ICICLE, PINK",5,114,43.32
3,21096,SET/6 FRUIT SALAD  PAPER PLATES,12,111,43.29
3,23123,COCKTAIL SWORDS 50 PIECES,7,52,43.16
3,21650,ASSORTED TUTTI FRUTTI BRACELET,11,227,43.13
3,85132B,CHARLIE AND LOLA TABLE TINS,5,18,43.1
3,84859C,PINK DISCO HANDBAG,4,22,42.9
3,85025B,EAU DE NILE HEART SHAPE PHOTO FRAME,3,26,42.89999999999999
3,22155,STAR DECORATION RUSTIC,10,102,42.84
3,84596G,SMALL CHOCOLATES PINK BOWL,13,102,42.839999999999996
3,22057,CERAMIC PLATE STRAWBERRY DESIGN,5,64,42.56
3,21269,ANTIQUE CREAM CUTLERY SHELF ,3,5,42.5
3,90120B,BLUE MURANO TWIST BRACELET,1,10,42.5
3,90120C,GREEN MURANO TWIST BRACELET,1,10,42.5
3,90198A,VINTAGE ROSE BEAD BRACELET RASPBERR,1,10,42.5
3,21165,BEWARE OF THE CAT METAL SIGN ,12,25,42.25
3,22400,MAGNETS PACK OF 4 HOME SWEET HOME,20,106,42.199999999999996
3,22756,LARGE YELLOW BABUSHKA NOTEBOOK ,8,75,42.15
3,22513,DOORSTOP FOOTBALL DESIGN,6,12,42.04
3,22101,MIRROR MOSAIC VOTIVE HOLDER,3,20,42.00000000000001
3,20752,BLUE POLKADOT WASHING UP GLOVES,12,20,42.0
3,21427,SKULLS STORAGE BOX SMALL,5,20,42.0
3,22048,BIRTHDAY BANQUET GIFT WRAP,6,100,42.0
3,22199,FRYING PAN RED RETROSPOT,8,12,42.0
3,22707,WRAP MONSTER FUN ,4,100,42.0
3,72232,FENG SHUI PILLAR CANDLE,10,221,41.99
3,82578,KITCHEN METAL SIGN,15,76,41.800000000000004
3,21129,SILVER FISHING GNOME ,2,6,41.7
3,21528,DAIRY MAID TRADITIONAL TEAPOT ,6,6,41.7
3,23335,EGG FRYING PAN IVORY ,14,20,41.6
3,85173,SET/6 FROG PRINCE T-LIGHT CANDLES,7,17,41.589999999999996
3,22472,TV DINNER TRAY DOLLY GIRL,6,9,41.550000000000004
3,84820,DANISH ROSE TRINKET TRAYS,5,15,41.33
3,84429A,MEDIUM PINK BUDDHA HEAD ,3,14,41.300000000000004
3,90201A,PURPLE ENAMEL FLOWER RING,2,14,41.3
3,21466,RED FLOWER CROCHET FOOD COVER,9,11,41.25
3,22288,HANGING METAL RABBIT DECORATION,7,33,41.25
3,23465,TUSCAN VILLA FEEDING STATION,3,5,41.25
3,23466,TUSCAN VILLA DOVECOTE BIRD FEEDER,4,5,41.25
3,84789,ENCHANTED BIRD PLANT CAGE,4,11,41.25
3,21197,MULTICOLOUR  CONFETTI IN TUBE,3,25,41.24999999999999
3,22285,HANGING HEN ON NEST DECORATION,2,25,41.24999999999999
3,23482,PEARLISED IVORY HEART LARGE ,6,25,41.24999999999999
3,85203,HANGING WOOD AND FELT BUTTERFLY ,7,98,41.16
3,22244,3 HOOK HANGER MAGIC GARDEN,4,21,40.949999999999996
3,21175,GIN AND TONIC DIET METAL SIGN,4,16,40.8
3,21201,TROPICAL  HONEYCOMB PAPER GARLAND ,5,16,40.8
3,22522,CHILDS GARDEN FORK BLUE ,8,48,40.8
3,22523,CHILDS GARDEN FORK PINK,7,48,40.8
3,22641,SET OF 4 NAPKIN CHARMS INSTRUMENT,8,16,40.8
3,22740,POLKADOT PEN,1,48,40.8
3,23474,WOODLAND SMALL BLUE FELT HEART,5,49,40.669999999999995
3,22097,SWALLOW SQUARE TISSUE BOX,28,102,40.64
3,85071A,BLUE CHARLIE+LOLA PERSONAL DOORSIGN,12,104,40.559999999999995
3,35001G,HAND OPEN SHAPE GOLD,4,18,40.5
3,22026,BANQUET BIRTHDAY  CARD  ,6,96,40.32
3,22414,DOORMAT NEIGHBOURHOOD WITCH ,3,5,40.05
3,21926,RED/CREAM STRIPE CUSHION COVER ,6,32,40.0
3,20785,FUSCHIA RETRO BAR STOOL,1,1,39.95
3,22514,CHILDS GARDEN SPADE BLUE,8,19,39.900000000000006
3,84679,CLASSICAL ROSE TABLE LAMP,1,2,39.9
3,35810A,ENAMEL PINK COFFEE CONTAINER,4,48,39.839999999999996
3,21784,SHOE SHINE BOX ,3,4,39.8
3,22342,HOME GARLAND PAINTED ZINC ,4,53,39.75
3,22916,HERB MARKER THYME,14,61,39.650000000000006
3,22917,HERB MARKER ROSEMARY,14,61,39.650000000000006
3,22918,HERB MARKER PARSLEY,14,61,39.650000000000006
3,23117,POPPY FIELDS CHOPPING BOARD,6,8,39.6
3,85232D,SET/3 DECOUPAGE STACKING TINS,4,8,39.6
3,20802,SMALL GLASS SUNDAE DISH CLEAR,3,24,39.599999999999994
3,21192,WHITE BELL HONEYCOMB PAPER ,4,24,39.599999999999994
3,23661,MILK MAIDS MUG ,5,24,39.599999999999994
3,23074,EMBOSSED HEART TRINKET BOX,4,19,39.52
3,23420,PANTRY HOOK TEA STRAINER ,5,19,39.519999999999996
3,23425,STORAGE TIN HOME SWEET HOME,3,24,39.36
3,16259,PIECE OF CAMO STATIONERY SET,4,490,39.2
3,84997C,BLUE 3 PIECE POLKADOT CUTLERY SET,4,10,39.1
3,21389,IVORY HANGING DECORATION  BIRD,6,46,39.099999999999994
3,21666,RIDGED GLASS T-LIGHT HOLDER,5,60,39.0
3,21928,JUMBO BAG SCANDINAVIAN PAISLEY,4,20,39.0
3,22921,HERB MARKER CHIVES ,13,60,39.0
3,22700,BLACK AND WHITE DOG BOWL,7,26,38.900000000000006
3,21718,RED METAL BEACH SPADE ,7,31,38.75
3,85183A,CHARLIE & LOLA WASTEPAPER BIN BLUE,7,31,38.75
3,22529,MAGIC DRAWING SLATE GO TO THE FAIR ,9,92,38.64
3,23509,MINI PLAYING CARDS FUN FAIR ,7,92,38.64
3,85017B,ENVELOPE 50 BLOSSOM IMAGES,13,92,38.64
3,18098C,PORCELAIN BUTTERFLY OIL BURNER,2,13,38.35000000000001
3,21425,SKULLS STORAGE BOX LARGE,3,13,38.35000000000001
3,22359,GLASS JAR KINGS CHOICE,8,13,38.35000000000001
3,90201C,RED ENAMEL FLOWER RING,2,13,38.35000000000001
3,22496,SET OF 2 ROUND TINS DUTCH CHEESE,7,13,38.35
3,22863,SOAP DISH BROCANTE,5,13,38.35
3,84674,FLYING PIG WATERING CAN,6,13,38.35
3,21361,LOVE LARGE WOOD LETTERS ,3,3,38.25
3,21537,RED RETROSPOT PUDDING BOWL,3,9,38.25
3,22200,FRYING PAN PINK POLKADOT,3,9,38.25
3,22282,12 EGG HOUSE PAINTED WOOD,2,3,38.25
3,22640,SET OF 4 NAPKIN CHARMS 3 KEYS ,6,15,38.25
3,22760,"TRAY, BREAKFAST IN BED",3,3,38.25
3,84051,ASS COLOUR GLOWING TIARAS,8,45,38.25
3,84969,BOX OF 6 ASSORTED COLOUR TEASPOONS,6,9,38.25
3,20615,BLUE POLKADOT PASSPORT COVER,5,49,38.1
3,20777,CHRYSANTHEMUM NOTEBOOK,8,23,37.949999999999996
3,84661A,WHITE SQUARE TABLE CLOCK,1,48,37.92
3,84661C,PINK SQUARE TABLE CLOCK,1,48,37.92
3,85161,ACRYLIC GEOMETRIC LAMP,2,2,37.9
3,21088,SET/6 FRUIT SALAD PAPER CUPS,13,199,37.81
3,82600,N0 SINGING METAL SIGN,4,18,37.800000000000004
3,22377,BOTTLE BAG RETROSPOT ,5,18,37.8
3,40016,CHINESE DRAGON PAPER LANTERNS,3,90,37.8
3,21373,MIRRORED WALL ART SNOWFLAKES,6,50,37.5
3,22775,PURPLE DRAWERKNOB ACRYLIC EDWARDIAN,6,30,37.5
3,23043,PAPER LANTERN 9 POINT HOLLY STAR L,2,6,37.5
3,23069,EDWARDIAN PHOTO FRAME,3,6,37.5
3,23071,MARIE ANTOINETTE TRINKET BOX GOLD,6,3,37.5
3,23557,LANDMARK FRAME BAKER STREET ,3,3,37.5
3,21365,MIRRORED WALL ART STARS,9,47,37.45
3,84926E,FLOWERS TILE COASTER,6,122,37.3
3,35637A,IVORY STRING CURTAIN WITH POLE ,4,19,37.05
3,22312,OFFICE MUG WARMER POLKADOT,9,13,36.650000000000006
3,22905,CALENDAR IN SEASON DESIGN,8,13,36.650000000000006
3,21679,SKULLS  STICKERS,5,43,36.55
3,23508,MINI PLAYING CARDS DOLLY GIRL ,9,87,36.54
3,22805,BLUE DRAWER KNOB ACRYLIC EDWARDIAN,5,29,36.25
3,82616B,FRAPPUCINO SCARF KNITTING KIT,5,29,36.25
3,23194,GYMKHANNA TREASURE BOOK BOX,2,16,36.0
3,22824,3 TIER SWEETHEART GARDEN SHELF,1,1,35.95
3,21033,JUMBO BAG CHARLIE AND LOLA TOYS,6,16,35.89
3,90184C,BLACK CHUNKY BEAD BRACELET W STRAP,1,4,35.8
3,22920,HERB MARKER BASIL,14,55,35.75
3,20772,GARDEN PATH JOURNAL,4,14,35.7
3,22926,IVORY GIANT GARDEN THERMOMETER,4,6,35.7
3,21039,RED RETROSPOT SHOPPING BAG,3,14,35.699999999999996
3,21677,HEARTS  STICKERS,5,42,35.699999999999996
3,21874,GIN AND TONIC MUG,7,25,35.65
3,22806,SET OF 6 T-LIGHTS WEDDING CAKE ,2,12,35.400000000000006
3,84804A,CREAM DELPHINIUM ARTIFICIAL FLOWER,1,12,35.400000000000006
3,21564,PINK  HEART SHAPE LOVE BUCKET ,2,12,35.4
3,21609,SET 12 LAVENDER  BOTANICAL T-LIGHTS,5,12,35.4
3,90129F,RED GLASS TASSLE BAG CHARM,3,12,35.4
3,84766,SILVER ROCOCO CANDLE STICK,2,14,35.3
3,22814,CARD PARTY GAMES ,7,84,35.28
3,22817,CARD SUKI BIRTHDAY,5,84,35.28
3,22813,PACK 3 BOXES BIRD PANETTONE ,3,18,35.099999999999994
3,21925,UNION STRIPE CUSHION COVER ,3,28,35.0
3,84876D,BLUE HEART COMPACT MIRROR,3,26,35.0
3,22262,FELT EGG COSY CHICKEN,6,41,34.849999999999994
3,21128,GOLD FISHING GNOME,2,5,34.75
3,22611,VINTAGE UNION JACK SHOPPING BAG,3,7,34.650000000000006
3,22329,ROUND CONTAINER SET OF 5 RETROSPOT,6,21,34.65
3,22913,RED COAT RACK PARIS FASHION,5,7,34.65
3,22939,APRON APPLE DELIGHT,3,7,34.65
3,85179C,PINK BITTY LIGHT CHAIN,2,25,34.65
3,90158,ST TROPEZ NECKLACE,3,7,34.65
3,22092,BLUE PAISLEY TISSUE BOX,21,88,34.32
3,35819B,"ACRYLIC HANGING JEWEL,BLUE",7,90,34.2
3,22777,GLASS CLOCHE LARGE,2,4,34.0
3,84609,TALL ROCOCO CANDLE HOLDER,1,4,34.0
3,22232,JIGSAW TOADSTOOLS 3 PIECE,11,54,33.98
3,21208,PASTEL COLOUR HONEYCOMB FAN,7,92,33.93
3,84352,SILVER CHRISTMAS TREE BAUBLE STAND ,2,2,33.9
3,22821,GIFT BAG PSYCHEDELIC APPLES,5,52,33.800000000000004
3,20765,CHRYSANTHEMUM SKETCHBOOK ,8,9,33.75
3,21351,CINAMMON & ORANGE WREATH,3,5,33.75
3,21635,MADRAS NOTEBOOK LARGE ,3,17,33.75
3,23136,IVORY WIRE SWEETHEART LETTER TRAY,3,9,33.75
3,23529,WALL ART DOLLY GIRL ,3,9,33.75
3,84509C,SET OF 4 POLKADOT PLACEMATS ,4,9,33.75
3,84877B,GREEN ROUND COMPACT MIRROR,3,27,33.75
3,84877D,BLUE ROUND COMPACT MIRROR,4,27,33.75
3,47599B,BLUE PARTY BAGS ,4,16,33.6
3,22269,EGG CUP NATURAL CHICKEN,7,86,33.54
3,23498,CLASSIC BICYCLE CLIPS ,8,23,33.35
3,22223,CAKE PLATE LOVEBIRD PINK,3,14,33.3
3,23454,SET OF 3 MINI HANGING PORTRAITS,1,8,33.2
3,47343A,FUSCHIA FLOWER PURSE WITH BEADS,3,40,33.199999999999996
3,22116,METAL SIGN HIS DINNER IS SERVED,8,42,33.18
3,23121,PACK OF 6 COCKTAIL PARASOL STRAWS,6,79,33.18
3,22276,WASH BAG VINTAGE ROSE PAISLEY,5,13,33.15
3,22309,TEA COSY RED  STRIPE,5,13,33.15
3,22438,BALLOON ART MAKE YOUR OWN FLOWERS,4,17,33.15
3,85194S,HANGING SPRING FLOWER EGG SMALL,5,116,33.080000000000005
3,22332,SKULLS PARTY BAG + STICKER SET,9,20,33.0
3,23465,TUSCAN VILLA BIRD FEEDER,3,4,33.0
3,23468,TUSCAN VILLA BIRD TABLE ,3,4,33.0
3,85039B,S/4 IVORY MINI ROSE CANDLE IN BOWL,10,20,33.0
3,85206A,CREAM FELT EASTER EGG BASKET,3,20,33.0
3,22973,CHILDREN'S CIRCUS PARADE MUG,6,20,32.99999999999999
3,20934,SET/3 POT PLANT CANDLES,3,6,32.7
3,35004B,SET OF 3 BLACK FLYING DUCKS,2,6,32.7
3,84031A,CHARLIE+LOLA RED HOT WATER BOTTLE ,5,7,32.550000000000004
3,16238,PARTY TIME PENCIL ERASERS,16,155,32.55
3,21420,OYSTER TRINKET BOX,4,10,32.5
3,22251,BIRDHOUSE DECORATION MAGIC GARDEN,4,26,32.5
3,22512,DOORSTOP RACING CAR DESIGN,3,14,32.5
3,22675,FRENCH KITCHEN SIGN BLUE METAL,3,26,32.5
3,22774,RED DRAWER KNOB ACRYLIC EDWARDIAN,3,26,32.5
3,22936,BAKING MOULD ROSE WHITE CHOCOLATE,3,10,32.5
3,85019B,BLOSSOM  IMAGES NOTEBOOK SET,2,26,32.5
3,85185B,PINK HORSE SOCK PUPPET KIT,4,11,32.45
3,84660C,PINK STITCHED WALL CLOCK,3,41,32.39
3,22786,CUSHION COVER PINK UNION JACK,4,7,32.25
3,22540,MINI JIGSAW CIRCUS PARADE ,5,80,32.22
3,21442,GREEN BIRDHOUSE DECORATION,5,75,32.07
3,22997,TRAVEL CARD WALLET UNION JACK,11,76,31.92
3,47504H,ENGLISH ROSE SPIRIT LEVEL ,10,36,31.92
3,22615,PACK OF 12 CIRCUS PARADE TISSUES ,7,97,31.83
3,84707B,PINK JEWELLED MIRROR TRINKET TRAY,3,4,31.799999999999997
3,22519,CHILDS GARDEN BRUSH PINK,5,15,31.500000000000004
3,21167,WHITE SAGE INCENSE,5,150,31.5
3,22038,BOTANICAL LAVENDER GIFT WRAP ,3,75,31.5
3,22040,BOTANICAL ROSE GIFT WRAP,3,75,31.5
3,22705,WRAP GREEN PEARS ,3,75,31.5
3,23548,WRAP MAGIC FOREST ,3,75,31.5
3,23549,WRAP BIRD GARDEN ,3,75,31.5
3,47578A,ENGLISH ROSE SMALL SCENTED FLOWER,6,37,31.45
3,20758,ABSTRACT CIRCLES POCKET BOOK,10,37,31.449999999999996
3,22095,LADS ONLY TISSUE BOX,19,76,31.360000000000003
3,22334,DINOSAUR PARTY BAG + STICKER SET,5,19,31.349999999999998
3,21447,12 IVORY ROSE PEG PLACE SETTINGS,3,25,31.25
3,21648,ASSORTED TUTTI FRUTTI SMALL PURSE,2,25,31.25
3,21875,KINGS CHOICE MUG,8,25,31.25
3,85169D,PINK LOVE BIRD CANDLE,3,25,31.25
3,37479B,CUBIC MUG FLOCK BLUE ON BROWN,4,69,31.23
3,21902,"KEY FOB , FRONT  DOOR ",13,48,31.200000000000003
3,23336,EGG FRYING PAN PINK ,9,15,31.200000000000003
3,23339,EGG FRYING PAN BLUE ,10,15,31.200000000000003
3,21417,COCKLE SHELL DISH,4,26,31.020000000000003
3,21400,RED PUDDING SPOON,11,258,30.96
3,22032,BOTANICAL LILY GREETING CARD,7,73,30.66
3,17012C,ORIGAMI LAVENDER INCENSE/CANDL SET ,8,36,30.599999999999998
3,17107D,FLOWER FAIRY 5 DRAWER LINERS,5,12,30.599999999999998
3,21063,PARTY INVITES JAZZ HEARTS,8,36,30.599999999999998
3,21279,VINTAGE KITCHEN PRINT FRUITS,1,12,30.599999999999998
3,21286,RETROSPOT CANDLE  LARGE,1,12,30.599999999999998
3,21700,BIG DOUGHNUT FRIDGE MAGNETS,3,36,30.599999999999998
3,21818,GLITTER CHRISTMAS HEART ,1,36,30.599999999999998
3,22069,BROWN  PIRATE TREASURE CHEST ,5,30,30.599999999999998
3,85023B,EAU DE NILE JEWELLED PHOTOFRAME,2,12,30.599999999999998
3,22292,HANGING CHICK  YELLOW DECORATION,8,21,30.45
3,84663A,GRASS HOPPER WOODEN WALL CLOCK ,5,32,30.44
3,16012,FOOD/DRINK SPONGE STICKERS,6,144,30.240000000000002
3,22025,RING OF ROSES BIRTHDAY CARD,6,72,30.240000000000002
3,22031,BOTANICAL LAVENDER BIRTHDAY CARD,6,72,30.240000000000002
3,22033,BOTANICAL ROSE GREETING CARD,3,72,30.240000000000002
3,22042,CHRISTMAS CARD SINGING ANGEL,5,72,30.240000000000002
3,21112,"SWISS ROLL TOWEL, PINK  SPOTS",1,24,30.0
3,21145,ANTIQUE GLASS PLACE SETTING,2,24,30.0
3,21468,BUTTERFLY CROCHET FOOD COVER,6,8,30.0
3,21472,LADYBIRD + BEE RAFFIA FOOD COVER,3,8,30.0
3,22256,FELT FARM ANIMAL CHICKEN,2,24,30.0
3,22258,FELT FARM ANIMAL RABBIT,2,24,30.0
3,22773,GREEN DRAWER KNOB ACRYLIC EDWARDIAN,4,24,30.0
3,23438,GIFT BAG LARGE SPOT ,2,24,30.0
3,23476,WOODLAND LARGE RED FELT HEART,2,24,30.0
3,47585A,PINK FAIRY CAKE CUSHION COVER,2,8,30.0
3,82001S,SILVER RECORD COVER FRAME,1,8,30.0
3,85036B,CHOCOLATE 1 WICK MORRIS BOX CANDLE,7,24,30.0
3,90030A,SPOTTED WHITE NATURAL SEED NECKLACE,2,30,30.0
3,90030B,RED KUKUI COCONUT SEED NECKLACE,2,30,30.0
3,90057,DIAMANTE RING ASSORTED IN BOX.,1,24,30.0
3,21310,CAPIZ CHANDELIER,1,1,29.95
3,21761,WOOD AND GLASS MEDICINE CABINET,1,1,29.95
3,22504,CABIN BAG VINTAGE RETROSPOT,1,1,29.95
3,22829,SWEETHEART WIRE WALL TIDY,3,3,29.849999999999998
3,23463,VINTAGE ZINC WATERING CAN,2,3,29.849999999999998
3,84711A,SILVER OVAL SHAPE TRINKET BOX,1,3,29.849999999999998
3,90014A,SILVER/MOP ORBIT NECKLACE,3,3,29.849999999999998
3,21163,DO NOT TOUCH MY STUFF DOOR HANGER ,15,71,29.81
3,22267,EASTER DECORATION EGG BUNNY ,6,72,29.799999999999997
3,21455,PAINTED YELLOW WOODEN DAISY,6,35,29.75
3,84006,MAGIC TREE -PAPER FLOWERS,6,35,29.75
3,20997,ROSE DU SUD CUSHION COVER ,1,6,29.700000000000003
3,21710,FOLDING UMBRELLA PINKWHITE POLKADOT,5,6,29.700000000000003
3,21851,LILAC DIAMANTE PEN IN GIFT BOX,4,6,29.700000000000003
3,23413,VINTAGE COFFEE GRINDER BOX,2,6,29.700000000000003
3,23537,I LOVE LONDON WALL ART,1,6,29.700000000000003
3,90161D,ANT COPPER PINK BOUDICCA BRACELET,1,6,29.700000000000003
3,22912,YELLOW COAT RACK PARIS FASHION,4,6,29.7
3,84563A,PINK & WHITE BREAKFAST TRAY,2,9,29.55
3,21917,SET 12 KIDS  WHITE CHALK STICKS,10,70,29.4
3,22717,CARD DOG AND BALL ,6,70,29.4
3,35954,SMALL FOLKART STAR CHRISTMAS DEC,3,154,29.26
3,21263,GREEN GOOSE FEATHER TREE 60CM,3,15,29.25
3,23070,EDWARDIAN HEART PHOTO FRAME,3,7,29.050000000000004
3,21973,SET OF 36 MUSHROOM PAPER DOILIES,3,20,29.0
3,23024,LARGE BONNE JAM JAR  T-LIGHT HOLDER,1,10,28.900000000000002
3,22249,DECORATION WHITE CHICK MAGIC GARDEN,3,34,28.9
3,22266,EASTER DECORATION HANGING BUNNY,9,137,28.79
3,21618,4 WILDFLOWER BOTANICAL CANDLES,5,19,28.75
3,22677,FRENCH BLUE METAL DOOR SIGN 2,5,23,28.75
3,23047,PAPER LANTERN 5 POINT SEQUIN STAR,3,5,28.75
3,85049F,BABY BOOM RIBBONS ,6,23,28.75
3,22919,HERB MARKER MINT,12,44,28.6
3,20832,RED FLOCK LOVE HEART PHOTO FRAME,8,73,28.47
3,75172,PAINTED SEA SHELL METAL WINDCHIME,1,36,28.44
3,85204,HANGING WOOD AND FELT FLOWER,7,231,28.319999999999997
3,22422,TOOTHPASTE TUBE PEN,8,58,28.160000000000004
3,22132,RED LOVE HEART SHAPE CUP,7,33,28.05
3,17012A,ORIGAMI VANILLA INCENSE/CANDLE SET ,3,33,28.049999999999997
3,21586,KINGS CHOICE GIANT TUBE MATCHES,9,11,28.049999999999997
3,84508B,STRIPES DESIGN TEDDY,4,11,28.049999999999997
3,21882,SKULLS TAPE,5,43,27.950000000000003
3,22337,ANGEL DECORATION PAINTED ZINC ,4,43,27.95
3,84997D,PINK 3 PIECE POLKADOT CUTLERY SET,3,7,27.85
3,84926D,LA PALMIERA TILE COASTER,3,96,27.839999999999996
3,84658,WHITE STITCHED CUSHION COVER,2,4,27.8
3,23697,A PRETTY THANK YOU CARD,2,66,27.72
3,20869,GOLD FABRIC MIRROR,4,71,27.69
3,21872,GLAMOROUS  MUG,7,22,27.5
3,22685,FRENCH BLUE METAL DOOR SIGN 0,2,22,27.5
3,22953,BIRTHDAY PARTY CORDON BARRIER TAPE,8,22,27.5
3,46000U,POLYESTER FILLER PAD 30CMx30CM,2,22,27.5
3,72369A,PINK CLEAR GLASS CANDLE PLATE,2,22,27.5
3,35923,CANDY HEART HANGING DECORATION,6,57,27.39
3,90058A,CRYSTAL STUD EARRINGS CLEAR DISPLAY,1,72,27.36
3,90058B,CRYSTAL STUD EARRINGS ASSORTED COL ,1,72,27.36
3,21415,CLAM SHELL SMALL ,3,13,27.300000000000004
3,82599,FANNY'S REST STOPMETAL SIGN,2,13,27.300000000000004
3,22517,CHILDS GARDEN RAKE PINK,7,13,27.3
3,16216,LETTER SHAPE PENCIL SHARPENER,10,430,27.299999999999997
3,23579,SNACK TRAY I LOVE LONDON,5,14,27.299999999999997
3,23120,PACK OF 6 SMALL FRUIT STRAWS,10,64,26.88
3,22447,PIN CUSHION BABUSHKA BLUE,2,8,26.8
3,23597,PAPER BUNTING PAISLEY PARK,4,9,26.55
3,22858,EASTER TIN KEEPSAKE,3,16,26.4
3,84926A,WAKE UP COCKEREL TILE COASTER,5,84,26.279999999999998
3,16236,KITTY PENCIL ERASERS,11,125,26.25
3,20762,GREEN FERN SKETCHBOOK ,7,7,26.25
3,20764,ABSTRACT CIRCLES SKETCHBOOK ,5,7,26.25
3,21664,RIDGED GLASS STORAGE JAR CREAM LID,3,7,26.25
3,22409,MONEY BOX BISCUITS DESIGN,5,21,26.25
3,22510,GINGHAM BABUSHKA DOORSTOP,3,7,26.25
3,84509B,SET OF 4 FAIRY CAKE PLACEMATS,3,7,26.25
3,84952A,CLEAR LOVE BIRD T-LIGHT HOLDER,2,7,26.25
3,23143,ZINC WIRE KITCHEN ORGANISER,2,5,26.200000000000003
3,22291,HANGING CHICK CREAM DECORATION,8,18,26.099999999999998
3,23033,DRAWER KNOB CERAMIC RED,3,18,26.099999999999998
3,23139,SINGLE WIRE HOOK PINK HEART,2,18,26.099999999999998
3,21905,MORE BUTTER METAL SIGN ,8,33,26.07
3,85032C,CURIOUS IMAGES GIFT WRAP SET,7,40,26.000000000000004
3,21316,SMALL CHUNKY GLASS ROMAN  BOWL,2,11,25.970000000000002
3,85111,SILVER GLITTER FLOWER VOTIVE HOLDER,9,88,25.519999999999996
3,21205,MULTICOLOUR 3D BALLS GARLAND,3,10,25.5
3,21331,MOROCCAN BEATEN METAL DISH LARGE,2,2,25.5
3,21680,WOODLAND  STICKERS,3,30,25.5
3,22261,FELT EGG COSY WHITE RABBIT ,5,30,25.5
3,22357,KINGS CHOICE BISCUIT TIN,3,6,25.5
3,47580,TEA TIME DES TEA COSY,3,10,25.5
3,72800C,4 PINK DINNER CANDLE SILVER FLOCK,5,10,25.5
3,85163A,WHITE BAROQUE WALL CLOCK ,2,2,25.5
3,90063B,BLACK VINT ART DEC CRYSTAL NECKLACE,2,3,25.5
3,90099,NECKLACE+BRACELET SET BLUE HIBISCUS,6,10,25.5
3,35004G,SET OF 3 GOLD FLYING DUCKS,3,4,25.4
3,21883,STARS GIFT TAPE ,8,73,25.37
3,23576,SNACK TRAY RED VINTAGE DOILY,4,13,25.35
3,81952V,ROUND PURPLE CLOCK WITH SUCKER,4,133,25.27
3,20622,VIP PASSPORT COVER ,1,12,25.200000000000003
3,20831,GOLD PHOTO FRAME,2,12,25.200000000000003
3,21426,WOODLAND STORAGE BOX SMALL,1,12,25.200000000000003
3,21896,POTTING SHED TWINE,5,12,25.200000000000003
3,22190,LOCAL CAFE MUG,1,12,25.200000000000003
3,22515,CHILDS GARDEN SPADE PINK,4,12,25.200000000000003
3,79160,HEART SHAPE WIRELESS DOORBELL,8,12,25.200000000000003
3,84801B,WHITE HYDRANGEA ART FLOWER,1,12,25.200000000000003
3,16015,MEDIUM CHINESE STYLE SCISSOR,7,56,25.2
3,16168M,FUNKY MONKEY GIFT BAG MEDIUM,3,60,25.2
3,17021,NAMASTE SWAGAT INCENSE,6,84,25.2
3,21507,"ELEPHANT, BIRTHDAY CARD, ",3,60,25.2
3,22035,VINTAGE CARAVAN GREETING CARD ,3,60,25.2
3,23506,MINI PLAYING CARDS SPACEBOY ,11,60,25.2
3,84929,ASSTD FRUIT+FLOWERS FRIDGE MAGNETS,5,132,25.080000000000002
3,21379,CAMPHOR WOOD PORTOBELLO MUSHROOM,3,20,25.0
3,22053,EMPIRE DESIGN ROSETTE,2,20,25.0
3,22678,FRENCH BLUE METAL DOOR SIGN 3,2,20,25.0
3,23020,GLASS SONGBIRD STORAGE JAR,1,2,25.0
3,23137,ZINC WIRE SWEETHEART LETTER TRAY,4,10,25.0
3,84917,WHITE HAND TOWEL WITH BUTTERFLY,1,20,25.0
3,21401,BLUE PUDDING SPOON,10,193,24.96
3,22761,CHEST 7 DRAWER MA CAMPAGNE,1,1,24.95
3,21942,SKULLS DESIGN FLANNEL,5,32,24.9
3,16048,TEATIME ROUND PENCIL SHARPENER ,11,207,24.84
3,21363,HOME SMALL WOOD LETTERS,5,5,24.75
3,23053,RECYCLED ACAPULCO MAT PINK,2,3,24.75
3,90133,TEAL/FUSCHIA COL BEAD NECKLACE,1,5,24.75
3,90157,RIVIERA NECKLACE,1,5,24.75
3,16046,TEATIME PEN CASE & PENS,4,29,24.650000000000002
3,40001,WHITE BAMBOO RIBS LAMPSHADE,2,29,24.65
3,23410,CURIO CABINET LINEN AND LACE ,2,3,24.450000000000003
3,23428,IVORY RETRO KITCHEN WALL CLOCK,2,3,24.450000000000003
3,23430,BLUE RETRO KITCHEN WALL CLOCK,2,3,24.450000000000003
3,84916,HAND TOWEL PALE BLUE W FLOWERS,2,12,24.4
3,21786,POLKADOT RAIN HAT ,7,58,24.36
3,85180A,RED HEARTS LIGHT CHAIN ,2,14,24.3
3,72799C,PINK PILLAR CANDLE SILVER FLOCK,4,17,24.23
3,84997A,GREEN 3 PIECE POLKADOT CUTLERY SET,2,6,24.1
3,84997B,RED 3 PIECE RETROSPOT CUTLERY SET,2,6,24.1
3,15034,PAPER POCKET TRAVELING FAN ,10,172,24.080000000000002
3,23281,FOLDING BUTTERFLY MIRROR RED  ,6,29,24.069999999999997
3,85199L,LARGE HANGING IVORY & RED WOOD BIRD,4,37,24.05
3,90030C,BROWN KUKUI COCONUT SEED NECKLACE,1,24,24.0
3,90031,BILI NUT AND WOOD NECKLACE,1,24,24.0
3,79190B,RETRO PLASTIC POLKA TRAY,4,57,23.939999999999998
3,90178A,AMBER CHUNKY GLASS+BEAD NECKLACE,2,2,23.9
3,35967,FOLK ART METAL STAR T-LIGHT HOLDER,4,48,23.880000000000003
3,22068,BLACK PIRATE TREASURE CHEST,7,16,23.88
3,84459B,YELLOW METAL CHICKEN HEART ,3,16,23.84
3,23539,"WALL ART , LOVES' SECRET ",1,4,23.8
3,84665,SQUARE CHERRY BLOSSOM CABINET,1,4,23.8
3,22948,METAL DECORATION NAUGHTY CHILDREN ,8,28,23.799999999999997
3,20669,RED HEART LUGGAGE TAG,7,19,23.75
3,22399,MAGNETS PACK OF 4 CHILDHOOD MEMORY,7,19,23.75
3,82613B,"METAL SIGN,CUPCAKE SINGLE HOOK",3,19,23.75
3,21359,RELAX LARGE WOOD LETTERS,1,6,23.700000000000003
3,21845,DAIRY MAID STRIPE MUG,5,30,23.700000000000003
3,21743,STAR PORTABLE TABLE LIGHT ,2,8,23.6
3,22364,GLASS JAR DIGESTIVE BISCUITS,4,8,23.6
3,22495,SET OF 2 ROUND TINS CAMEMBERT ,8,8,23.6
3,90129B,TURQUOISE GLASS TASSLE BAG CHARM ,2,8,23.6
3,22820,GIFT BAG BIRTHDAY,2,36,23.400000000000002
3,23575,SNACK TRAY PAISLEY PARK,3,12,23.4
3,84857C,PINK MONTE CARLO HANDBAG,1,12,23.4
3,22416,SET OF 36 DOILIES SPACEBOY DESIGN ,5,16,23.2
3,21162,TOXIC AREA  DOOR HANGER ,16,54,23.18
3,23179,CLOCK MAGNET MUM'S KITCHEN,3,8,23.12
3,21864,UNION JACK FLAG PASSPORT COVER ,8,11,23.1
3,22378,WALL TIDY RETROSPOT ,3,11,23.1
3,22516,CHILDS GARDEN RAKE BLUE,5,11,23.1
3,22893,MINI CAKE STAND T-LIGHT HOLDER,3,55,23.1
3,22286,"DECORATION , WOBBLY RABBIT , METAL ",2,14,23.099999999999998
3,22287,"DECORATION , WOBBLY CHICKEN, METAL ",2,14,23.099999999999998
3,22860,EASTER TIN CHICKS PINK DAISY,3,14,23.099999999999998
3,23325,RUSTIC STRAWBERRY JAM POT SMALL,3,14,23.099999999999998
3,85187,S/12 MINI RABBIT EASTER,6,14,23.099999999999998
3,22584,PACK OF 6 PANETTONE GIFT BOXES,5,9,22.950000000000003
3,81952B,ROUND BLUE CLOCK WITH SUCKER,2,120,22.8
3,22286,DECORATION WOBBLY RABBIT METAL ,10,58,22.62
3,15030,FAN BLACK FRAME ,4,78,22.619999999999997
3,22390,PAPERWEIGHT CHILDHOOD MEMORIES,3,19,22.529999999999998
3,21158,MOODY GIRL DOOR HANGER ,18,55,22.509999999999998
3,20707,CRAZY DAISY HEART DECORATION,2,18,22.5
3,20761,BLUE PAISLEY SKETCHBOOK,5,6,22.5
3,21117,BLOND DOLL DOORSTOP,3,18,22.5
3,21873,IF YOU CAN'T STAND THE HEAT MUG,4,18,22.5
3,22270,HAPPY EASTER HANGING DECORATION,3,6,22.5
3,22354,RETROSPOT PADDED SEAT CUSHION,1,6,22.5
3,23183,MOTHER'S KITCHEN SPOON REST ,5,6,22.5
3,23524,HORSE & PONY WALL ART,1,6,22.5
3,23528,SPACEBOY WALL ART,1,6,22.5
3,84510C,SET OF 4 POLKADOT COASTERS,5,18,22.5
3,84880,WHITE WIRE EGG HOLDER,2,3,22.5
3,84920,PINK FLOWER FABRIC PONY,3,6,22.5
3,84952B,BLACK LOVE BIRD T-LIGHT HOLDER,1,6,22.5
3,84927F,PSYCHEDELIC TILE HOOK,6,26,22.110000000000003
3,72128,COLUMBIAN CANDLE ROUND,8,26,22.099999999999998
3,84926F,PSYCHEDELIC TILE COASTER,4,76,22.039999999999996
3,21972,SET OF 36 DINOSAUR PAPER DOILIES,4,15,21.749999999999996
3,22403,MAGNETS PACK OF 4 VINTAGE LABELS ,8,53,21.529999999999998
3,22859,EASTER TIN BUNNY BOUQUET,4,13,21.449999999999996
3,23447,PINK BUNNY EASTER EGG BASKET,2,13,21.449999999999996
3,84595E,LARGE TORTILLA DESIGN RED BOWL,2,13,21.449999999999996
3,85024B,EAU DE NILE JEWELLED PHOTOFRAME,2,13,21.449999999999996
3,20654,FIRST CLASS LUGGAGE TAG ,2,17,21.25
3,20702,PINK PADDED MOBILE,3,5,21.25
3,22255,FELT TOADSTOOL  SMALL,5,25,21.25
3,90194,SILVER LARIAT BLACK STONE EARRINGS,2,5,21.25
3,23185,FRENCH STYLE STORAGE JAR JAM,6,73,21.169999999999998
3,16169K,WRAP FOLK ART,2,50,21.0
3,16169M,WRAP DAISY CARPET ,2,50,21.0
3,17084N,FAIRY DREAMS INCENSE ,3,100,21.0
3,21195,PINK  HONEYCOMB PAPER BALL ,1,10,21.0
3,22039,BOTANICAL LILY GIFT WRAP,2,50,21.0
3,21306,SET/4 DAISY MIRROR MAGNETS,9,66,20.95
3,22405,MONEY BOX POCKET MONEY DESIGN,3,25,20.93
3,35933,PINK STOCKING CHRISTMAS DECORATION,4,55,20.9
3,85179A,GREEN BITTY LIGHT CHAIN,3,14,20.9
3,85230A,OPIUM SCENTED VOTIVE CANDLE,1,72,20.88
3,90160A,PURPLE BOUDICCA LARGE BRACELET,3,3,20.85000000000001
3,21657,MILK BOTTLE WITH GLASS STOPPER ,1,3,20.85
3,90051,CRACKED GLAZE NECKLACE RED,2,3,20.85
3,23142,IVORY WIRE KITCHEN ORGANISER,2,2,20.8
3,23337,EGG FRYING PAN MINT ,9,10,20.8
3,23442,12 HANGING EGGS HAND PAINTED,2,10,20.8
3,35653,VINTAGE BEAD NOTEBOOK,3,7,20.650000000000002
3,84247N,PACK/12 BLUE FOLKART CARDS,6,7,20.650000000000002
3,90014A,SILVER M.O.P. ORBIT NECKLACE,2,7,20.650000000000002
3,85145,JARDIN ETCHED GLASS LARGE BELL JAR,2,3,20.65
3,85186A,EASTER BUNNY GARLAND OF FLOWERS,3,49,20.58
3,22546,MINI JIGSAW PURDEY,7,50,20.54
3,20768,GREEN FERN JOURNAL ,5,8,20.4
3,21061,PARTY INVITES FOOTBALL,5,24,20.4
3,21280,VINTAGE KITCHEN PRINT VEGETABLES,2,8,20.4
3,21717,EASTER TIN BUCKET,1,8,20.4
3,22129,PARTY CONES CANDY DECORATION,2,24,20.4
3,84625A,PINK NEW BAROQUECANDLESTICK CANDLE,1,24,20.4
3,20781,GOLD EAR MUFF HEADPHONES,4,5,20.37
3,22344,PARTY PIZZA DISH PINK POLKADOT,3,42,20.34
3,21248,DOOR HANGER  MUM + DADS ROOM,9,14,20.3
3,21284,RETROSPOT CANDLE  SMALL,1,12,20.28
3,21349,IVY HEART WREATH,2,3,20.25
3,21364,PEACE SMALL WOOD LETTERS,3,3,20.25
3,22785,SQUARECUSHION COVER PINK UNION FLAG,2,3,20.25
3,23521,WALL ART CAT AND BIRD ,2,7,20.23
3,17038,PORCELAIN BUDAH INCENSE HOLDER,4,202,20.2
3,35957,SMALLFOLKART BAUBLE CHRISTMAS DEC,1,48,20.16
3,20659,ECONOMY LUGGAGE TAG,3,16,20.0
3,21826,EIGHT PIECE DINOSAUR SET,2,16,20.0
3,22480,RED TEA TOWEL CLASSIC DESIGN,6,16,20.0
3,84569D,PACK 6 HEART/ICE-CREAM PATCHES,3,16,20.0
3,21344,MOROCCAN BEATEN METAL DISH,1,2,19.9
3,22788,BROCANTE COAT RACK,1,2,19.9
3,37476,CONDIMENT TRAY 4 BOWLS AND 4 SPOONS,2,2,19.9
3,84358,FLOOR LAMP SHADE WOOD BASE,1,2,19.9
3,22396,MAGNETS PACK OF 4 RETRO PHOTO,12,51,19.89
3,21846,PINK DIAMANTE PEN IN GIFT BOX,2,4,19.8
3,21847,GREEN  DIAMANTE PEN IN GIFT BOX,2,4,19.8
3,21849,SILVER DIAMANTE PEN IN GIFT BOX,3,4,19.8
3,23057,GEMSTONE CHANDELIER T-LIGHT HOLDER,1,4,19.8
3,85127,SMALL SQUARE CUT GLASS CANDLESTICK,2,4,19.8
3,90019A,SILVER M.O.P ORBIT BRACELET,3,4,19.8
3,21199,PINK  HEART CONFETTI IN TUBE,1,12,19.799999999999997
3,21206,STRAWBERRY HONEYCOMB  GARLAND ,4,12,19.799999999999997
3,22243,5 HOOK HANGER RED MAGIC TOADSTOOL,1,12,19.799999999999997
3,22310,IVORY KNITTED MUG COSY ,2,12,19.799999999999997
3,22351,DOTCOMGIFTSHOP TEA TOWEL,1,12,19.799999999999997
3,22383,LUNCH BAG SUKI  DESIGN ,3,12,19.799999999999997
3,23446,BLUE BUNNY EASTER EGG BASKET,1,12,19.799999999999997
3,23448,CREAM BUNNY EASTER EGG BASKET,1,12,19.799999999999997
3,85114C,RED ENCHANTED FOREST PLACEMAT,3,12,19.799999999999997
3,22532,MAGIC DRAWING SLATE LEAP FROG ,9,47,19.74
3,16218,CARTOON  PENCIL SHARPENERS,10,320,19.7
3,22408,MONEY BOX CONFECTIONERY DESIGN,2,24,19.68
3,21059,PARTY INVITES DINOSAURS,9,23,19.55
3,21640,ASSORTED TUTTI FRUTTI  FOB NOTEBOOK,4,23,19.549999999999997
3,21194,PINK  HONEYCOMB PAPER FAN,6,30,19.5
3,35637C,PINK STRING CURTAIN WITH POLE,2,10,19.5
3,22264,FELT FARM ANIMAL WHITE BUNNY ,2,60,19.32
3,22543,MINI JIGSAW BAKE A CAKE ,5,59,19.26
3,21147,JINGLE BELLS TREE DECORATION,2,9,18.900000000000002
3,18094C,WHITE AND BLUE CERAMIC OIL BURNER,2,15,18.75
3,20763,DAISY SKETCHBOOK ,5,5,18.75
3,21224,SET/4 SKULL BADGES,3,15,18.75
3,21374,MIRRORED WALL ART SKULLS,9,11,18.75
3,21690,SILVER  CANDLEPOT JARDIN ,2,5,18.75
3,22482,BLUE TEA TOWEL CLASSIC DESIGN,2,15,18.75
3,22559,SEASIDE FLYING DISC,3,15,18.75
3,22680,FRENCH BLUE METAL DOOR SIGN 5,5,15,18.75
3,22975,SPACEBOY CHILDRENS EGG CUP,8,15,18.75
3,85049D,BRIGHT BLUES RIBBONS ,6,15,18.75
3,21397,BLUE POLKADOT EGG CUP ,1,48,18.72
3,79163,BLACK CHAMPAGNE GLASS,1,48,18.72
3,20838,FRENCH LATTICE CUSHION COVER ,3,22,18.7
3,21454,PAINTED PINK RABBIT ,4,22,18.7
3,84031B,CHARLIE LOLA BLUE HOT WATER BOTTLE ,3,4,18.6
3,21418,STARFISH SOAP DISH,2,10,18.46
3,21402,RED  EGG  SPOON,5,153,18.36
3,21386,IVORY HANGING DECORATION  EGG,4,96,18.240000000000002
3,84660A,WHITE STITCHED WALL CLOCK,3,23,18.17
3,21204,DAISIES  HONEYCOMB GARLAND ,4,11,18.15
3,22102,MIRROR MOSAIC T-LIGHT HOLDER ,3,11,18.15
3,85040B,SET/4 BLUE FLOWER CANDLES IN BOWL,3,11,18.15
3,21579,LOLITA  DESIGN  COTTON TOTE BAG,4,8,18.0
3,21580,RABBIT  DESIGN  COTTON TOTE BAG,2,8,18.0
3,37413,ICON MUG REVOLUTIONARY,7,46,17.939999999999998
3,90010E,AMBER GLASS/SILVER BRACELET,1,2,17.9
3,90154,LAZER CUT NECKLACE W PASTEL BEADS,2,2,17.9
3,21001,ROSE DU SUD WASHBAG ,1,3,17.85
3,22281,EASTER TREE YELLOW BIRDS,2,3,17.85
3,90070,RUBY GLASS CLUSTER BRACELET,1,3,17.85
3,22389,PAPERWEIGHT SAVE THE PLANET,2,7,17.849999999999998
3,84508C,BLUE CIRCLES DESIGN TEDDY,2,7,17.849999999999998
3,90114,SUMMER DAISIES BAG CHARM,5,7,17.849999999999998
3,16054,POPART RECT PENCIL SHARPENER ASST,8,148,17.76
3,20998,ROSE DU SUD OVEN GLOVE,1,6,17.700000000000003
3,21324,HANGING MEDINA LANTERN SMALL,2,6,17.700000000000003
3,21547,CERAMIC BIRDHOUSE CRESTED TIT SMALL,1,6,17.700000000000003
3,22701,PINK DOG BOWL,5,6,17.700000000000003
3,35598A,DUSTY PINK CHRISTMAS TREE 60CM,1,6,17.700000000000003
3,85089,CANDY SPOT BUNNY,3,6,17.700000000000003
3,35964,FOLKART CLIP ON STARS,4,45,17.55
3,21143,ANTIQUE GLASS HEART DECORATION ,3,9,17.549999999999997
3,21949,SET OF 6 STRAWBERRY CHOPSTICKS,3,14,17.5
3,22315,200 RED + WHITE BENDY STRAWS,14,14,17.5
3,22977,DOLLY GIRL CHILDRENS EGG CUP,6,14,17.5
3,47310M,SMALL POP BOX FUNKY MONKEY,5,14,17.5
3,84510E,SET OF 4 GREEN CAROUSEL COASTERS,3,14,17.5
3,23034,DRAWER KNOB CERAMIC BLACK,2,12,17.4
3,23196,RETRO LEAVES MAGNETIC NOTEPAD,1,12,17.4
3,90214Y,"LETTER ""Y"" BLING KEY RING",2,60,17.4
3,23455,SMALL PARLOUR PICTURE FRAME,1,6,17.34
3,16014,SMALL CHINESE STYLE SCISSOR,5,46,17.32
3,16049,TEATIME GEL PENS ASST,1,144,17.28
3,71495A,CD WALL TIDY BLUE OFFICE,1,48,17.28
3,71495B,CD WALL TIDY RED FLOWERS,1,48,17.28
3,21002,ROSE DU SUD DRAWSTRING BAG,2,4,17.0
3,22194,BLACK DINER WALL CLOCK,1,2,17.0
3,35645,VINTAGE BEAD PINK JEWEL BOX,3,4,17.0
3,72598,SET/12 TAPER CANDLES,5,20,17.0
3,85026B,EAU DE NILE JEWELLED T-LIGHT HOLDER,1,20,17.0
3,90018A,SILVER M.O.P ORBIT DROP EARRINGS,3,4,17.0
3,90063A,WHITE VINT ART DECO CRYSTAL NECKLAC,2,2,17.0
3,90185D,CRYSTAL DIAMANTE EXPANDABLE RING,2,4,17.0
3,79406,FROSTED WHITE BASE ,2,77,16.94
3,22044,CHRISTMAS CARD STACK OF PRESENTS,4,60,16.92
3,20617,FIRST CLASS PASSPORT COVER ,2,8,16.8
3,22440,BALLOON WATER BOMB PACK OF 35,8,40,16.8
3,35924,HANGING FAIRY CAKE DECORATION,2,8,16.8
3,85071D,CHARLIE+LOLA MY ROOM DOOR SIGN,8,43,16.77
3,21159,MOODY BOY  DOOR HANGER ,10,40,16.66
3,23421,PANTRY HOOK SPATULA,4,8,16.64
3,23130,MISELTOE HEART WREATH ,1,4,16.6
3,23237,SET OF 4 KNICK KNACK TINS LEAVES ,2,4,16.6
3,23389,SPACEBOY MINI RUCKSACK,1,4,16.6
3,23390,DOLLY GIRL MINI RUCKSACK,1,4,16.6
3,21100,CHARLIE AND LOLA CHARLOTTE BAG,1,10,16.5
3,23015,CORDIAL GLASS JUG,1,2,16.5
3,23542,70'S ALPHABET WALL ART,1,2,16.5
3,23544,WALL ART MID CENTURY MODERN ,1,2,16.5
3,23429,RED RETRO KITCHEN WALL CLOCK,1,2,16.3
3,35809A,ENAMEL PINK TEA CONTAINER,2,15,16.259999999999998
3,21069,VINTAGE BILLBOARD TEA MUG,2,13,16.25
3,23496,PANTRY KITCHEN THERMOMETER ,6,13,16.25
3,84192,ASSORTED COLOUR METAL CAT ,4,13,16.25
3,22688,DOORMAT PEACE ON EARTH BLUE,2,2,16.2
3,17012F,ORIGAMI SANDLEWOOD INCENSE/CAND SET,7,19,16.15
3,20759,CHRYSANTHEMUM POCKET BOOK ,4,19,16.15
3,84559B,3D SHEET OF CAT STICKERS,6,19,16.15
3,84826,ASSTD DESIGN 3D PAPER STICKERS,2,64,16.0
3,21629,SQUARE FLOOR CUSHION VINTAGE RED,1,2,15.9
3,22166,WALL MIRROR RECTANGLE DIAMANTE PINK,2,2,15.9
3,22687,DOORMAT CHRISTMAS VILLAGE,1,2,15.9
3,84712B,PINK JEWELLED PHOTO FRAME,1,2,15.9
3,85135A,YELLOW DRAGONFLY HELICOPTER,2,2,15.9
3,85135B,BLUE DRAGONFLY HELICOPTER,2,2,15.9
3,85136C,RED SHARK HELICOPTER,2,2,15.9
3,85141,JARDIN ETCHED GLASS FRUITBOWL,1,4,15.8
3,20616,CHERRY BLOSSOM PASSPORT COVER,2,21,15.75
3,16008,SMALL FOLDING SCISSOR(POINTED EDGE),7,129,15.739999999999998
3,47594B,SCOTTIES DESIGN WASHBAG,4,8,15.6
3,85071C,"CHARLIE+LOLA""EXTREMELY BUSY"" SIGN",8,40,15.6
3,82095,HEART BUTTONS JEWELLERY BOX,1,2,15.3
3,17107D,"FLOWER FAIRY,5 SUMMER B'DRAW LINERS",1,6,15.299999999999999
3,20771,CHRYSANTHEMUM  JOURNAL,1,6,15.299999999999999
3,21320,GLASS CHALICE GREEN  LARGE ,1,6,15.299999999999999
3,21555,CERAMIC STRAWBERRY TRINKET TRAY,1,6,15.299999999999999
3,22214,CANDLE PLATE LACE WHITE,1,6,15.299999999999999
3,85106,CUT GLASS HEXAGON T-LIGHT HOLDER,2,6,15.299999999999999
3,85124B,BLUE JUICY FRUIT PHOTO FRAME,5,6,15.299999999999999
3,11001,ASSTD DESIGN RACING CAR PEN,5,9,15.209999999999999
3,84821,DANISH ROSE DELUXE COASTER,3,54,15.18
3,16258A,SWIRLY CIRCULAR RUBBERS IN BAG,6,36,15.120000000000001
3,22134,MINI LADLE LOVE HEART RED ,3,36,15.120000000000001
3,84249A,"GREETING CARD,SQUARE, DOUGHNUTS",3,36,15.120000000000001
3,79051A,SMOKEY GREY COLOUR GLASS,4,52,15.079999999999998
3,16161G,WRAP BAD HAIR DAY,3,150,15.0
3,20653,CHERRY BLOSSOM LUGGAGE TAG,1,12,15.0
3,20657,TROPICAL LUGGAGE TAG,4,12,15.0
3,20694,FLORAL PINK MONSTER,1,4,15.0
3,20696,FLORAL SOFT CAR TOY,1,4,15.0
3,20700,GREEN CAT FLORAL CUSHION COVER ,1,4,15.0
3,20967,GREY FLORAL FELTCRAFT SHOULDER BAG,1,4,15.0
3,21026,SPACE OWL,3,12,15.0
3,21456,2 PICTURE BOOK EGGS EASTER CHICKS,1,12,15.0
3,21747,SMALL SKULL WINDMILL,1,12,15.0
3,22127,PARTY CONES CARNIVAL ASSORTED,1,12,15.0
3,22280,POCKET BAG PINK PAISELY BROWN SPOT,1,12,15.0
3,22410,MONEY BOX HOUSEKEEPING DESIGN,1,12,15.0
3,22679,FRENCH BLUE METAL DOOR SIGN 4,3,12,15.0
3,22682,FRENCH BLUE METAL DOOR SIGN 7,2,12,15.0
3,23061,VINTAGE ENGRAVED HEART,1,12,15.0
3,23436,GIFT BAG LARGE VINTAGE CHRISTMAS,1,12,15.0
3,23477,WOODLAND LARGE BLUE FELT HEART,1,12,15.0
3,23565,EGG CUP MILKMAID HELGA ,1,12,15.0
3,23574,PACKING CHARGE,2,2,15.0
3,47341B,BLUE TABLE RUN FLOWER,1,12,15.0
3,71270,PHOTO CLIP LINE,1,12,15.0
3,84279B,CHERRY BLOSSOM DECORATIVE FLASK,1,4,15.0
3,84685,BEACH HUT KEY CABINET,1,4,15.0
3,84875B,GREEN SQUARE COMPACT MIRROR,3,12,15.0
3,85131D,BEADED CRYSTAL HEART PINK ON STICK,1,12,15.0
3,85159A,"BLACK TEA,COFFEE,SUGAR JARS",1,12,15.0
3,85169B,BLACK LOVE BIRD CANDLE,1,12,15.0
3,90163A,PINK ROSEBUD & PEARL NECKLACE,1,2,15.0
3,BANK CHARGES,Bank Charges,1,1,15.0
3,21476,STEEL SWEETHEART ROUND TABLE CREAM,1,1,14.95
3,21627,ELEPHANT CARNIVAL POUFFE,1,1,14.95
3,21398,RED POLKADOT COFFEE  MUG,2,12,14.940000000000001
3,23464,VINTAGE ZINC WATERING CAN SMALL,2,3,14.850000000000001
3,85232A,SET/3 POLKADOT STACKING TINS,3,3,14.850000000000001
3,84593,CROCHET ROSE DES CLOTHES HANGER,1,5,14.750000000000002
3,21250,SET OF SKULL WALL STICKERS,2,5,14.75
3,22363,GLASS JAR MARMALADE ,4,5,14.75
3,22933,BAKING MOULD EASTER EGG MILK CHOC,5,5,14.75
3,21293,MIRRORED DOVE WALL DECORATION,2,7,14.700000000000001
3,22518,CHILDS GARDEN BRUSH BLUE,2,7,14.700000000000001
3,85116,BLACK CANDELABRA T-LIGHT HOLDER,3,9,14.55
3,46000R,POLYESTER FILLER PAD 45x30cm,4,10,14.5
3,22247,BUNNY DECORATION MAGIC GARDEN,2,17,14.45
3,84559A,3D SHEET OF DOG STICKERS,8,17,14.45
3,85231G,ORANGE SCENTED SET/9 T-LIGHTS,4,17,14.45
3,21879,HEARTS GIFT TAPE,6,56,14.320000000000002
3,21215,IVORY PAPER CUP CAKE CASES ,3,26,14.300000000000002
3,16011,ANIMAL STICKERS,4,67,14.07
3,84913A,SOFT PINK ROSE TOWEL ,1,3,13.950000000000001
3,84984D,ORIENTAL RED CUSHION COVER ,1,3,13.950000000000001
3,85180B,PINK HEARTS LIGHT CHAIN ,3,3,13.950000000000001
3,72225C,LAVENDER SCENT CAKE CANDLE,2,48,13.919999999999998
3,37501,TEA TIME TEA SET IN GIFT BOX,2,2,13.9
3,22268,DECORATION SITTING BUNNY,7,73,13.870000000000001
3,21367,MIRRORED WALL ART GENTS,8,16,13.8
3,51008,AFGHAN SLIPPER SOCK PAIR,2,4,13.8
3,20966,SANDWICH BATH SPONGE,2,11,13.75
3,22289,HANGING METAL CHICKEN DECORATION,4,11,13.75
3,22524,CHILDRENS GARDEN GLOVES BLUE,2,11,13.75
3,22683,FRENCH BLUE METAL DOOR SIGN 8,2,11,13.75
3,22954,HEN PARTY CORDON BARRIER TAPE,4,11,13.75
3,85078,SCANDINAVIAN 3 HEARTS NAPKIN RING,4,72,13.680000000000001
3,47594A,CAROUSEL DESIGN WASHBAG,6,7,13.65
3,35638B,PINK/BLUE STRING CURTAIN ,2,7,13.649999999999999
3,17012D,ORIGAMI ROSE INCENSE/CANDLE SET ,8,16,13.6
3,21058,PARTY INVITES WOODLAND,7,16,13.6
3,21726,MULTI HEARTS  STICKERS,3,16,13.6
3,22248,DECORATION  PINK CHICK MAGIC GARDEN,1,16,13.6
3,20760,GARDEN PATH POCKET BOOK,5,16,13.599999999999998
3,21062,PARTY INVITES SPACEMAN,4,16,13.599999999999998
3,22179,SET 10 LIGHTS NIGHT OWL,1,2,13.5
3,22183,CAKE STAND VICTORIAN FILIGREE MED,2,2,13.5
3,35815P,"ACRYLIC JEWEL SNOWFLAKE, PINK",1,35,13.3
3,21189,WHITE HONEYCOMB PAPER GARLAND ,3,8,13.2
3,21378,SMALL TALL CAMPHOR WOOD TOADSTOOL,2,8,13.2
3,22313,OFFICE MUG WARMER PINK,3,5,13.05
3,22981,PANTRY APPLE CORER,8,9,13.05
3,21758,VINTAGE SHELLS PRINT,2,2,12.9
3,22511,RETROSPOT BABUSHKA DOORSTOP,4,5,12.83
3,20757,RED DAISY POCKET BOOK ,5,15,12.75
3,20892,SET/3 TALL GLASS CANDLE HOLDER PINK,1,1,12.75
3,21631,HIPPY CHIC DECORATIVE PARASOL,1,1,12.75
3,22201,FRYING PAN BLUE POLKADOT,3,3,12.75
3,22260,FELT EGG COSY BLUE RABBIT ,2,15,12.75
3,22643,SET OF 4 NAPKIN CHARMS LEAVES   ,2,5,12.75
3,84617,NEW BAROQUE BLACK BOXES,1,1,12.75
3,84659A,WHITE TRAVEL ALARM CLOCK,3,5,12.75
3,84688,BEACH HUT DESIGN BLACKBOARD,2,3,12.75
3,84796A,PINK HAWAIIAN PICNIC HAMPER FOR 2,1,1,12.75
3,84968F,SET OF 16 VINTAGE SKY BLUE CUTLERY,1,1,12.75
3,90062,CARNIVAL BRACELET,1,1,12.75
3,90094,NECKLACE+BRACELET SET FRUIT SALAD ,5,5,12.75
3,90096,NECKLACE+BRACELET SET BLUE BLOSSOM,1,5,12.75
3,90098,NECKLACE+BRACELET PINK BUTTERFLY,3,5,12.75
3,90196A,PURPLE GEMSTONE NECKLACE 45CM,1,1,12.75
3,90200A,PURPLE SWEETHEART BRACELET,2,3,12.75
3,90200B,BLACK SWEETHEART BRACELET,2,3,12.75
3,90200D,PINK SWEETHEART BRACELET,2,3,12.75
3,22133,PINK LOVE HEART SHAPE CUP,3,15,12.749999999999998
3,90199C,5 STRAND GLASS NECKLACE CRYSTAL,3,2,12.7
3,90199D,5 STRAND GLASS NECKLACE AMBER,2,2,12.7
3,20801,LARGE PINK GLASS SUNDAE DISH,1,16,12.64
3,20830,SILVER PHOTO FRAME,1,6,12.600000000000001
3,21392,RED POLKADOT PUDDING BOWL,1,6,12.600000000000001
3,21393,BLUE POLKADOT PUDDING BOWL,1,6,12.600000000000001
3,21750,LARGE SKULL WINDMILL,1,6,12.600000000000001
3,84927E,FLOWERS TILE HOOK,1,6,12.600000000000001
3,85170D,SET/6 PINK BIRD T-LIGHT CANDLES,1,6,12.600000000000001
3,82567,"AIRLINE LOUNGE,METAL SIGN",4,6,12.6
3,21870,I CAN ONLY PLEASE ONE PERSON MUG,4,10,12.5
3,22525,CHILDRENS GARDEN GLOVES PINK,1,10,12.5
3,22681,FRENCH BLUE METAL DOOR SIGN 6,1,10,12.5
3,22684,FRENCH BLUE METAL DOOR SIGN 9,1,10,12.5
3,75178,ASSTD COL BUTTERFLY/CRYSTAL W/CHIME,1,10,12.5
3,85093,CANDY SPOT EGG WARMER HARE,2,32,12.48
3,20837,FRENCH FLORAL CUSHION COVER ,2,15,12.45
3,72130,COLUMBIAN CANDLE ROUND,4,19,12.350000000000001
3,22406,MONEY BOX KINGS CHOICE DESIGN,2,18,12.18
3,90178B,PURPLE CHUNKY GLASS+BEAD NECKLACE,1,1,11.95
3,21662,VINTAGE GLASS COFFEE CADDY,1,2,11.9
3,84687,BEACH HUT SHELF W 3 DRAWERS,1,2,11.9
3,84858C,PINK RIVIERA HANDBAG,1,2,11.9
3,85146,JARDIN ETCHED GLASS SMALL BELL JAR,1,2,11.9
3,90000A,RASPBERRY ANT COPPER FLOWER NECKLAC,1,2,11.9
3,90211A,DIAMOND LAS VEGAS NECKLACE 45CM,1,2,11.9
3,20755,BLUE PAISLEY POCKET BOOK,6,14,11.899999999999999
3,21060,PARTY INVITES BALLOON GIRL,3,14,11.899999999999999
3,22520,CHILDS GARDEN TROWEL BLUE ,3,14,11.899999999999999
3,22521,CHILDS GARDEN TROWEL PINK,3,14,11.899999999999999
3,79051A,SMOKEY GREY COLOUR D.O.F. GLASS,3,36,11.879999999999999
3,22345,PARTY PIZZA DISH BLUE POLKADOT,3,32,11.84
3,84247E,PACK OF 12 CHRISTMAS FUN CARDS,4,4,11.800000000000004
3,84247K,"FOLK ART GREETING CARD,pack/12",5,4,11.800000000000004
3,21613,S/12 VANILLA  BOTANICAL T-LIGHTS,2,4,11.8
3,22162,HEART GARLAND RUSTIC PADDED,2,4,11.8
3,22454,MEASURING TAPE BABUSHKA RED,3,4,11.8
3,35638A,PINK AND BLACK STRING CURTAIN,3,4,11.8
3,47351B,BLUE  VOILE LAMPSHADE,1,4,11.8
3,84086B,YELLOW/BLUE RETRO RADIO,2,4,11.8
3,84563B,BLUE & WHITE BREAKFAST TRAY,2,4,11.8
3,22324,BLUE POLKADOT KIDS BAG,2,6,11.7
3,90164B,WHITE  ROSEBUD PEARL BRACELET,1,6,11.7
3,23560,SET OF 6 RIBBONS COUNTRY STYLE,3,4,11.56
3,90205A,LARGE MINT DIAMANTE HAIRSLIDE,3,7,11.549999999999999
3,35816P,"ACRYLIC JEWEL ANGEL,PINK",1,30,11.4
3,22547,MINI JIGSAW DINOSAUR ,2,27,11.34
3,22995,TRAVEL CARD WALLET SUKI,8,27,11.34
3,21358,TOAST ITS - HAPPY BIRTHDAY,9,9,11.25
3,21692,SILVER LATTICE VANILLA CANDLE POT,2,3,11.25
3,21948,SET OF 6 CAKE CHOPSTICKS,4,9,11.25
3,23481,PEARLISED IVORY HEART SMALL ,3,9,11.25
3,47563A,RETRO LONGBOARD IRONING BOARD COVER,7,9,11.25
3,72133,COLUMBIAN CANDLE RECTANGLE,3,9,11.25
3,82011C,BATHROOM SCALES FOOTPRINTS IN SAND,3,3,11.25
3,85096,HILDA CANDY SPOT RABBIT,2,3,11.25
3,90064B,BLACK VINTAGE  CRYSTAL EARRINGS,4,3,11.25
3,20756,GREEN FERN POCKET BOOK,5,13,11.049999999999999
3,47570B,TEA TIME TABLE CLOTH,1,1,10.65
3,16156L,WRAP CAROUSEL,1,25,10.5
3,16169P,WRAP GREEN RUSSIAN FOLKART ,1,25,10.5
3,17084J,LOVE POTION MASALA INCENSE,2,50,10.5
3,17084P,DRAGONS BLOOD INCENSE,2,50,10.5
3,21503,TOYBOX  WRAP ,1,25,10.5
3,22135,MINI LADLE LOVE HEART PINK,3,25,10.5
3,22702,BLACK AND WHITE CAT BOWL,4,5,10.5
3,22986,GINGHAM ROSE WRAP,1,25,10.5
3,23545,WRAP RED DOILEY,1,25,10.5
3,23691,KEEP CALM BIRTHDAY WRAP,1,25,10.5
3,84016,FLAG OF ST GEORGE CAR FLAG,1,25,10.5
3,85186C,BUNNY EGG GARLAND,2,25,10.5
3,85208,SET/12 FUNKY FELT FLOWER PEG IN BAG,4,5,10.5
3,47503H,ASS FLORAL PRINT SPIRIT LEVEL ,7,13,10.27
3,75011,BLUE DAISY MOBILE,2,13,10.27
3,20699,MOUSEY LONG LEGS SOFT TOY,3,4,10.2
3,21675,BUTTERFLIES STICKERS,2,12,10.2
3,22245,"HOOK, 1 HANGER ,MAGIC GARDEN",1,12,10.2
3,22263,FELT EGG COSY LADYBIRD ,1,12,10.2
3,22322,BIRD DECORATION GREEN POLKADOT,1,12,10.2
3,72800D,4 BLUE DINNER CANDLES SILVER FLOCK,3,4,10.2
3,79403,FROSTED WHITE BASE ,1,12,10.2
3,84520B,PACK 20 ENGLISH ROSE PAPER NAPKINS,1,12,10.2
3,85124C,GREEN JUICY FRUIT PHOTO FRAME,4,4,10.2
3,85194L,HANGING SPRING FLOWER EGG LARGE,1,12,10.2
3,22287,DECORATION WOBBLY CHICKEN,4,26,10.14
3,84849D,HOT BATHS SOAP HOLDER,2,6,10.14
3,21520,BOOZE & WOMEN GREETING CARD ,2,24,10.08
3,23694,PAISLEY PARK CARD,2,24,10.08
3,84993A,75 GREEN PETIT FOUR CASES,1,24,10.08
3,17136A,BLUE STONES ON WIRE FOR CANDLE,3,125,10.0
3,82613C,"METAL SIGN,CUPCAKE SINGLE HOOK",1,8,10.0
3,82613D,METAL SIGN CUPCAKE SINGLE HOOK,1,8,10.0
3,84754,S/15 SILVER GLASS BAUBLES IN BAG,2,8,10.0
3,84875D,BLUE SQUARE COMPACT MIRROR,3,8,10.0
3,21360,JOY LARGE WOOD LETTERS,1,1,9.95
3,22618,COOKING SET RETROSPOT,1,1,9.95
3,85168B,BLACK BAROQUE CARRIAGE CLOCK,1,1,9.95
3,90124A,PINK MURANO TWIST NECKLACE,1,1,9.95
3,90180A,BLACK+WHITE NECKLACE W TASSEL,1,1,9.95
3,20774,GREEN FERN NOTEBOOK,2,6,9.9
3,20821,GOLDIE LOOKING MIRROR,1,2,9.9
3,21850,BLUE  DIAMANTE PEN IN GIFT BOX,4,2,9.9
3,23113,PANTRY CHOPPING BOARD,2,2,9.9
3,35922,EASTER BUNNY WREATH,1,2,9.9
3,46776A,WOVEN BUBBLE GUM CUSHION COVER,1,2,9.9
3,46776C,WOVEN FROST CUSHION COVER,1,2,9.9
3,46776E,WOVEN CANDY CUSHION COVER ,1,2,9.9
3,85045,GREEN CHRISTMAS TREE STRING 20LIGHT,1,2,9.9
3,90206C,CRYSTAL DIAMANTE STAR BROOCH,2,2,9.9
3,22021,BLUE FELT EASTER EGG BASKET,1,6,9.899999999999999
3,22136,LOVE HEART SOCK HANGER,2,6,9.899999999999999
3,35915B,BLUE KNITTED HEN ,1,6,9.899999999999999
3,37343,POLKADOT MUG PINK ,1,6,9.899999999999999
3,85114A,BLACK ENCHANTED FOREST PLACEMAT,1,6,9.899999999999999
3,37479P,CUBIC MUG FLOCK PINK ON BROWN,3,14,9.78
3,21881,CUTE CATS TAPE,3,15,9.75
3,22935,BAKING MOULD ROSE MILK CHOCOLATE,1,3,9.75
3,84859B,BLUE DISCO HANDBAG,2,5,9.75
3,85144,JARDIN ETCHED GLASS CHEESE DISH,1,5,9.75
3,21441,BLUE BIRDHOUSE DECORATION,4,30,9.66
3,84199,GLOW IN DARK DOLPHINS,9,46,9.66
3,10080,GROOVY CACTUS INFLATABLE,1,24,9.36
3,17012B,ORIGAMI JASMINE INCENSE/CANDLE SET,5,11,9.35
3,21368,MIRRORED WALL ART LADIES,6,10,9.3
3,84984A,GREEN PEONY CUSHION COVER,1,2,9.3
3,84984B,RED PEONY CUSHION COVER ,1,2,9.3
3,72586,SET OF 6 HALLOWEEN GHOST T-LIGHTS,5,22,9.24
3,35818B,"ACRYLIC JEWEL ICICLE, BLUE",1,24,9.120000000000001
3,21884,CAKES AND BOWS GIFT  TAPE,4,31,9.110000000000001
3,23141,TRIPLE WIRE HOOK PINK HEART,2,3,9.09
3,37489D,PINK/GREEN FLOWER DESIGN BIG MUG,8,23,8.97
3,90010A,MIDNIGHT BLUE GLASS/SILVER BRACELET,1,1,8.95
3,90175A,WHITE GLASS CHUNKY CHARM BRACELET,1,1,8.95
3,90175C,BLUE GLASS CHUNKY CHARM BRACELET,1,1,8.95
3,72811,SMALL ZINC/GLASS CANDLEHOLDER,1,6,8.94
3,20894,HANGING BAUBLE T-LIGHT HOLDER LARGE,1,3,8.850000000000001
3,21112,SWISS ROLL TOWEL PINK  SPOTS,3,3,8.850000000000001
3,21188,3D HEARTS  HONEYCOMB PAPER GARLAND,1,3,8.850000000000001
3,21557,SET OF 6 FUNKY BEAKERS,2,3,8.850000000000001
3,23598,PAPER BUNTING VINTAGE PARTY,2,3,8.850000000000001
3,47369A,PINK GREEN EMBROIDERY COSMETIC BAG,2,3,8.850000000000001
3,90129C,GREEN GLASS TASSLE BAG CHARM,2,3,8.850000000000001
3,84596L,BISCUITS SMALL BOWL LIGHT BLUE,3,21,8.82
3,16219,HOUSE SHAPE PENCIL SHARPENER,4,146,8.76
3,16248B,BLUE HOLE PUNCH,3,7,8.75
3,21446,12 RED ROSE PEG PLACE SETTINGS,3,7,8.75
3,21562,HAWAIIAN GRASS SKIRT ,3,7,8.75
3,21656,RIDGED GLASS POSY VASE ,1,6,8.7
3,21209,MULTICOLOUR HONEYCOMB FAN,3,22,8.58
3,84422,PINK/BLUE DISC/MIRROR STRING,2,22,8.58
3,84531B,BLUE KNITTED EGG COSY,2,14,8.58
3,20695,FLORAL BLUE MONSTER,2,2,8.5
3,21000,ROSE DU SUD COSMETICS BAG,1,2,8.5
3,21132,SILVER STANDING GNOME   ,2,2,8.5
3,22862,LOVE HEART NAPKIN BOX ,1,2,8.5
3,44265,M/COLOUR POM-POM CURTAIN,1,2,8.5
3,84865,NEW BAROQUE BLACK PHOTO ALBUM,1,1,8.5
3,84922,PINK BUTTERFLY WASHBAG,2,2,8.5
3,85167B,BLACK GRAND BAROQUE PHOTO FRAME,1,2,8.5
3,90016B,GOLD/M.O.P PENDANT ORBIT NECKLACE,1,1,8.5
3,90200E,GREEN SWEETHEART BRACELET,1,2,8.5
3,75131,METAL TUBE CHIME ON BAMBOO,1,5,8.45
3,20622,VIPPASSPORT COVER ,2,4,8.4
3,21157,RED RETROSPOT WASHBAG,2,4,8.4
3,22533,MAGIC DRAWING SLATE BAKE A CAKE ,8,20,8.4
3,35597D,PINK/WHITE CHRISTMAS TREE 30CM,1,22,8.36
3,21377,SMALL CAMPHOR WOOD FIELD  MUSHROOM,2,5,8.25
3,10120,DOGGY RUBBER,5,39,8.190000000000001
3,21527,RED RETROSPOT TRADITIONAL TEAPOT ,1,1,7.95
3,22415,WHITE TISSUE REAM,1,1,7.95
3,84562A,PINK/WHITE RIBBED MELAMINE JUG,1,1,7.95
3,84600,NEW BAROQUE JEWELLERY BOX ,1,1,7.95
3,84795B,SUNSET CHECK HAMMOCK,1,1,7.95
3,22875,NUMBER TILE COTTAGE GARDEN 7,2,4,7.8
3,23580,SNACK TRAY HAPPY FOREST  ,3,4,7.8
3,84522,PINK PARTY SUNGLASSES,3,4,7.8
3,20697,LITTLE GREEN MONSTER SOFT TOY,2,3,7.6499999999999995
3,20769,DAISY JOURNAL ,3,3,7.6499999999999995
3,22308,TEA COSY BLUE STRIPE,2,3,7.6499999999999995
3,21829,DINOSAUR KEYRINGS ASSORTED,1,36,7.56
3,79190D,RETRO PLASTIC DAISY TRAY,4,18,7.56
3,17090D,VANILLA INCENSE 40 CONES IN TIN,1,6,7.5
3,17091A,LAVENDER INCENSE IN TIN,1,6,7.5
3,20818,GOLD TEDDY BEAR,1,2,7.5
3,21032,SPACE CADET WHITE,3,6,7.5
3,21220,SET/4 BADGES DOGS,3,6,7.5
3,21226,POCKET MIRROR WOODLAND,2,6,7.5
3,21354,TOAST ITS - BEST MUM,3,6,7.5
3,22108,PING! MICROWAVE PLATE,2,2,7.5
3,22257,FELT FARM ANIMAL SHEEP,1,6,7.5
3,22856,ASSORTED EASTER DECORATIONS  BELLS,1,6,7.5
3,23519,EMBROIDERED RIBBON REEL CLAIRE,2,2,7.5
3,23525,WALL ART BUFFALO BILL ,2,2,7.5
3,35971,ROSE FOLKART HEART DECORATIONS,2,6,7.5
3,35972,DAISY FOLKART HEART DECORATION,2,6,7.5
3,40003,WHITE BAMBOO RIBS LAMPSHADE,1,6,7.5
3,84569A,PACK 3 IRON ON DOG PATCHES,1,6,7.5
3,84842,HELLO SAILOR BATHROOM SET,2,2,7.5
3,84870B,BLUE GEISHA GIRL ,1,2,7.5
3,90155,RESIN NECKLACE W PASTEL BEADS,1,1,7.5
3,90176D,DIAMANTE NECKLACE PURPLE,1,1,7.5
3,90176E,DIAMANTE NECKLACE GREEN,1,1,7.5
3,90189A,SILVER 2 STRAND NECKLACE-LEAF CHARM,1,1,7.5
3,84725,FREESTYLE CANVAS ART PICTURE,4,4,7.4
3,23306,SET OF 36 PANTRY PAPER DOILIES,3,5,7.25
3,21383,PACK OF 12 STICKY BUNNIES,7,11,7.15
3,44234,ASSORTED CIRCULAR MOBILE,3,34,7.14
3,84251B,"GREETING CARD, STICKY GORDON",4,37,7.030000000000001
3,85094,CANDY SPOT EGG WARMER RABBIT,5,37,7.030000000000001
3,21294,ETCHED GLASS COASTER,2,18,7.02
3,85230F,JASMINE VOTIVE CANDLE,1,24,6.959999999999999
3,85230G,ORANGE VOTIVE CANDLE,1,24,6.959999999999999
3,90214G,"LETTER ""G"" BLING KEY RING",2,24,6.959999999999999
3,90214L,"LETTER ""L"" BLING KEY RING",1,24,6.959999999999999
3,23540,WALL ART THE MAGIC FOREST ,1,1,6.95
3,84638,SMALL KITCHEN FLOWER POTS PLAQUE,1,1,6.95
3,85213,MINI  ZINC GARDEN DECORATIONS ,2,16,6.879999999999999
3,21089,SET/6 GREEN SPRING PAPER CUPS,5,36,6.840000000000001
3,21944,KITTENS DESIGN FLANNEL,3,8,6.8
3,22216,T-LIGHT HOLDER WHITE LACE,2,8,6.8
3,22857,ASSORTED EASTER GIFT TAGS,1,8,6.8
3,79191B,RETRO PLASTIC POLKA TRAY,3,8,6.799999999999999
3,20793,BLUE TILED TRAY,1,1,6.75
3,21371,MIRRORED WALL ART POPPIES,3,9,6.75
3,21462,"NURSERY A,B,C PAINTED LETTERS",1,1,6.75
3,71406C,BLACK ORANGE SQUEEZER,4,16,6.72
3,22451,SILK PURSE BABUSHKA RED,2,2,6.7
3,22229,BUNNY WOODEN PAINTED WITH FLOWER ,4,17,6.63
3,22265,EASTER DECORATION NATURAL CHICK,2,10,6.5
3,20845,ZINC HEART LATTICE 2 WALL PLANTER,1,1,6.35
3,90082A,DIAMANTE BOW BROOCH GREEN COLOUR,1,1,6.35
3,90082B,DIAMANTE BOW BROOCH RED COLOUR,1,1,6.35
3,90082D,DIAMANTE BOW BROOCH BLACK COLOUR,1,1,6.35
3,35965,FOLKART HEART NAPKIN RINGS,2,8,6.32
3,20619,TROPICAL PASSPORT COVER ,2,3,6.300000000000001
3,21051,RIBBONS PURSE ,2,3,6.300000000000001
3,21647,ASSORTED TUTTI FRUTTI LARGE PURSE,3,3,6.300000000000001
3,22703,PINK CAT BOWL,3,3,6.300000000000001
3,85224,ASSORTED COLOUR SILK GLASSES CASE,1,3,6.300000000000001
3,35095B,RED VICTORIAN FABRIC OVAL BOX,4,15,6.3
3,20941,FROG CANDLE,1,5,6.25
3,21030,SPACE CADET RED,3,5,6.25
3,22316,200 BENDY SKULL STRAWS,5,5,6.25
3,23347,I LOVE LONDON BEAKER,4,5,6.25
3,23495,SET OF 3 PANTRY WOODEN SPOONS,3,5,6.25
3,23568,EGG CUP HENRIETTA HEN CREAM ,3,5,6.25
3,35921,EASTER BUNNY HANGING GARLAND,1,5,6.25
3,90032,IVORY SHELL HEART NECKLACE,1,1,6.25
3,37467,PIG MUG IN TWO COLOUR DESIGNS,2,16,6.24
3,84341B,SMALL PINK MAGIC CHRISTMAS TREE,3,16,6.08
3,90093,CLEAR CRYSTAL STAR PHONE CHARM,2,32,6.08
3,10125,MINI FUNKY DESIGN TAPES,2,7,5.95
3,21724,PANDA AND BUNNIES STICKER SHEET,3,7,5.95
3,90145,SILVER HOOP EARRINGS WITH FLOWER,1,1,5.95
3,79191D,RETRO PLASTIC DAISY TRAY,2,7,5.949999999999999
3,15044B,BLUE PAPER PARASOL ,1,2,5.9
3,20664,TROPICAL HOLIDAY PURSE ,1,2,5.9
3,20670,VIP HOLIDAY PURSE,2,2,5.9
3,21738,COSY SLIPPER SHOES SMALL  RED ,2,2,5.9
3,84086C,PINK/PURPLE RETRO RADIO,1,2,5.9
3,84247E,PACK/12 XMAS FUN CARD,2,2,5.9
3,84625C,BLUE NEW BAROQUE CANDLESTICK CANDLE,1,2,5.9
3,90129D,AMBER GLASS TASSLE BAG CHARM,1,2,5.9
3,90177D,DROP DIAMANTE EARRINGS PURPLE,2,2,5.9
3,85202,HANGING WOOD AND FELT HEART,3,14,5.88
3,22812,PACK 3 BOXES CHRISTMAS PANETTONE,2,3,5.85
3,22869,NUMBER TILE COTTAGE GARDEN 1,3,3,5.85
3,37489A,YELLOW/PINK FLOWER DESIGN BIG MUG,6,15,5.85
3,72132,COLUMBIAN CUBE CANDLE,3,3,5.85
3,21161,KEEP OUT BOYS DOOR HANGER ,3,4,5.8
3,21815,STAR  T-LIGHT HOLDER ,2,4,5.8
3,22949,SET OF 36 DOLLY GIRL PAPER DOILIES,2,4,5.8
3,23522,WALL ART DOG AND BALL ,2,2,5.78
3,23561,SET OF 6 RIBBONS PARTY,1,2,5.78
3,23235,STORAGE TIN VINTAGE LEAF,3,2,5.779999999999999
3,23416,CHAMBRE HOOK,2,8,5.64
3,23417,BATHROOM HOOK,3,8,5.64
3,20780,BLACK EAR MUFF HEADPHONES,1,1,5.49
3,20782,CAMOUFLAGE EAR MUFF HEADPHONES,1,1,5.49
3,22808,SET OF 6 T-LIGHTS EASTER CHICKS,2,3,5.45
3,35004C,SET OF 3 COLOURED  FLYING DUCKS,1,1,5.45
3,17084A,TRANQUILITY MASALA INCENSE,1,25,5.25
3,47471,RAINBOW PEGS PHOTO CLIP STRING,4,8,5.2
3,20770,ABSTRACT CIRCLE JOURNAL ,2,2,5.1
3,21556,CERAMIC STRAWBERRY MONEY BOX,2,2,5.1
3,21678,PAISLEY PATTERN  STICKERS,1,6,5.1
3,22268,EASTER DECORATION SITTING BUNNY,1,6,5.1
3,22343,PARTY PIZZA DISH RED RETROSPOT,1,6,5.1
3,22346,PARTY PIZZA DISH GREEN POLKADOT,1,6,5.1
3,22459,CAST IRON HOOK GARDEN TROWEL,1,2,5.1
3,22595,CHRISTMAS GINGHAM HEART,1,6,5.1
3,85086A,CANDY SPOT HEART DECORATION,1,6,5.1
3,85205B,PINK FELT EASTER RABBIT GARLAND,1,2,5.1
3,21311,SET/4 BIRD MIRROR MAGNETS ,5,5,5.07
3,21801,CHRISTMAS TREE DECORATION WITH BELL,2,12,5.04
3,22135,LADLE LOVE HEART PINK,1,12,5.04
3,22535,MAGIC DRAWING SLATE BUNNIES ,9,12,5.04
3,23441,HAND PAINTED HANGING EASTER EGG,2,12,5.04
3,72024U,LILAC VOTIVE CANDLE,1,24,5.04
3,84228,HEN HOUSE WITH CHICK STANDING,1,12,5.04
3,84247L,FAWN AND MUSHROOM GREETING CARD,1,12,5.04
3,21356,TOAST ITS - FAIRY FLOWER,3,4,5.0
3,21413,PERIWINKLE T-LIGHT HOLDER,1,4,5.0
3,21775,DECORATIVE FLORE BATHROOM BOTTLE,3,4,5.0
3,23124,18PC WOODEN CUTLERY SET DISPOSABLE,2,4,5.0
3,85200,BUNNY EGG BOX,1,4,5.0
3,23150,IVORY SWEETHEART SOAP DISH,2,2,4.98
3,20835,FRENCH LATTICE CUSHION COVER ,1,6,4.9799999999999995
3,21246,RED RETROSPOT BIG BOWL,1,1,4.95
3,23180,MUM'S KITCHEN CLOCK,1,1,4.95
3,23537,WALL ART I LOVE LONDON ,1,1,4.95
3,84708B,PINK JEWELLED PHOTO FRAME ,1,1,4.95
3,85031A,ROMANTIC IMAGES SCRAP BOOK SET,1,1,4.95
3,90019B,GOLD M.O.P ORBIT BRACELET,1,1,4.95
3,90079,VINTAGE ENAMEL & CRYSTAL NECKLACE,1,1,4.95
3,90156,RESIN BRACELET W PASTEL BEADS,1,1,4.95
3,90161A,ANT COPPER RED BOUDICCA BRACELET,1,1,4.95
3,20778,GARDEN PATH NOTEBOOK ,1,3,4.949999999999999
3,21202,DOLLY HONEYCOMB GARLAND,2,3,4.949999999999999
3,21318,GLASS CHALICE BLUE SMALL ,1,3,4.949999999999999
3,21319,GLASS CHALICE GREEN  SMALL ,1,3,4.949999999999999
3,21448,12 DAISY PEGS IN WOOD BOX,3,3,4.949999999999999
3,90170,DAISY HAIR BAND,1,3,4.949999999999999
3,71496B,A4 WALL TIDY RED FLOWERS,3,9,4.7700000000000005
3,47420,ASSORTED COLOUR SUCTION CUP HOOK,2,25,4.750000000000001
3,85211,S/4 GROOVY CAT MAGNETS,1,6,4.74
3,37489B,BLUE/YELLOW FLOWER DESIGN BIG MUG,4,12,4.68
3,79149B,SILICON STAR BULB  BLUE,2,11,4.62
3,21087,SET/6 POSIES PAPER CUPS,1,7,4.55
3,21814,HEART T-LIGHT HOLDER ,1,3,4.35
3,79191C,RETRO PLASTIC ELEPHANT TRAY,10,5,4.25
3,84686,BEACH HUT MIRROR,1,1,4.25
3,90001D,ANTIQUE OLIVE GREEN FLOWER EARRINGS,1,1,4.25
3,90023,FILIGREE DIAMANTE EARRINGS,1,1,4.25
3,20618,QUEEN OF THE SKIES PASSPORT COVER ,2,2,4.2
3,22878,NUMBER TILE COTTAGE GARDEN No,2,2,4.2
3,79151B,"SILICON CUBE 25W, BLUE",1,10,4.2
3,79190A,RETRO PLASTIC 70'S TRAY,1,10,4.2
3,85197,SET OF 12 MINI BUNNIES IN A BUCKET,2,2,4.2
3,85225,BLING KEY RING STAND,1,4,4.0
3,21332,MOROCCAN BEATEN METAL MIRROR,1,1,3.95
3,84231,EASTER BUNNY WITH BASKET ON BACK,1,6,3.9000000000000004
3,22870,NUMBER TILE COTTAGE GARDEN 2,2,2,3.9
3,22873,NUMBER TILE COTTAGE GARDEN 5,2,2,3.9
3,23578,SNACK TRAY RED GINGHAM,1,2,3.9
3,78034B,BLUE NETTING STORAGE HANGER,2,2,3.9
3,84527,FLAMES SUNGLASSES PINK LENSES,2,2,3.9
3,84531A,PINK KNITTED EGG COSY,1,2,3.9
3,84673B,BLUE FLY SWAT,3,6,3.9
3,84741C,CITRUS GARLAND FELT FLOWERS ,1,2,3.9
3,35607B,BLACK FEATHER CHRISTMAS DECORATION,2,20,3.8
3,10124G,ARMY CAMO BOOKCOVER TAPE,2,9,3.7800000000000002
3,17014A,ORIGAMI VANILLA INCENSE CONES,2,9,3.7800000000000002
3,21807,WHITE CHRISTMAS STAR DECORATION,2,9,3.7800000000000002
3,79144B,PAINTED LIGHTBULB STAR+ MOON,3,9,3.7800000000000002
3,90214S,"LETTER ""S"" BLING KEY RING",2,13,3.7699999999999996
3,20658,RED RETROSPOT LUGGAGE TAG,1,3,3.75
3,20847,ZINC HEART LATTICE CHARGER LARGE,1,1,3.75
3,21066,VINTAGE RED MUG,3,3,3.75
3,21836,GINGHAM OVEN GLOVE RED HEART ,1,1,3.75
3,22204,MILK PAN BLUE POLKADOT,3,1,3.75
3,22254,FELT TOADSTOOL LARGE,1,3,3.75
3,23523,WALL ART TREASURE AHOY ,1,1,3.75
3,23524,WALL ART HORSE & PONY ,1,1,3.75
3,23527,WALL ART ANIMALS AND NATURE ,1,1,3.75
3,23528,WALL ART SPACEBOY,1,1,3.75
3,71053,WHITE MOROCCAN METAL LANTERN,1,1,3.75
3,79067,CORONA MEXICAN TRAY,1,1,3.75
3,84497,BUTTONS AND STRIPES NOTEBOOK ,1,1,3.75
3,84509E,SET OF 4 CAROUSEL PLACEMATS ,1,1,3.75
3,84748,FOLK FELT HANGING MULTICOL GARLAND,1,1,3.75
3,84763,ZINC FINISH 15CM PLANTER POTS,1,3,3.75
3,85131A,BEADED PEARL HEART WHITE ON STICK,1,3,3.75
3,90013C,GREEN VINTAGE EARRINGS ,1,1,3.75
3,90025A,BAROQUE BUTTERFLY EARRINGS BLACK,1,1,3.75
3,21946,PARTY TIME DESIGN FLANNEL,2,7,3.6500000000000004
3,90214A,"LETTER ""A"" BLING KEY RING",1,12,3.4799999999999995
3,90214B,"LETTER ""B"" BLING KEY RING",1,12,3.4799999999999995
3,90214C,"LETTER ""C"" BLING KEY RING",1,12,3.4799999999999995
3,90214D,"LETTER ""D"" BLING KEY RING",1,12,3.4799999999999995
3,90214E,"LETTER ""E"" BLING KEY RING",1,12,3.4799999999999995
3,90214F,"LETTER ""F"" BLING KEY RING",1,12,3.4799999999999995
3,90214H,"LETTER ""H"" BLING KEY RING",1,12,3.4799999999999995
3,90214I,"LETTER ""I"" BLING KEY RING",1,12,3.4799999999999995
3,90214J,"LETTER ""J"" BLING KEY RING",1,12,3.4799999999999995
3,90214K,"LETTER ""K"" BLING KEY RING",1,12,3.4799999999999995
3,90214M,"LETTER ""M"" BLING KEY RING",1,12,3.4799999999999995
3,90214N,"LETTER ""N"" BLING KEY RING",1,12,3.4799999999999995
3,90214O,"LETTER ""O"" BLING KEY RING",1,12,3.4799999999999995
3,90214P,"LETTER ""P"" BLING KEY RING",1,12,3.4799999999999995
3,90214R,"LETTER ""R"" BLING KEY RING",1,12,3.4799999999999995
3,90214T,"LETTER ""T"" BLING KEY RING",1,12,3.4799999999999995
3,90214U,"LETTER ""U"" BLING KEY RING",1,12,3.4799999999999995
3,90214V,"LETTER ""V"" BLING KEY RING",1,12,3.4799999999999995
3,90214W,"LETTER ""W"" BLING KEY RING",1,12,3.4799999999999995
3,90214Z,"LETTER ""Z"" BLING KEY RING",1,12,3.4799999999999995
3,21943,CAKES AND RABBITS DESIGN FLANNEL ,2,4,3.4
3,79157V,UBO-LIGHT TRIOBASE PURPLE,2,4,3.4
3,84975,HEART SHAPED MIRROR,1,2,3.38
3,44089A,PINK GAUZE BUTTERFLY LAMPSHADE,1,8,3.36
3,35649,VINTAGE BEAD COSMETIC BAG ,1,1,3.35
3,20775,DAISY NOTEBOOK ,1,2,3.3
3,21190,PINK HEARTS PAPER GARLAND,2,2,3.3
3,21198,WHITE HEART CONFETTI IN TUBE,2,2,3.3
3,22861,EASTER TIN CHICKS IN GARDEN,1,2,3.3
3,84033,FLAG OF ST GEORGE ,1,2,3.3
3,85025C,PINK HEART SHAPE PHOTO FRAME,1,2,3.3
3,20684,STRAWBERRY DREAM CHILDS UMBRELLA,1,1,3.25
3,71496A,A4 WALL TIDY BLUE OFFICE,2,6,3.1800000000000006
3,84951A,SET OF 4 PISTACHIO LOVEBIRD COASTER,2,4,3.16
3,84951B,SET OF 4 BLACK LOVEBIRD COASTERS,2,4,3.16
3,21372,MIRRORED WALL ART TABLE LAMP,3,4,3.0
3,23702,High Resolution Image,1,2,3.0
3,20666,ECONOMY HOLIDAY PURSE,1,1,2.95
3,21253,SET OF PICTURE FRAME  STICKERS,1,1,2.95
3,22272,FELTCRAFT DOLL MARIA,1,1,2.95
3,22903,CALENDAR FAMILY FAVOURITES,1,1,2.95
3,22934,BAKING MOULD EASTER EGG WHITE CHOC,1,1,2.95
3,35598C,WHITE CHRISTMAS TREE 60CM,1,1,2.95
3,45013,FOLDING SHOE TIDY,1,1,2.95
3,71403,"PINK/WHITE ""KEEP CLEAN"" BULLET BIN",1,1,2.95
3,79161A,ST GEORGE SET OF 10 PARTY LIGHTS,1,1,2.95
3,84706F,RED PEONY TABLE CLOCK,1,1,2.95
3,85104,SILVER GLASS T-LIGHT SET,1,1,2.95
3,85185B,PINK HORSE SOCK PUPPET,1,1,2.95
3,90014B,GOLD M.O.P. ORBIT NECKLACE,1,1,2.95
3,90130B,TURQ STONE/CRYSTAL EARRINGS,1,1,2.95
3,90162B,ANT SILVER LIME GREEN BOUDICCA RING,3,1,2.95
3,90162C,ANT SILVER FUSCHIA BOUDICCA RING,1,1,2.95
3,90162D,ANT SILVER PURPLE BOUDICCA RING,1,1,2.95
3,90183A,AMBER DROP EARRINGS W LONG BEADS,1,1,2.95
3,90186B,CRYSTAL HOOP EARRING FLORAL LEAF,1,1,2.95
3,90190C,SILVER/AMETHYST DROP EARRINGS LEAF,1,1,2.95
3,90195A,PURPLE GEMSTONE BRACELET,1,1,2.95
3,22538,MINI JIGSAW GO TO THE FAIR,3,7,2.94
3,22545,MINI JIGSAW BUNNIES,2,13,2.9299999999999997
3,21171,BATHROOM METAL SIGN ,1,2,2.9
3,84806A,PINK CANDYSTUFT ARTIFICIAL FLOWER,1,2,2.9
3,22100,SKULLS SQUARE TISSUE BOX,5,5,2.81
3,84673A,PINK FLY SWAT,1,4,2.6
3,18097A,PINK TALL PORCELAIN T-LIGHT HOLDER ,1,1,2.55
3,20794,BLUE  TILE HOOK,1,1,2.55
3,21040,MODERN VINTAGE COTTON SHOPPING BAG,1,1,2.55
3,21278,VINTAGE KITCHEN PRINT PUDDINGS,1,1,2.55
3,21281,VINTAGE KITCHEN PRINT SEAFOOD,1,1,2.55
3,35914,PINK CHICK EGG WARMER + EGG CUP,2,3,2.55
3,84508A,CAMOUFLAGE DESIGN TEDDY,1,1,2.55
3,84931A,PINK SCOTTIE DOG W FLOWER PATTERN,1,1,2.55
3,90054,CRACKED GLAZE EARRINGS RED,1,1,2.55
3,90101,WHITE FRANGIPANI NECKLACE,1,1,2.55
3,90188,DROP EARRINGS W FLOWER & LEAF,1,1,2.55
3,18007,ESSENTIAL BALM 3.5g TIN IN ENVELOPE,1,14,2.52
3,21027,NINJA RABBIT PINK,1,2,2.5
3,21028,NINJA RABBIT BLACK,1,2,2.5
3,21221,SET/4 BADGES CUTE CREATURES,2,2,2.5
3,23125,6PC WOOD PLATE SET DISPOSABLE,1,2,2.5
3,35591T,TURQUOISE CHRISTMAS TREE ,1,2,2.5
3,35833P,4 PINK FLOCK CHRISTMAS BALLS,2,2,2.5
3,35912B,WHITE/PINK CHICK DECORATION,2,2,2.5
3,47593A,CAROUSEL PONIES BABY BIB,1,2,2.5
3,51020B,STRIPY DESIGN SHOWER CAP,1,2,2.5
3,72801D,4 SKY BLUE DINNER CANDLES,1,2,2.5
3,21038,SET/4 MODERN VINTAGE COTTON NAPKINS,1,3,2.37
3,37489C,GREEN/BLUE FLOWER DESIGN BIG MUG,1,6,2.34
3,79030D,TUMBLER BAROQUE,1,6,2.34
3,79030G,TUMBLER NEW ENGLAND,1,6,2.34
3,79164,BLACK WINE GLASS,1,6,2.34
3,37462E,"PET MUG, GOLDFISH",1,12,2.2800000000000002
3,90083,CRYSTAL CZECH CROSS PHONE CHARM,1,12,2.2800000000000002
3,90089,PINK CRYSTAL SKULL PHONE CHARM,1,12,2.2800000000000002
3,21654,RIDGED GLASS FINGER BOWL,2,3,2.23
3,84989A,75 GREEN FAIRY CAKE CASES,3,4,2.2
3,17165D,ASS COL LARGE SAND FROG P'WEIGHT,1,2,2.1
3,20861,GOLD COSMETIC BAG PINK STAR,1,1,2.1
3,21307,SET/4 BUTTERFLY MIRROR MAGNETS,1,1,2.1
3,21414,SCALLOP SHELL SOAP DISH,1,1,2.1
3,84846A,SCENTED CANDLE IN DIGITALIS TIN,1,1,2.1
3,90125D,PURPLE BERTIE GLASS BEAD BAG CHARM,1,1,2.1
3,90209B,GREEN ENAMEL+GLASS HAIR COMB,1,1,2.1
3,23203,JUMBO BAG VINTAGE DOILEY ,1,1,2.08
3,47469,ASSORTED SHAPES PHOTO CLIP SILVER ,1,3,1.9500000000000002
3,21043,APRON MODERN VINTAGE COTTON,1,1,1.95
3,22868,NUMBER TILE COTTAGE GARDEN 0 ,1,1,1.95
3,22871,NUMBER TILE COTTAGE GARDEN 3 ,1,1,1.95
3,22872,NUMBER TILE COTTAGE GARDEN 4,1,1,1.95
3,22874,NUMBER TILE COTTAGE GARDEN 6,1,1,1.95
3,22876,NUMBER TILE COTTAGE GARDEN 8,1,1,1.95
3,22877,NUMBER TILE COTTAGE GARDEN 9,1,1,1.95
3,22884,NUMBER TILE VINTAGE FONT 5,1,1,1.95
3,22885,NUMBER TILE VINTAGE FONT 6 ,1,1,1.95
3,35910B,PINK FLOWERS RABBIT EASTER,1,1,1.95
3,84313B,BLUE TV TRAY TABLE ,1,1,1.95
3,35968,FOLK ART METAL HEART T-LIGHT HOLDER,1,5,1.9
3,16254,TRANSPARENT ACRYLIC TAPE DISPENSER,2,2,1.7
3,20733,GOLD MINI TAPE MEASURE ,2,2,1.7
3,21723,ALPHABET HEARTS STICKER SHEET,1,2,1.7
3,21725,SWEETIES  STICKERS,1,2,1.7
3,35911A,MULTICOLOUR RABBIT EGG WARMER,1,2,1.7
3,40005B,BLUE ORGANDY ROUND LAMPSHADE W BEA,1,2,1.7
3,46118,FUNKY MONKEY CUSHION COVER,1,2,1.7
3,47481,50CM METAL STRING WITH  7 CLIPS,1,2,1.7
3,85006,SET 4 NURSERY DES ROUND BOXES,1,2,1.7
3,84849A,HELLO SAILOR BLUE SOAP HOLDER,1,1,1.69
3,10124A,SPOTS ON RED BOOKCOVER TAPE,1,4,1.68
3,20856,DENIM PATCH PURSE PINK BUTTERFLY,1,1,1.65
3,21370,MIRRORED WALL ART FOXY,1,1,1.65
3,22198,LARGE POPCORN HOLDER ,1,1,1.65
3,23664,FLOWER SHOP DESIGN MUG,1,1,1.65
3,84388,WISE MAN STAR SHAPE EGG PAN,1,1,1.65
3,84549,CROCHET WHITE RABBIT KEYRING ,1,1,1.65
3,85214,TUB 24 PINK FLOWER PEGS,1,1,1.65
3,90205C,LARGE CRYSTAL DIAMANTE HAIRSLIDE,1,1,1.65
3,84751B,BLACK MEDIUM GLASS CAKE STAND,1,2,1.58
3,51020A,SUMMER FUN DESIGN SHOWER CAP,2,2,1.54
3,21816,CHRISTMAS TREE T-LIGHT HOLDER,1,1,1.45
3,17164B,ASS COL SMALL SAND GECKO P'WEIGHT,2,3,1.26
3,44235,ASSORTED COLOURED CIRCLE MOBILE ,1,3,1.26
3,20655,QUEEN OF SKIES LUGGAGE TAG,1,1,1.25
3,20867,PINK ROSE FABRIC MIRROR,1,1,1.25
3,20980,36 PENCILS TUBE POSY,1,1,1.25
3,21025,SPACE FROG,1,1,1.25
3,21067,VINTAGE RED TEATIME MUG,1,1,1.25
3,21219,SET/4 BADGES BALLOON GIRL,1,1,1.25
3,21272,SALLE DE BAIN HOOK,1,1,1.25
3,21357,TOAST ITS - DINOSAUR,1,1,1.25
3,21827,EIGHT PIECE CREEPY CRAWLIE SET,1,1,1.25
3,22686,FRENCH BLUE METAL DOOR SIGN No,1,1,1.25
3,72801G,4 BURGUNDY WINE DINNER CANDLES,1,1,1.25
3,77101A,UNION FLAG WINDSOCK,1,1,1.25
3,84597C,RETRO PINK BALL ASHTRAY ,1,1,1.25
3,84744,S/6 SEW ON CROCHET FLOWERS,1,1,1.25
3,90071,RUBY GLASS CLUSTER EARRINGS,1,1,1.25
3,23415,HOME SWEET HOME HOOK,1,3,1.17
3,85160B,BLACK BIRD GARDEN DESIGN MUG,1,3,1.17
3,84206A,3 BLACK CATS W HEARTS BLANK CARD,1,6,1.1400000000000001
3,81953B,ROUND BLUE CLOCK WITH SUCKER,1,6,1.14
3,35265,COLOURFUL FLOWER FRUIT BOWL,1,1,1.0
3,84206B,CAT WITH SUNGLASSES BLANK CARD,1,5,0.95
3,81950B,FLOWER BLUE CLOCK WITH SUCKER,1,3,0.8699999999999999
3,10002,INFLATABLE POLITICAL GLOBE ,1,1,0.85
3,21719,LOVELY BONBON STICKER SHEET,1,1,0.85
3,22157,ANGEL DECORATION WITH LACE PADDED,1,1,0.85
3,22250,DECORATION  BUTTERFLY  MAGIC GARDEN,1,1,0.85
3,35913B,WHITE/PINK CHICK EASTER DECORATION,1,1,0.85
3,72140E,BEST DAD CANDLE LETTERS,1,1,0.85
3,72709,IVORY SCULPTED RND CANDLE ,1,1,0.85
3,72780,BLACK SILOUETTE CANDLE PLATE,1,1,0.85
3,79157B,UBO-LIGHT TRIOBASE BLUE,1,1,0.85
3,16162M,THE KING GIFT BAG 25x24x12cm,1,2,0.84
3,22541,MINI JIGSAW LEAP FROG,1,2,0.84
3,35095A,BLUE VICTORIAN FABRIC OVAL BOX,1,2,0.84
3,35810B,ENAMEL BLUE RIM COFFEE CONTAINER,1,1,0.83
3,21698,MOCK LOBSTER FRIDGE MAGNET,1,2,0.78
3,16010,FOLDING CAMPING SCISSOR W/KNIF & S,1,6,0.72
3,16162L,THE KING GIFT BAG,1,1,0.65
3,81950V,FLOWER PURPLE CLOCK WITH SUCKER,1,2,0.58
3,79063C,"RETRO PILL BOX KEY CHAIN,THE KING",3,3,0.5700000000000001
3,79063D,"RETRO PILL BOX , REVOLUTIONARY",3,3,0.5700000000000001
3,84206C,CHAMPAGNE TRAY BLANK CARD,1,3,0.5700000000000001
3,47518F,ICON PLACEMAT POP ART ELVIS,1,4,0.48
3,47421,ASSORTED COLOUR LIZARD SUCTION HOOK,1,1,0.42
3,71215,METAL BASE FOR CANDLES,1,1,0.42
3,84596E,SMALL LICORICE DES PINK BOWL,1,1,0.42
3,37468,HARDMAN MUG 3 ASSORTED,1,1,0.39
3,47348A,FUSCHIA VOILE POINTY SHOE DEC,1,1,0.39
3,84927D,LA PALMIERA TILE HOOK,1,1,0.39
3,79337,BLUE FLOCK GLASS CANDLEHOLDER,1,1,0.38
3,84201B,HAPPY BIRTHDAY CARD STRIPEY TEDDY,1,1,0.19
3,PADS,PADS TO MATCH ALL CUSHIONS,1,1,0.001
3,22503,CABIN BAG VINTAGE PAISLEY,2,0,0.0
3,22832,BROCANTE SHELF WITH HOOKS,2,0,0.0
3,22848,BREAD BIN DINER STYLE PINK,2,0,0.0
3,23843,"PAPER CRAFT , LITTLE BIRDIE",2,0,0.0
3,46138B,BLUE CHENILLE SHAGGY CUSHION COVER ,2,0,0.0
3,85163B,BLACK BAROQUE WALL CLOCK ,2,0,0.0
3,90143,SILVER BRACELET W PASTEL FLOWER,2,0,0.0
3,90148,LONG SILVER NECKLACE PASTEL FLOWER,2,0,0.0
3,22394,PAPERWEIGHT KINGS CHOICE ,1,-6,-15.299999999999999
3,84840,SWEETHEART CARRY-ALL BASKET,1,-2,-17.0
3,85019C,CURIOUS  IMAGES NOTEBOOK SET,2,12,-21.0
3,M,Manual,42,-490,-822.53
